eutl_holder_id,jurisdiction,match_path,matched,ambiguous,n_candidates
ba4419fa04,AT,none,False,False,0
a7500630cd,AT,lei_declared,True,False,1
61f059e7e1,AT,none,False,False,0
49be661254,AT,register_qualified,True,False,1
398b8be09c,AT,lei_declared,True,False,1
ead3a119ce,AT,lei_declared,True,False,1
302b7a1f1f,AT,none,False,False,0
2dc5baf42a,AT,none,False,False,0
689554c176,AT,none,False,False,0
f1e7adb74a,AT,register_qualified,True,False,1
b744c469bc,AT,lei_declared,True,False,1
61a62807c0,AT,lei_declared,True,False,1
1f0930c2b3,AT,lei_declared,True,False,1
c679e885cf,AT,lei_declared,True,False,1
e810e6364a,AT,none,False,False,0
db08cd8d8e,AT,none,False,False,0
2140407cf9,AT,none,False,False,0
c3fc8226bc,AT,none,False,False,0
0960a3b040,AT,none,False,False,0
42aa223428,AT,none,False,False,0
a4dc3519de,AT,none,False,False,0
a2b6140f21,AT,lei_declared,True,False,1
874945966a,AT,none,False,False,0
ae26ed99fc,AT,lei_declared,True,False,1
e32dd0892a,AT,lei_declared,True,False,1
5aa02191f5,AT,lei_declared,True,False,1
4061f2ccb6,AT,none,False,False,0
07c75412f7,AT,lei_declared,True,False,1
fcda5f5612,AT,none,False,False,0
92414761e7,AT,lei_declared,True,False,1
4e26517007,AT,none,False,False,0
1bc1e63100,AT,lei_declared,True,False,1
63e7750490,AT,none,False,False,0
a77baa9fc0,AT,none,False,False,0
2ba119f6b0,AT,none,False,False,0
5e5dc81271,AT,lei_declared,True,False,1
2869af5cd1,AT,none,False,False,0
8d92818299,AT,lei_declared,True,False,1
f7763f511c,AT,none,False,False,0
cdbccff901,AT,none,False,False,0
33be99bc4c,AT,lei_declared,True,False,1
d787d257aa,AT,lei_declared,True,False,1
bef17c7833,AT,none,False,False,0
6f1f07a0e6,AT,lei_declared,True,False,1
3254e55ca4,AT,none,False,False,0
7558e61771,AT,none,False,False,0
b4a6c049a0,AT,none,False,False,0
44d669f6d9,AT,none,False,False,0
46aeff5602,AT,lei_declared,True,False,1
decf9b8f03,AT,none,False,False,0
f54fce3690,AT,none,False,False,0
aab3e032c8,AT,lei_declared,True,False,1
9dc4019880,AT,none,False,False,0
933546bbec,AT,lei_declared,True,False,1
5be6ebd0c2,AT,lei_declared,True,False,1
79ff0b4bfb,AT,lei_declared,True,False,1
ca99422ff0,AT,lei_declared,True,False,1
8365ebe8d0,AT,lei_declared,True,False,1
7386e73ed1,AT,none,False,False,0
b6cae10c75,AT,none,False,False,0
43fe67faf8,AT,lei_declared,True,False,1
6ae7d687b0,AT,lei_declared,True,False,1
ee4fe66bf3,AT,none,False,False,0
4855a42aec,AT,none,False,False,0
cd5d4fbcd8,AT,lei_declared,True,False,1
3bac90c31d,AT,none,False,False,0
f7e4ed26ca,AT,none,False,False,0
44c50253f8,AT,none,False,False,0
4230b314a2,AT,none,False,False,0
7f1ece2932,AT,none,False,False,0
d5a42f8e19,AT,lei_declared,True,False,1
148cabc4ae,AT,lei_declared,True,False,1
52fbb52054,AT,none,False,False,0
6994e3d4e1,AT,lei_declared,True,False,1
0e4a6cfb7d,AT,lei_declared,True,False,1
c46e6ffc89,AT,lei_declared,True,False,1
7c89ed188b,AT,lei_declared,True,False,1
e1acb75c53,AT,none,False,False,0
b5d76cbe38,AT,none,False,False,0
f7620b3e8c,AT,none,False,False,0
8f161f56a9,AT,lei_declared,True,False,1
aef50c0b98,AT,none,False,False,0
ec21d1f147,AT,lei_declared,True,False,1
af74a1c355,AT,lei_declared,True,False,1
af00a194f8,AT,lei_declared,True,False,1
dcc5f38ca7,AT,lei_declared,True,False,1
34c5486c74,AT,none,False,False,0
0ddbf9f788,AT,none,False,False,0
867b94f292,AT,none,False,False,0
6b88ec61a4,AT,lei_declared,True,False,1
6f4b99275b,AT,none,False,False,0
213d572a00,AT,none,False,False,0
69faa730fc,AT,none,False,False,0
5e07a2d1bb,AT,lei_declared,True,False,1
3e5b5d73e8,AT,lei_declared,True,False,1
03305cf10e,AT,none,False,False,0
1c98894126,AT,lei_declared,True,False,1
0d532484d0,AT,lei_declared,True,False,1
ef125d1f64,AT,none,False,False,0
5fc0496ccd,AT,none,False,False,0
6cf95fc351,AT,none,False,False,0
cd920a7e25,AT,none,False,False,0
6ffb935fe9,AT,none,False,False,0
ea7ee5fdd2,AT,none,False,False,0
456cb62065,AT,lei_declared,True,False,1
87a9c6dc9e,AT,none,False,False,0
62eeaab6db,AT,none,False,False,0
378e4d1914,AT,none,False,False,0
c2ef63b89f,AT,lei_declared,True,False,1
5465207163,AT,none,False,False,0
e64806501d,AT,lei_declared,True,False,1
ebf2c568a6,AT,lei_declared,True,False,1
8238c87537,AT,none,False,False,0
b5344b3b55,AT,lei_declared,True,False,1
291d67ae83,AT,none,False,False,0
dd723fd08d,AT,none,False,False,0
fb16a654b1,AT,lei_declared,True,False,1
e52f342e56,AT,none,False,False,0
bb21f758c9,AT,lei_declared,True,False,1
7d156cd974,AT,lei_declared,True,False,1
543c6cd99a,AT,none,False,False,0
f6f5a89644,AT,lei_declared,True,False,1
568733a6fe,AT,none,False,False,0
d6e3c4232f,AT,none,False,False,0
04c79d6e7d,AT,lei_declared,True,False,1
7e6986819f,AT,lei_declared,True,False,1
0f1c4e73cf,AT,lei_declared,True,False,1
daf3f5fe8b,AT,lei_declared,True,False,1
7f2283998b,AT,none,False,False,0
9737a66e70,AT,lei_declared,True,False,1
4046b21def,AT,none,False,False,0
1904abdc98,AT,none,False,False,0
35009f19f6,AT,lei_declared,True,False,1
f127e8fb54,AT,none,False,False,0
cbaacfa7b4,AT,lei_declared,True,False,1
49850eb9f1,AT,none,False,False,0
f254e7f402,AT,lei_declared,True,False,1
7dee373be2,AT,lei_declared,True,False,1
e079735aac,AT,lei_declared,True,False,1
3843099664,AT,none,False,False,0
a98a338433,AT,none,False,False,0
26f0518773,AT,lei_declared,True,False,1
29a12158ac,AT,lei_declared,True,False,1
b4fbfe0211,AT,lei_declared,True,False,1
0dc0a6c611,AT,lei_declared,True,False,1
0fd28e7486,AT,lei_declared,True,False,1
26b44c23d7,AT,lei_declared,True,False,1
7a362bb43a,AT,none,False,False,0
2caba543b4,AT,none,False,False,0
0838784291,AT,none,False,False,0
603855d747,AT,none,False,False,0
d90c82201c,AT,lei_declared,True,False,1
56b4f0a630,AT,none,False,False,0
2440ca97ca,AT,none,False,False,0
940ecb8ed9,AT,lei_declared,True,False,1
79f3b19843,AT,none,False,False,0
38385f0039,AT,none,False,False,0
1d5b017cb4,AT,none,False,False,0
16c89707b4,AT,lei_declared,True,False,1
b2ce456e02,AT,none,False,False,0
e84586b490,AT,none,False,False,0
420b8889a6,AT,none,False,False,0
7e307b0f23,AT,none,False,False,0
bbe2c3d1e6,AT,lei_declared,True,False,1
468873fb0e,AT,lei_declared,True,False,1
e64c051383,AT,none,False,False,0
26e397c5b1,AT,none,False,False,0
a6fc140646,AT,lei_declared,True,False,1
f3d289d5aa,AT,lei_declared,True,False,1
4793efd28a,AT,lei_declared,True,False,1
a405719dcd,AT,lei_declared,True,False,1
bbad7f3c34,AT,lei_declared,True,False,1
a6e9d9531e,AT,none,False,False,0
4b3121e993,AT,none,False,False,0
0cae53882b,AT,none,False,False,0
3cdf8220d0,AT,none,False,False,0
11da84e24d,AT,none,False,False,0
00bb82da97,AT,lei_declared,True,False,1
26006adb02,AT,lei_declared,True,False,1
1e456833f4,AT,lei_declared,True,False,1
a2c976d027,AT,none,False,False,0
c4bc489786,AT,none,False,False,0
90dcd59d8e,AT,lei_declared,True,False,1
ab981a1dd7,AT,lei_declared,True,False,1
8bc435bc8d,AT,lei_declared,True,False,1
d384b5c180,AT,lei_declared,True,False,1
55dd50cc26,AT,none,False,False,0
d386a58164,AT,none,False,False,0
05553f0105,AT,lei_declared,True,False,1
3b39324206,AT,none,False,False,0
f838b3ced7,AT,none,False,False,0
bc3a2fe0c3,AT,none,False,False,0
4112287142,AT,none,False,False,0
1a7e4b6783,AT,none,False,False,0
695d150155,AT,none,False,False,0
209c830559,AT,none,False,False,0
8845443b36,AT,none,False,False,0
4dbb5226a9,AT,lei_declared,True,False,1
95bbcde844,AT,lei_declared,True,False,1
0d6576dbaa,AT,none,False,False,0
073808a4e7,AT,none,False,False,0
334814fca0,AT,none,False,False,0
e9f0012a2a,AT,lei_declared,True,False,1
ee5456f053,AT,lei_declared,True,False,1
bc839c7c10,AT,lei_declared,True,False,1
828fb40a1d,AT,none,False,False,0
0f08115b32,AT,none,False,False,0
5e5ee9c12c,AT,none,False,False,0
2c0e79c4cc,AT,none,False,False,0
17537094a4,AT,none,False,False,0
1db3487525,AT,lei_declared,True,False,1
27b8cea2a1,AT,none,False,False,0
899d4de955,AT,lei_declared,True,False,1
2208ab18c8,AT,none,False,False,0
d118ff00ed,AT,none,False,False,0
da8e7b7d8d,AT,none,False,False,0
abbb5a900f,AT,lei_declared,True,False,1
2e5604d6b0,AT,lei_declared,True,False,1
31cdc96b69,AT,none,False,False,0
3356544987,AT,none,False,False,0
1f78682d41,AT,none,False,False,0
921497fad6,AT,lei_declared,True,False,1
550cad4274,AT,none,False,False,0
6450afdc20,AT,none,False,False,0
6b8bf9bcc8,AT,lei_declared,True,False,1
5c9c14e65f,AT,none,False,False,0
b2484c9452,AT,lei_declared,True,False,1
8fab724aee,AT,none,False,False,0
471a342de1,AT,none,False,False,0
461f75ce51,AT,lei_declared,True,False,1
510fe9f639,AT,lei_declared,True,False,1
fd82a594b0,AT,none,False,False,0
e643053ecb,AT,lei_declared,True,False,1
ecf7723bc4,AT,none,False,False,0
db46132ac3,AT,none,False,False,0
1680849f86,AT,none,False,False,0
574ffacf14,AT,lei_declared,True,False,1
8534509e5c,AT,none,False,False,0
5d9ecc64d6,AT,none,False,False,0
d5a6cd2d9d,AT,none,False,False,0
e12d842ae2,AT,lei_declared,True,False,1
f5f71a4aa0,AT,none,False,False,0
08457ed7cf,AT,none,False,False,0
01b3a02041,AT,register_qualified,True,False,1
b894ff1880,AT,none,False,False,0
bfc66443b8,AT,lei_declared,True,False,1
c7b4fcfa47,AT,none,False,False,0
6e510444df,AT,none,False,False,0
08dbea4d6b,AT,register_qualified,True,False,1
fb25796a63,AT,lei_declared,True,False,1
1ae4b34653,AT,none,False,False,0
87ef8fb4c5,AT,none,False,False,0
fedd91392b,AT,none,False,False,0
c65211c989,AT,none,False,False,0
72d5462e98,AT,none,False,False,0
a8a907de25,AT,none,False,False,0
4ebbbd9cae,AT,lei_declared,True,False,1
8cb3c6159f,AT,lei_declared,True,False,1
3cbea80306,AT,lei_declared,True,False,1
0c115ee287,AT,lei_declared,True,False,1
fa192d5d53,AT,none,False,False,0
35ab78cebc,AT,none,False,False,0
27b3f77ff2,AT,none,False,False,0
da47f2675c,AT,none,False,False,0
c7cc5adfa9,AT,lei_declared,True,False,1
c9c36a5d42,AT,none,False,False,0
20eb1a59b6,AT,none,False,False,0
ec897e194d,AT,lei_declared,True,False,1
55aab03b81,AT,lei_declared,True,False,1
5bf82d8674,AT,lei_declared,True,False,1
6c64d7da72,AT,lei_declared,True,False,1
d42a9fed09,AT,lei_declared,True,False,1
bf3006b3f2,AT,lei_declared,True,False,1
e5dcca0ba9,AT,lei_declared,True,False,1
a821bfbd79,AT,lei_declared,True,False,1
d1011d87ab,AT,lei_declared,True,False,1
59bc5f742d,AT,lei_declared,True,False,1
1d34c719dd,AT,lei_declared,True,False,1
50ffbf0da6,AT,none,False,False,0
31a86d954d,AT,none,False,False,0
94b572750e,AT,none,False,False,0
7c33033b73,AT,lei_declared,True,False,1
103eab9932,AT,none,False,False,0
79c38cb77c,AT,lei_declared,True,False,1
f0813589f1,AT,none,False,False,0
e339f318f0,AT,none,False,False,0
5a5363f0fe,AT,none,False,False,0
ca2c01eadf,AT,lei_declared,True,False,1
4414c121dc,AT,none,False,False,0
bb1901d9e1,AT,none,False,False,0
fe6e93d4ef,AT,none,False,False,0
0fefbc0a4a,AT,none,False,False,0
999b235305,AT,none,False,False,0
1eca900a0a,AT,none,False,False,0
af2a4ef210,AT,none,False,False,0
1ddd86ebac,AT,lei_declared,True,False,1
c15b9b8d3b,AT,none,False,False,0
a9276b79a3,AT,lei_declared,True,False,1
44eb17eee4,AT,none,False,False,0
27a4ebb8d8,BE,lei_declared,True,False,1
622067368d,BE,lei_declared,True,False,1
0fd5ab544f,BE,lei_declared,True,False,1
46eeff0304,BE,lei_declared,True,False,1
535fe35eb5,BE,lei_declared,True,False,1
97f4a7e7d2,BE,register_qualified,True,False,1
2ea4702f49,BE,none,False,False,0
718042760d,BE,lei_declared,True,False,1
464cac0ab2,BE,lei_declared,True,False,1
912e5f7deb,BE,none,False,False,0
10c66e4056,BE,register_qualified,True,False,1
945bcc8278,BE,none,False,False,0
70ab8dbe66,BE,none,False,False,0
261827b27c,BE,lei_declared,True,False,1
4d690ff706,BE,none,False,False,0
fc367b3b3d,BE,none,False,False,0
0c285151f4,BE,none,False,False,0
11844f4a49,BE,none,False,False,0
873d877e41,BE,lei_declared,True,False,1
68ae787313,BE,lei_declared,True,False,1
ac1e9d56de,BE,lei_declared,True,False,1
d7c94e3829,BE,lei_declared,True,False,1
cf34c0a14e,BE,lei_declared,True,False,1
eb153adf8e,BE,lei_declared,True,False,1
59a16a30b8,BE,lei_declared,True,False,1
e9bd9ab721,BE,lei_declared,True,False,1
42b6f8dab6,BE,none,False,False,0
a1e2ce2fda,BE,lei_declared,True,False,1
33d3f5e60a,BE,lei_declared,True,False,1
6079b90e05,BE,none,False,False,0
7c6700b9c6,BE,lei_declared,True,False,1
ce3b7a8cca,BE,lei_declared,True,False,1
3e198ec6aa,BE,none,False,False,0
88ac5313b9,BE,none,False,False,0
eee1e99d38,BE,none,False,False,0
68389d9632,BE,lei_declared,True,False,1
a9da2a3049,BE,lei_declared,True,False,1
1bfc270eb0,BE,none,False,False,0
8bf50a512d,BE,lei_declared,True,False,1
1fd0158683,BE,lei_declared,True,False,1
4b30031491,BE,lei_declared,True,False,1
0d97067177,BE,register_qualified,True,False,1
4c539f6b04,BE,lei_declared,True,False,1
e8f6f27a43,BE,lei_declared,True,False,1
98c4a8c0fb,BE,none,False,False,0
5e6619807c,BE,none,False,False,0
d548026821,BE,none,False,False,0
f60cefcd38,BE,none,False,False,0
5953499f50,BE,none,False,False,0
108e6ffa3f,BE,register_qualified,True,False,1
b1525e5e4f,BE,lei_declared,True,False,1
4700f92e94,BE,none,False,False,0
ff7d78702d,BE,lei_declared,True,False,1
764226f0f8,BE,register_qualified,True,False,1
b1542b4ae3,BE,lei_declared,True,False,1
c01c12f107,BE,none,False,False,0
85088c6480,BE,none,False,False,0
5e92e2d132,BE,none,False,False,0
a827f06cef,BE,none,False,False,0
5aff6cd06d,BE,register_qualified,True,False,1
2277c1bb28,BE,none,False,False,0
12655fe752,BE,lei_declared,True,False,1
401f998b5e,BE,none,False,False,0
cd6c662f46,BE,none,False,False,0
3cb49473dc,BE,none,False,False,0
481dbe6b0c,BE,none,False,False,0
e08fcd8cad,BE,none,False,False,0
aa9e1cf488,BE,none,False,False,0
bf5cfafe4a,BE,none,False,False,0
ef3f491ca5,BE,lei_declared,True,False,1
552ca48091,BE,lei_declared,True,False,1
acd50f5ec9,BE,lei_declared,True,False,1
1cd053e6b1,BE,none,False,False,0
c462b8ca24,BE,register_qualified,True,False,1
7252a161ad,BE,register_qualified,True,False,1
f88783349e,BE,lei_declared,True,False,1
b336abda34,BE,none,False,False,0
223a306f5f,BE,lei_declared,True,False,1
6a0a94be6b,BE,none,False,False,0
c8fd77ded3,BE,none,False,False,0
45ae818efc,BE,none,False,False,0
e78ab7358d,BE,lei_declared,True,False,1
74e4bc9ba6,BE,lei_declared,True,False,1
19ddfaf32a,BE,lei_declared,True,False,1
d2fe3bc7b9,BE,none,False,False,0
bba9936f8c,BE,lei_declared,True,False,1
acbeb4941b,BE,lei_declared,True,False,1
d31cd3735b,BE,lei_declared,True,False,1
1d9610c597,BE,none,False,False,0
cfc7e3ecdd,BE,none,False,False,0
b8b43ee767,BE,none,False,False,0
3934a04ce7,BE,none,False,False,0
463d10352d,BE,lei_declared,True,False,1
b6cff8709a,BE,none,False,False,0
7d0f0c4605,BE,register_qualified,True,False,1
49b581a42a,BE,lei_declared,True,False,1
47c1f59aec,BE,none,False,False,0
bcfdd5a2f5,BE,register_qualified,True,False,1
b44064e305,BE,none,False,False,0
db7f1db2a7,BE,lei_declared,True,False,1
b64e901fbe,BE,register_qualified,True,False,1
af2d0c3f9c,BE,none,False,False,0
4cdcb7a321,BE,none,False,False,0
e2cbdbcc87,BE,lei_declared,True,False,1
7c0091c8a7,BE,none,False,False,0
ace834184c,BE,none,False,False,0
b2916ffb22,BE,register_qualified,True,False,1
8322dbe2a4,BE,lei_declared,True,False,1
eb1d729214,BE,lei_declared,True,False,1
fb9374518c,BE,none,False,False,0
d570868be0,BE,lei_declared,True,False,1
97409af3b3,BE,lei_declared,True,False,1
df93e53d18,BE,none,False,False,0
cf3e1c3fce,BE,none,False,False,0
045d8792cb,BE,none,False,False,0
0579904aaf,BE,lei_declared,True,False,1
27a03985cf,BE,none,False,False,0
31c3b46468,BE,none,False,False,0
fe8ec7187a,BE,none,False,False,0
f4337a0045,BE,none,False,False,0
2bee4c9c53,BE,lei_declared,True,False,1
602c6b35fa,BE,lei_declared,True,False,1
1c8fa3da0d,BE,none,False,False,0
f3dcfa5ec9,BE,lei_declared,True,False,1
4904100a54,BE,lei_declared,True,False,1
83c19695ae,BE,none,False,False,0
8aad6d916a,BE,lei_declared,True,False,1
eb01ad550d,BE,lei_declared,True,False,1
d2ea6fa4ab,BE,none,False,False,0
c19c8e7fba,BE,none,False,False,0
f9e5a2e517,BE,register_qualified,True,False,1
e7e257d22a,BE,none,False,False,0
2cccbb0a2e,BE,lei_declared,True,False,1
8d36a21c4c,BE,none,False,False,0
1b23a14ae2,BE,register_qualified,True,False,1
0ed9163799,BE,none,False,False,0
a91124fb7a,BE,none,False,False,0
cf8ed5131c,BE,lei_declared,True,False,1
47622b183a,BE,none,False,False,0
8cb2c85388,BE,none,False,False,0
b568b0924e,BE,lei_declared,True,False,1
4140ec3c3c,BE,lei_declared,True,False,1
ba3e86bcf1,BE,none,False,False,0
f631d6ce97,BE,none,False,False,0
23ecd06483,BE,lei_declared,True,False,1
5802f26ce2,BE,lei_declared,True,False,1
496e377eba,BE,none,False,False,0
439272bfc3,BE,none,False,False,0
ad1fb06285,BE,lei_declared,True,False,1
4b08b17ca7,BE,none,False,False,0
04764690d6,BE,register_qualified,True,False,1
b0de8dc1a1,BE,register_qualified,True,False,1
c9f4923ac6,BE,none,False,False,0
73050e43f6,BE,none,False,False,0
4b756fd210,BE,none,False,False,0
7552597171,BE,register_qualified,True,False,1
cf648d906d,BE,none,False,False,0
504393ada3,BE,lei_declared,True,False,1
f59110258b,BE,none,False,False,0
0667d592fb,BE,lei_declared,True,False,1
4438fe243a,BE,register_qualified,True,False,1
f6c38f3a06,BE,none,False,False,0
49e387942f,BE,lei_declared,True,False,1
a459fc1e47,BE,none,False,False,0
24ae07da05,BE,lei_declared,True,False,1
178ee5b9ae,BE,none,False,False,0
1aa2471f24,BE,register_qualified,True,False,1
426617d44a,BE,none,False,False,0
92273d76e4,BE,lei_declared,True,False,1
aa1051ebbe,BE,lei_declared,True,False,1
13e88d7549,BE,none,False,False,0
6011e79daa,BE,lei_declared,True,False,1
eafed6fea3,BE,none,False,False,0
82734e8733,BE,none,False,False,0
b0b1af36d0,BE,none,False,False,0
cbb690a059,BE,none,False,False,0
30e888e814,BE,lei_declared,True,False,1
f9012e7685,BE,none,False,False,0
8053191341,BE,register_qualified,True,False,1
11758b6c23,BE,none,False,False,0
39badcb981,BE,register_qualified,True,False,1
ff2bf830c2,BE,lei_declared,True,False,1
2c6092a8d0,BE,none,False,False,0
486e28e39f,BE,none,False,False,0
8584448279,BE,none,False,False,0
1a48195985,BE,none,False,False,0
2d82911873,BE,none,False,False,0
504db56d73,BE,register_qualified,True,False,1
6680e431eb,BE,none,False,False,0
572d24e778,BE,none,False,False,0
1a8136596c,BE,lei_declared,True,False,1
8b2841921b,BE,none,False,False,0
101a3ac33a,BE,lei_declared,True,False,1
cdcc78bc57,BE,lei_declared,True,False,1
48250eb7d3,BE,none,False,False,0
10677301bc,BE,none,False,False,0
c436299193,BE,lei_declared,True,False,1
fceae64dbc,BE,none,False,False,0
a96c2644f8,BE,none,False,False,0
d25f0e24d3,BE,lei_declared,True,False,1
bbf9b06eb2,BE,lei_declared,True,False,1
d99353d048,BE,register_qualified,True,False,1
fcf103e6e4,BE,none,False,False,0
72abf6f1e1,BE,register_qualified,True,False,1
94706e1efd,BE,register_qualified,True,False,1
cdee428303,BE,none,False,False,0
ba00b399a6,BE,none,False,False,0
6b5e9bfbd2,BE,none,False,False,0
8a70e94e8d,BE,none,False,False,0
2f92568cc9,BE,none,False,False,0
8564e65d4e,BE,none,False,False,0
97c23f65c9,BE,none,False,False,0
195ab4c510,BE,none,False,False,0
2f765a954f,BE,none,False,False,0
306749f555,BE,none,False,False,0
35fa87d774,BE,none,False,False,0
f51e8b1dad,BE,none,False,False,0
b4574b59be,BE,lei_declared,True,False,1
e558ee9b6b,BE,none,False,False,0
2f89825779,BE,lei_declared,True,False,1
a4d092f017,BE,none,False,False,0
67e970b33b,BE,lei_declared,True,False,1
df8eeea780,BE,register_qualified,True,False,1
c92f96d3db,BE,none,False,False,0
71b887cbbb,BE,lei_declared,True,False,1
dfb2ae2c71,BE,lei_declared,True,False,1
866b7dd1b0,BE,register_qualified,True,False,1
d9e9b22ffa,BE,lei_declared,True,False,1
e7b246f91c,BE,lei_declared,True,False,1
815c1efb19,BE,register_qualified,True,False,1
511df14ca7,BE,lei_declared,True,False,1
6bd2829135,BE,register_qualified,True,False,1
af10d845c1,BE,none,False,False,0
dfcad3a9cc,BE,register_qualified,True,False,1
49b4ac0a44,BE,none,False,False,0
976f6693c2,BE,none,False,False,0
08642c033e,BE,register_qualified,True,False,1
65480e197e,BE,register_qualified,True,False,1
4d8b76c197,BE,none,False,False,0
1ae64e2a28,BE,lei_declared,True,False,1
ab42778d37,BE,none,False,False,0
274398e700,BE,lei_declared,True,False,1
7028549cca,BE,lei_declared,True,False,1
923d9df9f8,BE,lei_declared,True,False,1
9009576efc,BE,none,False,False,0
951dc4c188,BE,none,False,False,0
ce0f7562bf,BE,none,False,False,0
ff7ca574ee,BE,none,False,False,0
3d98626c8e,BE,none,False,False,0
9a6e0ea40b,BE,register_qualified,True,False,1
aa41867c49,BE,none,False,False,0
3b68ea2d83,BE,none,False,False,0
f2adba81e9,BE,register_qualified,True,False,1
cb8bbc9ae0,BE,lei_declared,True,False,1
60bff0f4d2,BE,register_qualified,True,False,1
a7dee67c1b,BE,none,False,False,0
b55e0fc30f,BE,lei_declared,True,False,1
7b393c9e16,BE,none,False,False,0
ffbf538ddb,BE,none,False,False,0
4a1523371d,BE,none,False,False,0
ae9f1a2ee9,BE,none,False,False,0
4ad98296a2,BE,none,False,False,0
ff76c7517d,BE,none,False,False,0
7ded8fc7c3,BE,none,False,False,0
0883b30407,BE,none,False,False,0
3b65864011,BE,none,False,False,0
a096f6f54d,BE,none,False,False,0
c7c022a787,BE,none,False,False,0
5d7a57fa53,BE,none,False,False,0
ba1393ab86,BE,none,False,False,0
9f0a05ee33,BE,lei_declared,True,False,1
53bae691be,BE,none,False,False,0
912ec5b56f,BE,register_qualified,True,False,1
43a8d97642,BE,lei_declared,True,False,1
13fe5d7b9d,BE,none,False,False,0
0f4e753389,BE,none,False,False,0
3346f36631,BE,none,False,False,0
a7568f459d,BE,lei_declared,True,False,1
f212519ab9,BE,lei_declared,True,False,1
1e2c473b0d,BE,lei_declared,True,False,1
f2284eda95,BE,none,False,False,0
98fb445a84,BE,none,False,False,0
6e22bf7835,BE,lei_declared,True,False,1
05a39dfc07,BE,none,False,False,0
3d21200023,BE,none,False,False,0
2215d22527,BE,none,False,False,0
b69f922d2d,BE,none,False,False,0
bcb5df71e7,BE,lei_declared,True,False,1
fbc348cda2,BE,none,False,False,0
0dd3a0a330,BE,lei_declared,True,False,1
6608f18355,BE,lei_declared,True,False,1
e9c0e8ad4e,BE,lei_declared,True,False,1
b13a08d6ae,BE,none,False,False,0
0c8e3869fb,BE,none,False,False,0
3b4807eda8,BE,none,False,False,0
fc5bee36d9,BE,lei_declared,True,False,1
ea1a8164d6,BE,register_qualified,True,False,1
826884a464,BE,none,False,False,0
39dd3cca38,BE,none,False,False,0
31fb34d1b2,BE,none,False,False,0
1cacd920e1,BE,register_qualified,True,False,1
6f2f299168,BE,register_qualified,True,False,1
b15af4764b,BE,lei_declared,True,False,1
1ef230f377,BE,lei_declared,True,False,1
9a8c3dc67d,BE,lei_declared,True,False,1
64ee3975cd,BE,lei_declared,True,False,1
96119c35db,BE,lei_declared,True,False,1
de1bb8bce5,BE,lei_declared,True,False,1
fac42f4819,BE,none,False,False,0
c47e8f210f,BE,none,False,False,0
65df506c78,BE,lei_declared,True,False,1
f7a28f73e0,BE,lei_declared,True,False,1
e7dce8cb9e,BE,lei_declared,True,False,1
9bbe0ce019,BE,none,False,False,0
7858acdfb7,BE,lei_declared,True,False,1
197ed5d81b,BE,none,False,False,0
65361dc87d,BE,none,False,False,0
011edbcdf3,BE,lei_declared,True,False,1
e3512a3f68,BE,register_qualified,True,False,1
3232900932,BE,register_qualified,True,False,1
2ca304cacc,BE,none,False,False,0
1d485858ea,BE,none,False,False,0
10c472ef64,BE,none,False,False,0
6fd47ac10c,BE,none,False,False,0
3e4560e102,BE,lei_declared,True,False,1
5aae830303,BE,register_qualified,True,False,1
08f747e47a,BE,none,False,False,0
5d08356175,BE,register_qualified,True,False,1
ec907e87f6,BE,lei_declared,True,False,1
490fcd22ae,BE,none,False,False,0
856dc67864,BE,none,False,False,0
bb32d9ed0e,BE,lei_declared,True,False,1
c34420179c,BE,lei_declared,True,False,1
a83e3d1b14,BE,register_qualified,True,False,1
4db70cb59b,BE,none,False,False,0
d690dbd098,BE,none,False,False,0
dc2b454422,BE,none,False,False,0
08a6b49fa6,BE,register_qualified,True,False,1
798ac5524e,BE,lei_declared,True,False,1
6d4e606ef4,BE,lei_declared,True,False,1
5dc0af254b,BE,none,False,False,0
f32367a79b,BE,register_qualified,True,False,1
efbf5bb434,BE,none,False,False,0
6d6fd97c3b,BE,none,False,False,0
5cb577d589,BE,none,False,False,0
9212412e80,BE,register_qualified,True,False,1
c095d32faa,BE,register_qualified,True,False,1
8846f8ad6f,BE,none,False,False,0
84d044021c,BE,none,False,False,0
24d7743e5b,BE,none,False,False,0
9c66a6f81c,BE,lei_declared,True,False,1
f5423da709,BE,lei_declared,True,False,1
b13df27657,BE,lei_declared,True,False,1
ad62e6bf6c,BE,lei_declared,True,False,1
0dfe9f3e89,BE,none,False,False,0
5ab38dbc91,BE,none,False,False,0
9003b0a2ae,BE,lei_declared,True,False,1
0b91fff72f,BE,lei_declared,True,False,1
a3476ab07a,BE,register_qualified,True,False,1
a5c0016a5c,BE,lei_declared,True,False,1
ef8a030fc8,BE,lei_declared,True,False,1
8a80d711ba,BE,none,False,False,0
e2db13cfb5,BE,none,False,False,0
edb2f7e18c,BE,none,False,False,0
4674a2cb9f,BE,lei_declared,True,False,1
d921ae3433,BE,lei_declared,True,False,1
a79c47e8f2,BE,none,False,False,0
44c5642c52,BE,none,False,False,0
36d3951254,BE,none,False,False,0
ab2371bec1,BE,none,False,False,0
e6d4698f7a,BE,none,False,False,0
4878684b85,BE,none,False,False,0
657432ae2c,BE,none,False,False,0
a7b588523a,BE,none,False,False,0
ae20166ad2,BE,none,False,False,0
e1baeeb2d7,BE,none,False,False,0
0317f9acfe,BE,none,False,False,0
4a1352124d,BE,none,False,False,0
ca4a4b2f3a,BE,none,False,False,0
a7c9acb4d4,BE,none,False,False,0
5f8cd28ec1,BE,lei_declared,True,False,1
b8a3ee43d6,BE,none,False,False,0
2f9e6277e5,BE,none,False,False,0
83045fa87e,BE,none,False,False,0
4008e94780,BE,none,False,False,0
fe87d4b5e5,BE,none,False,False,0
dc6d273961,BE,none,False,False,0
e012cfb395,BE,none,False,False,0
94f38c4731,BE,lei_declared,True,False,1
8a8772ae15,BE,none,False,False,0
6503a5a410,BE,none,False,False,0
749e3a8797,BE,none,False,False,0
6990d33d56,BE,none,False,False,0
fe6011d763,BE,none,False,False,0
29fc730fb9,BE,register_qualified,True,False,1
cffb6086c8,BE,none,False,False,0
3541aabcc4,BE,lei_declared,True,False,1
214aaab0a7,BE,none,False,False,0
8f68f0aba0,BE,register_qualified,True,False,1
373732db0f,BE,none,False,False,0
5dc348f4b6,BE,none,False,False,0
2eaead1d81,BE,none,False,False,0
1614711270,BE,lei_declared,True,False,1
7f17a1dd8d,BE,register_qualified,True,False,1
18fdff678a,BE,none,False,False,0
b9ed6cbfcb,BE,none,False,False,0
871f7e6565,BE,none,False,False,0
1c5077e68a,BE,none,False,False,0
891613c8ff,BE,none,False,False,0
681c094198,BE,none,False,False,0
3ce41c5201,BE,none,False,False,0
e5d1ae33c7,BE,none,False,False,0
c127104853,BE,lei_declared,True,False,1
b824eb23b5,BE,none,False,False,0
904aed4c5a,BE,none,False,False,0
31f74191a9,BE,none,False,False,0
dd32ee8a06,BE,none,False,False,0
3ab8588c29,BE,none,False,False,0
710e591891,BE,none,False,False,0
642d8129e3,BE,lei_declared,True,False,1
b5f2b7eda1,BE,lei_declared,True,False,1
4acfee2f92,BE,lei_declared,True,False,1
151846ff5e,BE,lei_declared,True,False,1
7d1c370fd8,BE,none,False,False,0
55e32551c4,BE,lei_declared,True,False,1
060b136150,BE,lei_declared,True,False,1
32e91a1087,BE,none,False,False,0
ba1a6dad95,BE,lei_declared,True,False,1
4f2a120bc2,BE,none,False,False,0
658a2986f9,BE,none,False,False,0
18f9d5784c,BE,lei_declared,True,False,1
d0adbcd504,BE,lei_declared,True,False,1
7907bc9cb2,BE,none,False,False,0
fbc28b4275,BE,lei_declared,True,False,1
2f4bcf9a52,BE,none,False,False,0
2cfcac25e5,BE,none,False,False,0
f0eb1d114c,BE,lei_declared,True,False,1
b3792e810e,BE,none,False,False,0
e38034dddd,BE,none,False,False,0
e50198e613,BE,none,False,False,0
a51982007d,BE,register_qualified,True,False,1
9cf1b9270c,BE,none,False,False,0
ce740756c1,BE,lei_declared,True,False,1
6ffbc0b404,BE,none,False,False,0
1e631c0ea6,BE,none,False,False,0
81794e7f66,BE,lei_declared,True,False,1
e9d8471534,BE,none,False,False,0
7bf9ea396d,BE,none,False,False,0
c150185535,BE,none,False,False,0
b471fd029c,BE,lei_declared,True,False,1
cb89a73c79,BE,none,False,False,0
98a78e24ea,BE,none,False,False,0
bb194badf6,BE,lei_declared,True,False,1
da82feae04,BE,none,False,False,0
576890164b,BE,lei_declared,True,False,1
dbac28cc74,BE,none,False,False,0
8520c53093,BE,none,False,False,0
4c420ee7fe,BE,none,False,False,0
82fd1b6097,BE,none,False,False,0
e73bdcac06,BE,none,False,False,0
7964d7f840,BE,register_qualified,True,False,1
8b18201f94,BE,register_qualified,True,False,1
a46b764d1b,BE,lei_declared,True,False,1
71bdc57842,BE,lei_declared,True,False,1
3f15212461,BE,none,False,False,0
a700a0b277,BE,none,False,False,0
112a417500,BE,none,False,False,0
b29c2ffa0a,BE,none,False,False,0
691d95be46,BE,none,False,False,0
53e1bc79a1,BE,lei_declared,True,False,1
29cc1dee46,BE,none,False,False,0
838d349920,BE,none,False,False,0
ca8c29f2f0,BE,none,False,False,0
64679b0ef1,BE,lei_declared,True,False,1
4feb843391,BE,none,False,False,0
9f7ee0fc3f,BE,none,False,False,0
d2a4adcc7b,BE,lei_declared,True,False,1
b6674ca7c2,BE,none,False,False,0
e9deceeec1,BE,none,False,False,0
8cd9d9c0f9,BE,none,False,False,0
6af907edfc,BE,lei_declared,True,False,1
623e101195,BE,none,False,False,0
9825012fce,BE,none,False,False,0
eca32b9cd3,BE,none,False,False,0
a1d9710dbe,BE,none,False,False,0
170be782de,BE,lei_declared,True,False,1
8e189b53ea,BE,none,False,False,0
7097727b36,BE,none,False,False,0
9fafbef9bc,BE,none,False,False,0
aa5c0ae225,BE,lei_declared,True,False,1
73dad114e2,BE,none,False,False,0
753ca4568c,BE,none,False,False,0
3509cd5ea1,BE,register_qualified,True,False,1
a56191c5a2,BE,none,False,False,0
437db0040f,BE,none,False,False,0
591c6e3ba6,BE,none,False,False,0
295a5d2577,BE,none,False,False,0
34d526fda0,BE,none,False,False,0
01f42923c0,BE,none,False,False,0
8d5032c693,BE,none,False,False,0
95a96fc12e,BE,none,False,False,0
0130ab2e60,BE,none,False,False,0
0656f42bc1,BE,lei_declared,True,False,1
e87b5739e7,BE,lei_declared,True,False,1
e6b0ff987a,BE,register_qualified,True,False,1
494daff90f,BE,register_qualified,True,False,1
5b7416e0df,BE,lei_declared,True,False,1
b7c43c169b,BE,none,False,False,0
ec603d596a,BE,lei_declared,True,False,1
112b777bb7,BE,none,False,False,0
c294c452e0,BE,lei_declared,True,False,1
b3cae1bd7e,BE,none,False,False,0
92c7dcd29d,BE,lei_declared,True,False,1
3d1041f15b,BE,none,False,False,0
29b4a14e2e,BE,register_qualified,True,False,1
e4ddd6ae37,BE,none,False,False,0
7934446bf6,BE,none,False,False,0
e61d05069c,BE,none,False,False,0
d434464478,BE,register_qualified,True,False,1
4863d7b7fa,BE,none,False,False,0
be7d49ae8e,BE,none,False,False,0
047857367b,BE,lei_declared,True,False,1
9f43d2b726,BE,none,False,False,0
2f764363c8,BE,lei_declared,True,False,1
84bdbb89db,BE,none,False,False,0
e569986138,BE,none,False,False,0
52ffc3a686,BE,none,False,False,0
8fae74705b,BE,none,False,False,0
5953237089,BE,none,False,False,0
6e5e57969f,BE,none,False,False,0
fc44a4cb82,BE,none,False,False,0
1cf01612bd,BE,none,False,False,0
bb9ed422a4,BE,none,False,False,0
4d4ccddb52,BE,none,False,False,0
4d5291ffef,BE,none,False,False,0
2a74394683,BE,none,False,False,0
623dfaeeb2,BE,none,False,False,0
72cd51d01b,BE,none,False,False,0
fff14c9ee5,BE,none,False,False,0
ce2eef9ebc,BE,none,False,False,0
9249bc64ff,BE,none,False,False,0
900319e8eb,BE,none,False,False,0
0c39b2e588,BE,lei_declared,True,False,1
6f5b6af057,BE,lei_declared,True,False,1
5bba8ca999,BE,none,False,False,0
74114f73e7,BE,register_qualified,True,False,1
21826abc10,BE,lei_declared,True,False,1
1d3debe0b7,BE,lei_declared,True,False,1
6f433e514a,BE,none,False,False,0
510eb3b3ec,BE,register_qualified,True,False,1
81c3e37afa,BE,lei_declared,True,False,1
1bd562e8e1,BE,none,False,False,0
fec1b5e2b9,BE,register_qualified,True,False,1
30c673b9d9,BE,none,False,False,0
7f9f6e1d95,BE,none,False,False,0
74d82d4408,BE,register_qualified,True,False,1
593ae026a6,BE,lei_declared,True,False,1
28a602a098,BE,lei_declared,True,False,1
83075bc39d,BE,lei_declared,True,False,1
86eca7317c,BE,lei_declared,True,False,1
1acd5ee864,BE,lei_declared,True,False,1
77c754c090,BE,lei_declared,True,False,1
284ba25956,BE,register_qualified,True,False,1
f55072fca9,BE,lei_declared,True,False,1
7fe77df58b,BE,none,False,False,0
f9243c7911,BE,lei_declared,True,False,1
8efad5e7e0,BE,lei_declared,True,False,1
91484c53b1,BE,none,False,False,0
51d6531195,BE,lei_declared,True,False,1
44b2fc26ec,BE,none,False,False,0
b0854a2f33,BE,none,False,False,0
29877492b1,BE,lei_declared,True,False,1
18b1264097,BE,none,False,False,0
f483adf7aa,BE,none,False,False,0
c1dab70502,BE,lei_declared,True,False,1
4782b89239,BE,lei_declared,True,False,1
301d7f3ea9,BE,none,False,False,0
81ca40c19c,BE,lei_declared,True,False,1
1fe1f7c54f,BE,none,False,False,0
c36f8c06ca,BE,lei_declared,True,False,1
9b45fbc719,BE,none,False,False,0
2d71743873,BE,none,False,False,0
4b8d07d5c8,BE,none,False,False,0
b18e69a434,BE,lei_declared,True,False,1
07a680cb27,BE,none,False,False,0
8cd1d5b7cd,BE,none,False,False,0
a8d758c7ac,BE,lei_declared,True,False,1
a34a67dc93,BE,lei_declared,True,False,1
34510a65a3,BE,lei_declared,True,False,1
407f5462e9,BE,none,False,False,0
700f5d46b5,BE,none,False,False,0
ba63ad2215,BE,none,False,False,0
8097e25785,BE,register_qualified,True,False,1
ad232e13df,BE,none,False,False,0
d624a68b42,BE,lei_declared,True,False,1
7312a5f84a,BE,lei_declared,True,False,1
ae8e6bf4e2,BE,lei_declared,True,False,1
44379f05e8,BE,none,False,False,0
7d939732d7,BE,none,False,False,0
cae5229eb1,BE,lei_declared,True,False,1
a1cfa1d0a9,BE,none,False,False,0
8f6fa778bb,BE,register_qualified,True,True,2
e908211dcb,BE,lei_declared,True,False,1
e190ca1489,BE,none,False,False,0
9310125eb1,BE,lei_declared,True,False,1
d732f3bfb4,BE,lei_declared,True,False,1
7daba3bdef,BE,none,False,False,0
d3a3331598,BE,lei_declared,True,False,1
81d4d00936,BE,none,False,False,0
735be55bfd,BE,none,False,False,0
215464537c,BE,lei_declared,True,False,1
93074f32e1,BE,none,False,False,0
d8f8183d83,BE,lei_declared,True,False,1
dc93ca14b5,BE,none,False,False,0
c3f93c8fd0,BE,lei_declared,True,False,1
61754c6e5e,BE,none,False,False,0
fee4bc0667,BE,lei_declared,True,False,1
2fdba2be3c,BE,lei_declared,True,False,1
62653ba37d,BE,none,False,False,0
79ccc258f7,BE,none,False,False,0
4fd2d0d2ef,BE,none,False,False,0
c7bf236755,BE,none,False,False,0
5c18c87fbe,BE,none,False,False,0
4e66aa4a71,BE,register_qualified,True,False,1
1b9b2c1b0f,BE,none,False,False,0
ec25686ab8,BG,none,False,False,0
02c9516703,BG,none,False,False,0
f7204a7450,BG,register_qualified,True,False,1
6dd6fb11bb,BG,register_qualified,True,False,1
0f76303176,BG,none,False,False,0
272af09ef9,BG,none,False,False,0
c57afec387,BG,none,False,False,0
d42c577435,BG,register_qualified,True,False,1
93247e9a6a,BG,register_qualified,True,False,1
4fc069452c,BG,register_qualified,True,False,1
c13db6b60c,BG,register_qualified,True,False,1
97edc3de7b,BG,register_qualified,True,False,1
7595b1f73f,BG,none,False,False,0
2b3ddd0e83,BG,register_qualified,True,False,1
8f4a2decae,BG,register_qualified,True,False,1
95280bf3ab,BG,register_qualified,True,False,1
1f1881f9c8,BG,register_qualified,True,False,1
c44b8c29a7,BG,none,False,False,0
f773faee35,BG,register_qualified,True,False,1
35ba672c69,BG,none,False,False,0
1acc26ee03,BG,none,False,False,0
0777bf040f,BG,none,False,False,0
c6a6e6a841,BG,none,False,False,0
9f86a2b01b,BG,none,False,False,0
bdbe362eed,BG,none,False,False,0
1e55a02e5f,BG,none,False,False,0
7bb4a56261,BG,none,False,False,0
07d93df003,BG,none,False,False,0
63f2d1caaf,BG,register_qualified,True,False,1
43626cc6ec,BG,register_qualified,True,False,1
20e1ab1791,BG,none,False,False,0
e48af70a3d,BG,none,False,False,0
345a49b367,BG,register_qualified,True,False,1
bd83e5f80b,BG,none,False,False,0
b90cdfc182,BG,none,False,False,0
245134771a,BG,register_qualified,True,False,1
842e72d981,BG,register_qualified,True,False,1
3b793ac78b,BG,register_qualified,True,False,1
3415090aec,BG,none,False,False,0
df2fe88b32,BG,none,False,False,0
8a6198f3f5,BG,none,False,False,0
4991831dc7,BG,none,False,False,0
23275b3f48,BG,register_qualified,True,False,1
0c5a2a1f1e,BG,none,False,False,0
e847aad2bd,BG,none,False,False,0
a971eee601,BG,register_qualified,True,False,1
b6f7375029,BG,register_qualified,True,False,1
04db3adf62,BG,none,False,False,0
acef4ec0d7,BG,register_qualified,True,False,1
fbc3735fd0,BG,none,False,False,0
9eef7db2dc,BG,register_qualified,True,False,1
5bd3806b35,BG,none,False,False,0
453975a799,BG,register_qualified,True,False,1
0e89329bb2,BG,none,False,False,0
485cd0cb4b,BG,register_qualified,True,False,1
de2a202ae1,BG,none,False,False,0
27640ccae9,BG,register_qualified,True,False,1
b6e632cd1b,BG,register_qualified,True,False,1
49292cf607,BG,none,False,False,0
68618a9224,BG,none,False,False,0
2b30c05740,BG,none,False,False,0
3b82732acd,BG,register_qualified,True,False,1
efc7c86e63,BG,none,False,False,0
05c9f35059,BG,none,False,False,0
9c5f0da173,BG,none,False,False,0
7b5d22991f,BG,none,False,False,0
fe88d3ca4f,BG,none,False,False,0
9665b285b4,BG,register_qualified,True,False,1
7a13b83ca3,BG,none,False,False,0
8a7f50ea8c,BG,none,False,False,0
cf20043bdd,BG,none,False,False,0
e180fdbc0b,BG,none,False,False,0
6ac6c88f95,BG,none,False,False,0
93fcc6e7cd,BG,none,False,False,0
d2aa28815c,BG,register_qualified,True,False,1
0e51998ef0,BG,none,False,False,0
e22ebebce5,BG,register_qualified,True,False,1
0a48f906eb,BG,none,False,False,0
a4566c7690,BG,none,False,False,0
fbe8c95c70,BG,register_qualified,True,False,1
6cf52c6bae,BG,none,False,False,0
5c51263a1c,BG,none,False,False,0
5560f7668b,BG,none,False,False,0
e2d7c5f73a,BG,none,False,False,0
f459f9ece5,BG,none,False,False,0
3136d420e2,BG,none,False,False,0
9408a0b191,BG,none,False,False,0
f27a6159dc,BG,register_qualified,True,False,1
b010b6915c,BG,none,False,False,0
724124e9ee,BG,none,False,False,0
34facc9e1d,BG,register_qualified,True,False,1
33a7edb03a,BG,none,False,False,0
e14561de04,BG,none,False,False,0
3424e4567a,BG,none,False,False,0
2e15cb50ca,BG,none,False,False,0
be6c4fafec,BG,register_qualified,True,False,1
bf01228042,BG,none,False,False,0
fdbd1810e8,BG,register_qualified,True,False,1
e5cf4dc902,BG,register_qualified,True,False,1
e1c8e70ba4,BG,register_qualified,True,False,1
523c27668b,BG,register_qualified,True,False,1
734cd415b2,BG,register_qualified,True,False,1
cb0d2a6cd3,BG,none,False,False,0
eb2c5e142c,BG,none,False,False,0
714dbd6044,BG,none,False,False,0
b8d432e937,BG,none,False,False,0
73e566fcc3,BG,register_qualified,True,False,1
56cae13471,BG,register_qualified,True,False,1
f985df7d5d,BG,register_qualified,True,False,1
17aba9c6c2,BG,register_qualified,True,False,1
ed20632886,BG,register_qualified,True,False,1
9f5498005b,BG,register_qualified,True,False,1
b116c48bfc,BG,register_qualified,True,False,1
35b2b1a309,BG,register_qualified,True,False,1
c09aff6807,BG,none,False,False,0
cfc4c10788,BG,register_qualified,True,False,1
4b775ed4fb,BG,none,False,False,0
8f3c4e2b5e,BG,register_qualified,True,False,1
4658f7a3a9,BG,register_qualified,True,False,1
8307bc816f,BG,none,False,False,0
a99fbc249b,BG,none,False,False,0
db5b138cb4,BG,register_qualified,True,False,1
7f8f8d1d79,BG,none,False,False,0
5252e307ad,BG,none,False,False,0
7d21ed2cc8,BG,none,False,False,0
502cd50b52,BG,register_qualified,True,False,1
7fb5cdd625,BG,register_qualified,True,False,1
529fc03e8c,BG,none,False,False,0
c863189ca5,BG,none,False,False,0
7c7555673c,BG,register_qualified,True,False,1
38bfbcf853,BG,none,False,False,0
9faf3f8656,BG,register_qualified,True,False,1
35b161b2c6,BG,none,False,False,0
b344054db0,BG,register_qualified,True,False,1
a35202f075,BG,register_qualified,True,False,1
951ccd1607,BG,none,False,False,0
2567c0698f,BG,none,False,False,0
22d18ecef4,BG,none,False,False,0
f7c1b899cc,BG,register_qualified,True,False,1
72e024fabf,BG,register_qualified,True,False,1
5af723eaf0,BG,none,False,False,0
6f278fc908,BG,register_qualified,True,False,1
07149471df,BG,register_qualified,True,False,1
d1fb46f3f6,BG,register_qualified,True,False,1
e417b720f1,BG,register_qualified,True,False,1
4ca01f83a5,BG,none,False,False,0
4bde631a8d,BG,none,False,False,0
efff2eae23,BG,none,False,False,0
8c962165f4,BG,register_qualified,True,False,1
33c1e0e93c,BG,none,False,False,0
9065b2b0ef,BG,none,False,False,0
a651318290,BG,register_qualified,True,False,1
24cba3ab46,BG,none,False,False,0
436e7adc1b,BG,register_qualified,True,False,1
c8bd7d5153,BG,none,False,False,0
6f72296dad,BG,none,False,False,0
a05a0dbc65,BG,register_qualified,True,False,1
cf5f472a2a,BG,none,False,False,0
45bb4195b6,BG,none,False,False,0
124fa0b701,BG,register_qualified,True,False,1
177606fe75,BG,register_qualified,True,False,1
1e75296b04,BG,register_qualified,True,False,1
fa70eacd9f,BG,none,False,False,0
bf6cc8a9f8,BG,none,False,False,0
5cba04843a,BG,none,False,False,0
66a7dce163,BG,none,False,False,0
ff79aab8c3,BG,none,False,False,0
a6f74b6371,BG,lei_declared,True,False,1
ff6bbba854,BG,none,False,False,0
2b6d3869f1,BG,none,False,False,0
ae80822e4a,BG,none,False,False,0
d5abe997fa,BG,register_qualified,True,False,1
5d163d0f7e,BG,none,False,False,0
42810b4304,BG,none,False,False,0
9029c9c688,BG,register_qualified,True,False,1
67c69098a7,BG,none,False,False,0
01667ac6cb,BG,none,False,False,0
40982192b6,BG,none,False,False,0
1b2575050e,BG,register_qualified,True,False,1
ce6f0aad8c,BG,none,False,False,0
17a8fcdbc1,BG,register_qualified,True,False,1
afc9a66b46,BG,none,False,False,0
c235ef5b96,BG,none,False,False,0
1d08378a0a,BG,none,False,False,0
e1e1caf8ca,BG,none,False,False,0
797cd553e2,BG,none,False,False,0
2a51faecae,BG,none,False,False,0
d77eb80e6d,BG,none,False,False,0
1b0ba6a641,BG,register_qualified,True,False,1
c4a422e73c,BG,none,False,False,0
ceb89ed9af,BG,none,False,False,0
d03055278d,BG,register_qualified,True,False,1
f6df3563b3,BG,none,False,False,0
59e4a4fe7c,BG,none,False,False,0
39d983f448,BG,register_qualified,True,False,1
d3e3e78937,BG,none,False,False,0
e3c2d29761,BG,register_qualified,True,False,1
950e9260d4,BG,lei_declared,True,False,1
5e3e55038f,BG,register_qualified,True,False,1
0b1a670e56,BG,none,False,False,0
95d3f6541d,BG,register_qualified,True,False,1
97cf73bf73,BG,none,False,False,0
15848cdefd,BG,register_qualified,True,False,1
08c92ee87e,BG,none,False,False,0
8d423c8413,BG,none,False,False,0
8148ec80c0,BG,register_qualified,True,False,1
84d1c287e1,BG,register_qualified,True,False,1
c1f0ad29b9,BG,register_qualified,True,False,1
826763943b,BG,none,False,False,0
037070fb52,BG,none,False,False,0
15d5f82338,BG,none,False,False,0
ac32755961,BG,none,False,False,0
f678e29c86,BG,none,False,False,0
44de327dc1,BG,none,False,False,0
0fd65c2b4e,BG,none,False,False,0
0dd7db0ea1,BG,register_qualified,True,False,1
8847523514,BG,none,False,False,0
ddac995b21,BG,none,False,False,0
94eb131a78,BG,none,False,False,0
1f734ee9f7,BG,none,False,False,0
43257e9c21,BG,none,False,False,0
3bf8ac3449,BG,register_qualified,True,False,1
440a838683,BG,none,False,False,0
57abc99a25,BG,none,False,False,0
b9616d96d2,BG,none,False,False,0
d2f1ce74cc,BG,none,False,False,0
8d712beec6,BG,register_qualified,True,False,1
47389787de,BG,none,False,False,0
c51b6ffea0,BG,none,False,False,0
06e0f94a03,BG,none,False,False,0
03d088582d,BG,register_qualified,True,False,1
1dcc16d97a,BG,none,False,False,0
73379d2d97,BG,none,False,False,0
a8046cda11,BG,register_qualified,True,False,1
4bed16fde6,BG,none,False,False,0
8c576395fe,BG,none,False,False,0
fe3d48b38e,BG,register_qualified,True,False,1
2585a5045d,BG,none,False,False,0
b928f6f5e2,BG,register_qualified,True,False,1
2d1c5f159d,BG,none,False,False,0
1210d96483,BG,none,False,False,0
7bf1b28f4b,BG,none,False,False,0
c272566bde,BG,none,False,False,0
bcfff6efb7,BG,none,False,False,0
20bbb3bca5,BG,none,False,False,0
76020195db,BG,none,False,False,0
d792287149,BG,none,False,False,0
b42a385e1f,BG,none,False,False,0
a80b8ff0df,BG,none,False,False,0
e73b8a1464,BG,none,False,False,0
ba1ccf8f5d,BG,none,False,False,0
c4e6dc6581,BG,none,False,False,0
4ab10beb55,BG,none,False,False,0
aaf1d7326b,BG,none,False,False,0
eda2d9a248,BG,register_qualified,True,False,1
6203af8ded,BG,none,False,False,0
3a091d1a08,BG,register_qualified,True,False,1
ce56d8ccce,BG,none,False,False,0
5d993d0424,BG,register_qualified,True,False,1
794f9c1bc8,BG,none,False,False,0
a377616292,BG,none,False,False,0
cca0e9204b,BG,none,False,False,0
a300eabf9b,BG,none,False,False,0
9379ab8b35,BG,none,False,False,0
fbabd70ea5,BG,register_qualified,True,False,1
7b3272a138,BG,register_qualified,True,False,1
d01ca091fc,BG,register_qualified,True,False,1
f908c241a0,BG,none,False,False,0
3c89b41cd8,BG,none,False,False,0
f108f0465c,BG,none,False,False,0
3bd958b733,BG,register_qualified,True,False,1
30f1c132d2,BG,register_qualified,True,False,1
9393eb47fe,BG,none,False,False,0
a0f21e3a87,BG,none,False,False,0
e2afd1999a,BG,register_qualified,True,False,1
c9a4f59260,BG,none,False,False,0
fb467d432c,BG,register_qualified,True,False,1
91c58b2a87,BG,none,False,False,0
3939492108,BG,none,False,False,0
7db4aa6e0f,BG,none,False,False,0
70de8d2d79,BG,register_qualified,True,False,1
547f4d4f26,BG,register_qualified,True,False,1
5b9f8d733d,BG,none,False,False,0
7da2040a56,BG,register_qualified,True,False,1
6db6b3c9d2,BG,register_qualified,True,False,1
65e5b19137,BG,register_qualified,True,False,1
30caac57b0,BG,register_qualified,True,False,1
14d6b31b1d,BG,none,False,False,0
d5a2e464c2,BG,register_qualified,True,False,1
2e6f59d7d8,BG,register_qualified,True,False,1
4cf6216f4f,BG,register_qualified,True,False,1
bd0aeec03b,BG,register_qualified,True,False,1
8d974da74a,BG,register_qualified,True,False,1
d7c8acd6aa,BG,register_qualified,True,False,1
8cf36dafc3,BG,register_qualified,True,False,1
dc3df7cdcd,BG,none,False,False,0
17cf90116a,BG,register_qualified,True,False,1
c78b8a40a9,BG,none,False,False,0
a7584a2b26,BG,none,False,False,0
202b55001a,BG,register_qualified,True,False,1
44310f6c79,BG,register_qualified,True,False,1
e3024f6de4,BG,none,False,False,0
182e291c42,BG,none,False,False,0
7861e14eaa,BG,none,False,False,0
0570553809,BG,register_qualified,True,False,1
194c1a1a03,BG,none,False,False,0
c2effb4896,BG,none,False,False,0
4e93220c39,BG,register_qualified,True,False,1
173a3ea9e5,BG,none,False,False,0
4f069b20b7,BG,none,False,False,0
31027d5df3,BG,register_qualified,True,False,1
19c19d201a,BG,register_qualified,True,False,1
f156555f96,BG,register_qualified,True,False,1
c788611472,BG,register_qualified,True,False,1
e55e6a0f57,BG,register_qualified,True,False,1
6e2de9f452,BG,register_qualified,True,False,1
40520804f8,BG,register_qualified,True,False,1
868a5110cd,BG,none,False,False,0
0436210b1b,BG,none,False,False,0
ee2ba2ad38,BG,register_qualified,True,False,1
fdb67df51a,BG,register_qualified,True,False,1
7c6e509f23,BG,none,False,False,0
f53f1f00df,BG,none,False,False,0
2ad9a9fc3c,BG,register_qualified,True,False,1
533f047244,BG,none,False,False,0
f87bcda65e,BG,register_qualified,True,False,1
ba5b3bb09a,BG,register_qualified,True,False,1
297d7c21ef,BG,register_qualified,True,False,1
e874e8c12e,BG,none,False,False,0
5cf24d5eec,BG,none,False,False,0
0c700e20ea,BG,none,False,False,0
c38725b610,BG,register_qualified,True,False,1
2ca7feb457,CY,none,False,False,0
889752b9b3,CY,none,False,False,0
8c6f30f96a,CY,none,False,False,0
16690b6855,CY,none,False,False,0
97aa5374b3,CY,none,False,False,0
d5e6125a3d,CY,none,False,False,0
4166dd7869,CY,none,False,False,0
b2066a84e0,CY,none,False,False,0
218a40c0b0,CY,none,False,False,0
7836b92c3f,CY,none,False,False,0
1dec495845,CY,none,False,False,0
fa2c6be59f,CY,none,False,False,0
eed0c2b47b,CY,none,False,False,0
753ba102c5,CY,none,False,False,0
9edf01e27c,CY,lei_declared,True,False,1
bee758ebd3,CY,none,False,False,0
4ed991bb94,CY,none,False,False,0
53cc741f18,CY,lei_declared,True,False,1
bf159e5e10,CY,none,False,False,0
08370b08c9,CY,lei_declared,True,False,1
3919d439d0,CY,lei_declared,True,False,1
6724782711,CY,lei_declared,True,False,1
be0f761384,CY,none,False,False,0
39a3aad279,CY,none,False,False,0
c6113719af,CY,none,False,False,0
3297fe52db,CY,none,False,False,0
af7f391513,CY,none,False,False,0
6c8c5b77fc,CY,none,False,False,0
3115a65729,CY,none,False,False,0
30d60a427e,CY,none,False,False,0
486e58602e,CY,none,False,False,0
a3c953301a,CY,none,False,False,0
6471e6d801,CY,none,False,False,0
01bd6ea0ac,CY,none,False,False,0
7b4976f638,CY,none,False,False,0
0b7c595970,CY,none,False,False,0
3d329b6853,CY,none,False,False,0
e517b08f75,CY,none,False,False,0
2b3712f6c0,CY,none,False,False,0
f701bd7cab,CY,none,False,False,0
e75b052e78,CY,none,False,False,0
57f4b90272,CY,none,False,False,0
fe401f41a7,CY,none,False,False,0
7583ce9b9d,CY,none,False,False,0
e1d3984d29,CY,none,False,False,0
afea79c7d3,CY,none,False,False,0
80259dc57d,CY,none,False,False,0
a1c97d5662,CY,none,False,False,0
8607774641,CY,none,False,False,0
e5c6ac0534,CY,none,False,False,0
27ca2206b4,CY,none,False,False,0
6c38fae796,CY,none,False,False,0
f6ace67bfc,CY,none,False,False,0
a61ba4a94f,CY,none,False,False,0
4c18cea857,CY,none,False,False,0
2a5ee4de7e,CY,none,False,False,0
74520e6221,CY,none,False,False,0
477b4228f9,CY,none,False,False,0
2beb0bdd56,CY,none,False,False,0
36cba9cb32,CY,none,False,False,0
a619347a74,CY,none,False,False,0
59ddb989cc,CY,lei_declared,True,False,1
2ece911e6f,CY,none,False,False,0
7b0c8d617c,CY,none,False,False,0
3b8f150725,CY,lei_declared,True,False,1
7168109a9b,CY,none,False,False,0
9d6f32811a,CY,lei_declared,True,False,1
34e1e95dcf,CY,none,False,False,0
dc114d5943,CY,none,False,False,0
ad40f624b0,CY,none,False,False,0
3dc844c3b1,CY,none,False,False,0
fc32bb8119,CY,none,False,False,0
0eff7c0cbb,CY,none,False,False,0
221b6fb19c,CY,none,False,False,0
737eebd8f2,CY,none,False,False,0
b4469c93fd,CY,none,False,False,0
6adb38a8e2,CY,none,False,False,0
6d5aee587e,CY,none,False,False,0
d1bc24d582,CY,none,False,False,0
0fe8172e4e,CY,none,False,False,0
86f8dc4357,CY,none,False,False,0
db12b13984,CY,none,False,False,0
bfcd38bc8c,CY,none,False,False,0
0f1e82ca48,CY,none,False,False,0
e5bc8d3f93,CY,none,False,False,0
b9c1c2ee7c,CY,none,False,False,0
c54cf06101,CY,none,False,False,0
f8432f5761,CY,none,False,False,0
b20c6e8ccb,CY,none,False,False,0
7b1c75eaa7,CY,none,False,False,0
559ffcca26,CY,none,False,False,0
ededd984b1,CY,none,False,False,0
99f5defb13,CY,none,False,False,0
cba76263fe,CY,none,False,False,0
c68fde1b29,CY,none,False,False,0
3e48e02de6,CY,none,False,False,0
617dd6cf19,CY,none,False,False,0
519b62d339,CY,none,False,False,0
a6beae3530,CY,none,False,False,0
ddc83e45de,CY,none,False,False,0
52d4f8b120,CY,none,False,False,0
173930e138,CY,lei_declared,True,False,1
d1c1a75123,CY,none,False,False,0
237b218d34,CY,none,False,False,0
1d2dbab2ec,CY,none,False,False,0
5086ccd41f,CY,none,False,False,0
fda13ac8af,CY,none,False,False,0
195a38a52b,CY,none,False,False,0
29bb49c4f7,CY,none,False,False,0
201ae3fb3c,CY,none,False,False,0
ac2b61bdd6,CY,none,False,False,0
1f3a9c59ef,CY,none,False,False,0
18c33ece12,CY,none,False,False,0
a3124b4d75,CY,none,False,False,0
1b7c5fe499,CY,none,False,False,0
1d664c6dc3,CY,none,False,False,0
6b74958c98,CY,none,False,False,0
39b814b84a,CY,none,False,False,0
5d61d4bad1,CY,none,False,False,0
6063a29dc5,CY,none,False,False,0
47f988b8c1,CY,none,False,False,0
f885ea4011,CY,none,False,False,0
92b35c0592,CY,none,False,False,0
126a4dbfa8,CY,none,False,False,0
5802b89eb5,CY,none,False,False,0
41892ed449,CY,none,False,False,0
66174064fa,CY,none,False,False,0
c298feba71,CY,none,False,False,0
819cc04de6,CY,none,False,False,0
97f0041193,CY,none,False,False,0
08a802fe37,CY,none,False,False,0
b1977b820a,CY,lei_declared,True,False,1
a4fb4a05e8,CY,none,False,False,0
aeb7375bd2,CY,none,False,False,0
2b721e218a,CY,none,False,False,0
57782608f7,CY,register_qualified,True,False,1
928af6f0f9,CY,none,False,False,0
8c525b776a,CY,none,False,False,0
b826807f39,CY,none,False,False,0
03084f4033,CY,none,False,False,0
deab483e0d,CY,none,False,False,0
ed36dd72c6,CY,none,False,False,0
9e56f40432,CY,none,False,False,0
55c1337971,CY,none,False,False,0
2a29482e4b,CY,none,False,False,0
3c224f878e,CY,none,False,False,0
274348bb6a,CY,none,False,False,0
6068143162,CY,none,False,False,0
b3b3c92641,CY,none,False,False,0
107048d546,CY,none,False,False,0
136c65a99d,CY,none,False,False,0
ab02f125fc,CY,none,False,False,0
b9352e4b69,CY,none,False,False,0
4487532b61,CY,none,False,False,0
a86238e341,CY,none,False,False,0
c9be4d473d,CY,none,False,False,0
bd3615a708,CY,none,False,False,0
f2a3a8e405,CY,none,False,False,0
49c35c89a0,CY,lei_declared,True,False,1
87be17fa01,CY,none,False,False,0
8791155b2f,CY,none,False,False,0
5d128d9a17,CY,none,False,False,0
c056f78fc3,CY,none,False,False,0
f91055bcd2,CY,none,False,False,0
3ff929c94a,CY,none,False,False,0
2954d8b94e,CY,none,False,False,0
b4ae55c02d,CY,none,False,False,0
1c382a1d9a,CY,none,False,False,0
c67cd12756,CY,none,False,False,0
db723946d7,CY,none,False,False,0
2224cd7e3b,CY,none,False,False,0
3c87855c35,CY,none,False,False,0
f0ca485a3f,CY,none,False,False,0
21a4eab213,CY,none,False,False,0
d0412cf220,CY,lei_declared,True,False,1
71f68d3b2d,CY,none,False,False,0
0287c1f132,CY,none,False,False,0
75df196a7a,CY,none,False,False,0
5f513549f8,CY,none,False,False,0
bd39075685,CY,none,False,False,0
a9c3b34091,CY,none,False,False,0
b67d6d3f94,CY,none,False,False,0
c764d11a64,CY,none,False,False,0
83cb050486,CY,none,False,False,0
b48dd94475,CY,none,False,False,0
c5840fd99c,CY,none,False,False,0
2cbcb043da,CY,none,False,False,0
3a43f91481,CY,none,False,False,0
69ac3eeed5,CY,none,False,False,0
d96b4e6c06,CY,lei_declared,True,False,1
315eca80be,CY,none,False,False,0
e0a050c473,CY,none,False,False,0
f2c0f55048,CY,none,False,False,0
705f1ee3c7,CY,none,False,False,0
e4190b8203,CZ,none,False,False,0
01c4634358,CZ,none,False,False,0
c160a72fc7,CZ,lei_declared,True,False,1
39bb3677b0,CZ,register_qualified,True,False,1
c6131debc3,CZ,none,False,False,0
7c9069396d,CZ,none,False,False,0
c4d2ece93f,CZ,lei_declared,True,False,1
ba35cc4a3b,CZ,lei_declared,True,False,1
f971d5354a,CZ,register_qualified,True,False,1
354ac9813b,CZ,none,False,False,0
35b9624f1e,CZ,none,False,False,0
835860bcae,CZ,register_qualified,True,False,1
2ccdb33b8f,CZ,register_qualified,True,False,1
e2cb88fc7b,CZ,register_qualified,True,False,1
46a3f9cd15,CZ,lei_declared,True,False,1
6f13585b9d,CZ,none,False,False,0
4fb63d8381,CZ,none,False,False,0
70093e254f,CZ,none,False,False,0
a7078c493a,CZ,register_qualified,True,False,1
77b923c833,CZ,none,False,False,0
1b11bdd848,CZ,none,False,False,0
5d3f7afedb,CZ,none,False,False,0
f87352667a,CZ,none,False,False,0
b1b734c0ea,CZ,none,False,False,0
fe17716dff,CZ,none,False,False,0
505166c828,CZ,register_qualified,True,False,1
f7b1758b4f,CZ,lei_declared,True,False,1
d9dae7d7aa,CZ,none,False,False,0
c60f363e16,CZ,register_qualified,True,False,1
429ec59fa2,CZ,none,False,False,0
6a794564e2,CZ,lei_declared,True,False,1
d609c84f37,CZ,none,False,False,0
bc9f7a919e,CZ,register_qualified,True,False,1
6ff52f0c12,CZ,none,False,False,0
237b29b56a,CZ,none,False,False,0
8cae97034a,CZ,none,False,False,0
b5b03a3ccf,CZ,none,False,False,0
8471ae697c,CZ,none,False,False,0
92504a1f54,CZ,none,False,False,0
b2a51b766d,CZ,lei_declared,True,False,1
7199707c8d,CZ,none,False,False,0
4e3358bd72,CZ,register_qualified,True,False,1
693eb67188,CZ,none,False,False,0
cc35b815f0,CZ,none,False,False,0
06db6f3ae8,CZ,none,False,False,0
d01e392668,CZ,none,False,False,0
2d03b93305,CZ,register_qualified,True,False,1
122b511811,CZ,none,False,False,0
bd5ce4ae63,CZ,register_qualified,True,False,1
00ab8bc135,CZ,register_qualified,True,False,1
26e8a75f30,CZ,lei_declared,True,False,1
b0f1527510,CZ,lei_declared,True,False,1
9ae5f4069b,CZ,none,False,False,0
f616569283,CZ,register_qualified,True,False,1
240fdbbab0,CZ,none,False,False,0
0f3b3e9bbf,CZ,none,False,False,0
fe7ef59eff,CZ,none,False,False,0
73690c5263,CZ,register_qualified,True,False,1
bffb0c95f7,CZ,none,False,False,0
bd0c727826,CZ,none,False,False,0
b62ee2b8b9,CZ,none,False,False,0
645c814b14,CZ,register_qualified,True,False,1
7197f02bf0,CZ,register_qualified,True,False,1
c409f30017,CZ,none,False,False,0
0425bfbd2e,CZ,lei_declared,True,False,1
0b9b5257c3,CZ,none,False,False,0
efccccecdc,CZ,none,False,False,0
ebc662ab0d,CZ,none,False,False,0
4e5a33e699,CZ,none,False,False,0
fb095e8759,CZ,none,False,False,0
fb6e413a64,CZ,register_qualified,True,False,1
8e89b9843a,CZ,none,False,False,0
8b1055e7ca,CZ,register_qualified,True,False,1
1715dfb2d0,CZ,lei_declared,True,False,1
b4e20a06c9,CZ,register_qualified,True,False,1
8cee4cc1bd,CZ,lei_declared,True,False,1
6b040e4c67,CZ,none,False,False,0
f35671a3f5,CZ,register_qualified,True,False,1
2d3776251e,CZ,register_qualified,True,False,1
67c4599a79,CZ,lei_declared,True,False,1
cf1d56a56b,CZ,register_qualified,True,False,1
5088f7c051,CZ,register_qualified,True,False,1
029ee222cd,CZ,register_qualified,True,False,1
d157aab8be,CZ,none,False,False,0
151b5b0e37,CZ,register_qualified,True,False,1
eb1c45fa3d,CZ,register_qualified,True,False,1
1ff8a83987,CZ,none,False,False,0
1b3a629a9a,CZ,none,False,False,0
f7c061d451,CZ,register_qualified,True,False,1
782dacf7ec,CZ,lei_declared,True,False,1
f8ea709fb3,CZ,lei_declared,True,False,1
f05f292c85,CZ,none,False,False,0
228c09aef3,CZ,register_qualified,True,False,1
a6f39a0c1d,CZ,register_qualified,True,False,1
b0a7711383,CZ,none,False,False,0
b1f74f39a3,CZ,none,False,False,0
7b53f86a18,CZ,lei_declared,True,False,1
4f3fd6618e,CZ,none,False,False,0
17e986d27b,CZ,none,False,False,0
af1a68d7df,CZ,lei_declared,True,False,1
2fb33d8eef,CZ,register_qualified,True,False,1
864a9f3c5d,CZ,none,False,False,0
860661a910,CZ,none,False,False,0
44a3a5cbd4,CZ,lei_declared,True,False,1
cadb472953,CZ,none,False,False,0
19fb4ffcdd,CZ,lei_declared,True,False,1
ad4a02e9ba,CZ,register_qualified,True,False,1
d36227dd8e,CZ,register_qualified,True,False,1
ab3388a3ec,CZ,register_qualified,True,False,1
82ea87229a,CZ,lei_declared,True,False,1
b13783b000,CZ,register_qualified,True,False,1
3b272d16a1,CZ,register_qualified,True,False,1
cb43ecb665,CZ,none,False,False,0
0a886d3a00,CZ,none,False,False,0
438e642f8c,CZ,none,False,False,0
8705277646,CZ,lei_declared,True,False,1
7e0eee1c3d,CZ,lei_declared,True,False,1
f8d7381f58,CZ,none,False,False,0
8ea15de809,CZ,none,False,False,0
0bc95cbb9f,CZ,none,False,False,0
e5a6b9fc58,CZ,lei_declared,True,False,1
605d7a8ea5,CZ,none,False,False,0
04a854dd17,CZ,none,False,False,0
690234574a,CZ,none,False,False,0
fa25f2fa95,CZ,none,False,False,0
8301d5e2d6,CZ,lei_declared,True,False,1
2a80429467,CZ,lei_declared,True,False,1
4ca88d438d,CZ,none,False,False,0
8f78198e4e,CZ,lei_declared,True,False,1
7ca2f43d1e,CZ,register_qualified,True,False,1
07568cf24e,CZ,none,False,False,0
3c9c7cde91,CZ,none,False,False,0
46d3d9badd,CZ,none,False,False,0
972fd4c6fb,CZ,none,False,False,0
cbafd8f0d9,CZ,none,False,False,0
342393ef84,CZ,none,False,False,0
f37092e1d9,CZ,none,False,False,0
166d4bfe15,CZ,none,False,False,0
6c87d74cb8,CZ,register_qualified,True,False,1
fa647c93d6,CZ,lei_declared,True,False,1
ee3691f693,CZ,register_qualified,True,False,1
6ce7a9c12c,CZ,lei_declared,True,False,1
c9fa458cbe,CZ,lei_declared,True,False,1
011b550ed5,CZ,none,False,False,0
14528cf2af,CZ,register_qualified,True,False,1
36c8c26057,CZ,lei_declared,True,False,1
1fc999357e,CZ,register_qualified,True,False,1
79f1330bc0,CZ,none,False,False,0
32ad53668a,CZ,register_qualified,True,False,1
0cd0401669,CZ,none,False,False,0
84d391d4e2,CZ,none,False,False,0
7bc45ea881,CZ,register_qualified,True,False,1
1c40c7c3a9,CZ,lei_declared,True,False,1
e4ab2a3256,CZ,register_qualified,True,False,1
2d7bc931fa,CZ,lei_declared,True,False,1
4d9119264f,CZ,register_qualified,True,False,1
b64bb668c4,CZ,lei_declared,True,False,1
6a09383192,CZ,register_qualified,True,False,1
72f2ae5c1d,CZ,none,False,False,0
48ac20e644,CZ,lei_declared,True,False,1
c6b9e95514,CZ,none,False,False,0
6f6170f54f,CZ,register_qualified,True,False,1
abd0883190,CZ,register_qualified,True,False,1
28ff2c48d7,CZ,none,False,False,0
ca20105174,CZ,none,False,False,0
d8edc0bbd3,CZ,register_qualified,True,False,1
8f5cb7b0da,CZ,lei_declared,True,False,1
dbb0c31cab,CZ,lei_declared,True,False,1
9d25033236,CZ,none,False,False,0
bba71b7378,CZ,lei_declared,True,False,1
252f6d0509,CZ,register_qualified,True,False,1
2a8feaff90,CZ,none,False,False,0
c35da22c42,CZ,lei_declared,True,False,1
c42fad599e,CZ,register_qualified,True,False,1
176360cb0c,CZ,none,False,False,0
8a24911fae,CZ,lei_declared,True,False,1
39dbee70dc,CZ,register_qualified,True,False,1
447b4fc172,CZ,none,False,False,0
98548c8257,CZ,lei_declared,True,False,1
d8c4eec745,CZ,none,False,False,0
bd966eb1aa,CZ,register_qualified,True,False,1
069a5d3148,CZ,register_qualified,True,False,1
8e8d31dcbc,CZ,none,False,False,0
da09648c75,CZ,register_qualified,True,False,1
a241c2b7cf,CZ,none,False,False,0
0d6ff9f735,CZ,lei_declared,True,False,1
8aff926834,CZ,none,False,False,0
de327085e8,CZ,register_qualified,True,False,1
e4651a4f44,CZ,none,False,False,0
459a0f18c5,CZ,lei_declared,True,False,1
8b11e97ee9,CZ,none,False,False,0
2ff7b11998,CZ,register_qualified,True,False,1
523d1b9cc0,CZ,register_qualified,True,False,1
66e7b411a8,CZ,register_qualified,True,False,1
f571f2404f,CZ,register_qualified,True,False,1
0c2b25f62a,CZ,register_qualified,True,False,1
ffba85354c,CZ,lei_declared,True,False,1
b11a1c64b4,CZ,register_qualified,True,False,1
a7ab7ba2ab,CZ,register_qualified,True,False,1
8ab99a3e7a,CZ,none,False,False,0
ec4e14f031,CZ,register_qualified,True,False,1
788d7322a8,CZ,register_qualified,True,False,1
be8def0b39,CZ,register_qualified,True,False,1
4914fc175f,CZ,none,False,False,0
d7a66a7aff,CZ,lei_declared,True,False,1
bb93ad532c,CZ,lei_declared,True,False,1
9a5cdd8e1f,CZ,lei_declared,True,False,1
6b004ecc12,CZ,lei_declared,True,False,1
b70e974bd6,CZ,none,False,False,0
ae689449b6,CZ,none,False,False,0
73205c93d4,CZ,register_qualified,True,False,1
c4fd4088c1,CZ,none,False,False,0
d97421e2f6,CZ,lei_declared,True,False,1
5a4755fb34,CZ,lei_declared,True,False,1
72ca838117,CZ,none,False,False,0
e5f6375257,CZ,register_qualified,True,False,1
038db95f76,CZ,register_qualified,True,False,1
2e53c0ac0d,CZ,none,False,False,0
04fe74dc98,CZ,lei_declared,True,False,1
60c73d161b,CZ,none,False,False,0
db5b665bae,CZ,lei_declared,True,False,1
b2eb88464f,CZ,register_qualified,True,False,1
1e0f8e461b,CZ,register_qualified,True,False,1
0e36778cb2,CZ,none,False,False,0
0ff7629485,CZ,register_qualified,True,False,1
b42048bff3,CZ,none,False,False,0
1340582828,CZ,none,False,False,0
0e7c855ff7,CZ,register_qualified,True,False,1
5c4b1e66ff,CZ,none,False,False,0
dbd075d53d,CZ,lei_declared,True,False,1
9a8887e5e1,CZ,none,False,False,0
f25d2921dc,CZ,none,False,False,0
30565bc014,CZ,register_qualified,True,False,1
f93e79a0c7,CZ,none,False,False,0
66c17adef3,CZ,register_qualified,True,False,1
f58ae09805,CZ,register_qualified,True,False,1
2b39ec4b92,CZ,none,False,False,0
e4889437db,CZ,none,False,False,0
bb13d26208,CZ,register_qualified,True,False,1
110b6ae280,CZ,none,False,False,0
b64aeacfee,CZ,lei_declared,True,False,1
1ff443711e,CZ,register_qualified,True,False,1
5dee86268b,CZ,register_qualified,True,False,1
9925b370dc,CZ,lei_declared,True,False,1
3d4a944f07,CZ,none,False,False,0
c1262c3bfb,CZ,register_qualified,True,False,1
2cf15c7c30,CZ,register_qualified,True,False,1
07f245af38,CZ,register_qualified,True,False,1
971061c85b,CZ,none,False,False,0
e39da5b3dc,CZ,register_qualified,True,False,1
d276d6ba60,CZ,lei_declared,True,False,1
9d5bb04f65,CZ,none,False,False,0
f9c14875f0,CZ,lei_declared,True,False,1
f8b1794d9d,CZ,lei_declared,True,False,1
837e4df5df,CZ,lei_declared,True,False,1
f557e9b8bd,CZ,lei_declared,True,False,1
25100a0261,CZ,lei_declared,True,False,1
f8c18a4e3a,CZ,lei_declared,True,False,1
e998f96ba0,CZ,lei_declared,True,False,1
b3a3e94df1,CZ,lei_declared,True,False,1
21bae403cd,CZ,lei_declared,True,False,1
8fbc56ec05,CZ,lei_declared,True,False,1
04b7913006,CZ,register_qualified,True,False,1
f74c5caa90,CZ,lei_declared,True,False,1
c09af499fc,CZ,register_qualified,True,False,1
f08573781b,CZ,none,False,False,0
506c495c4b,CZ,register_qualified,True,False,1
6616a61237,CZ,none,False,False,0
006579af0d,CZ,none,False,False,0
6282771c52,CZ,register_qualified,True,False,1
20002c8162,CZ,register_qualified,True,False,1
3b462b7abf,CZ,none,False,False,0
fe3540cacc,CZ,none,False,False,0
a669f1cbfa,CZ,register_qualified,True,False,1
3cf293ce55,CZ,register_qualified,True,False,1
5b7c0e19af,CZ,none,False,False,0
ecda288c86,CZ,register_qualified,True,False,1
1b52c6601c,CZ,none,False,False,0
a5879fc2df,CZ,none,False,False,0
cdb64e6477,CZ,lei_declared,True,False,1
81cb68fa25,CZ,register_qualified,True,False,1
a1192bfa61,CZ,none,False,False,0
27117535e3,CZ,none,False,False,0
3039a25542,CZ,none,False,False,0
b3b30f7a46,CZ,none,False,False,0
d000bc5481,CZ,lei_declared,True,False,1
292ea9160d,CZ,register_qualified,True,False,1
b1d47ade57,CZ,lei_declared,True,False,1
de8d05fef5,CZ,register_qualified,True,False,1
897fa12a16,CZ,register_qualified,True,False,1
b185d92089,CZ,none,False,False,0
ebef6fb072,CZ,none,False,False,0
577b06fb60,CZ,lei_declared,True,False,1
96886083af,CZ,none,False,False,0
6ffab440e6,CZ,lei_declared,True,False,1
f98b440ebe,CZ,lei_declared,True,False,1
aeae9f9430,CZ,none,False,False,0
e1865dd757,CZ,lei_declared,True,False,1
b40321be65,CZ,register_qualified,True,False,1
3156a42f73,CZ,none,False,False,0
e0d46eb28e,CZ,register_qualified,True,True,2
c65ba15554,CZ,register_qualified,True,False,1
f4a66ab2c2,CZ,none,False,False,0
8518edba45,CZ,none,False,False,0
4387363959,CZ,register_qualified,True,False,1
7f54a21b04,CZ,none,False,False,0
f0bc2d9a8b,CZ,none,False,False,0
2b0c0ffd63,CZ,none,False,False,0
ffb52d420e,CZ,register_qualified,True,False,1
1833d9260b,CZ,none,False,False,0
64ca792a40,CZ,lei_declared,True,False,1
46a6b8ac72,CZ,lei_declared,True,False,1
0fde798797,CZ,none,False,False,0
f467b8a9bd,CZ,none,False,False,0
c936e3408e,CZ,register_qualified,True,False,1
30ec6288cd,CZ,lei_declared,True,False,1
9b3d075027,CZ,register_qualified,True,False,1
7fbcefb9fd,CZ,register_qualified,True,False,1
d4714b9eda,CZ,lei_declared,True,False,1
0c8f5f0a9c,CZ,register_qualified,True,False,1
33f9c4284f,CZ,lei_declared,True,False,1
cca520ca38,CZ,lei_declared,True,False,1
4d5ad6c6c9,CZ,register_qualified,True,False,1
fdb15a422b,CZ,lei_declared,True,False,1
b0bfa6e439,CZ,none,False,False,0
4a03127851,CZ,lei_declared,True,False,1
1f36a47e96,CZ,none,False,False,0
ba7185b5fb,CZ,register_qualified,True,False,1
4677b6ac0e,CZ,register_qualified,True,False,1
79e9f1f1cf,CZ,none,False,False,0
0d80d9b3fb,CZ,none,False,False,0
354d787973,CZ,none,False,False,0
d1ffa8c106,CZ,register_qualified,True,False,1
2d6ed5e825,CZ,lei_declared,True,False,1
6970f902b6,CZ,none,False,False,0
b96efa7e69,CZ,register_qualified,True,False,1
58223bc963,CZ,none,False,False,0
ab4bd48ec5,CZ,none,False,False,0
ae10c0fa05,CZ,register_qualified,True,False,1
536ccf778f,CZ,lei_declared,True,False,1
5af14f9347,CZ,lei_declared,True,False,1
126c6a6f24,CZ,none,False,False,0
019167b29a,CZ,none,False,False,0
cda11ff2d1,CZ,none,False,False,0
508700a36c,CZ,lei_declared,True,False,1
41cc5eca45,CZ,none,False,False,0
0cf8a5e3fe,CZ,none,False,False,0
33a36d78ea,CZ,lei_declared,True,False,1
a7df7ae8b6,CZ,register_qualified,True,False,1
e9a73a5779,CZ,register_qualified,True,False,1
cbfda907ab,CZ,none,False,False,0
43a4030bbc,CZ,none,False,False,0
e42412d31b,CZ,register_qualified,True,False,1
f43999c231,CZ,lei_declared,True,False,1
c077950e62,CZ,register_qualified,True,False,1
964a75ba6e,CZ,lei_declared,True,False,1
f746db2867,CZ,lei_declared,True,False,1
95a9334b3f,CZ,none,False,False,0
55c7a230eb,CZ,register_qualified,True,False,1
c3f46f2f90,CZ,none,False,False,0
d3e8cfd26c,CZ,none,False,False,0
e61966df3b,CZ,none,False,False,0
6ea92a4c3a,CZ,none,False,False,0
bf3787ba03,CZ,none,False,False,0
c0642b23d1,CZ,lei_declared,True,False,1
e72f81be70,CZ,register_qualified,True,False,1
b2bca17229,CZ,none,False,False,0
6b6ac7c905,CZ,none,False,False,0
663d587e03,CZ,none,False,False,0
a54ede9300,CZ,none,False,False,0
d7958f5a4d,CZ,register_qualified,True,False,1
57e6efa9f1,CZ,none,False,False,0
6f55953a1b,CZ,none,False,False,0
b1b104ce4d,CZ,register_qualified,True,False,1
a5298c0120,CZ,lei_declared,True,False,1
116df22614,CZ,none,False,False,0
5d4b1f6a28,CZ,register_qualified,True,False,1
543a572afd,CZ,register_qualified,True,False,1
a696b619ed,CZ,lei_declared,True,False,1
d60abf5877,CZ,lei_declared,True,False,1
46706ff000,CZ,lei_declared,True,False,1
228d213137,CZ,none,False,False,0
0ef76d3b22,CZ,none,False,False,0
56efa75224,CZ,register_qualified,True,False,1
8140de512f,CZ,register_qualified,True,False,1
75a41cf5ad,CZ,register_qualified,True,False,1
2fa1b4e449,CZ,lei_declared,True,False,1
7e21451e32,CZ,register_qualified,True,False,1
ba6a6cd0f3,CZ,lei_declared,True,False,1
0f6454f688,CZ,register_qualified,True,False,1
e7846ef082,CZ,lei_declared,True,False,1
6af9a7e2ba,CZ,none,False,False,0
6437e3dcf7,CZ,register_qualified,True,False,1
e1e2584ccf,CZ,lei_declared,True,False,1
73c58100a7,CZ,lei_declared,True,False,1
5f9e940b69,CZ,register_qualified,True,False,1
e6ac39b5d0,CZ,lei_declared,True,False,1
7a902143ba,CZ,register_qualified,True,False,1
eeca53f178,CZ,register_qualified,True,False,1
75d761b7dd,CZ,none,False,False,0
6288cf31c1,CZ,lei_declared,True,False,1
001cc99d7e,CZ,register_qualified,True,False,1
98a6860aea,CZ,lei_declared,True,False,1
4bd30a2459,CZ,none,False,False,0
7a12fc6abc,CZ,none,False,False,0
7c720d61d3,CZ,lei_declared,True,False,1
055bb9378e,CZ,lei_declared,True,False,1
2ece5d21de,CZ,lei_declared,True,False,1
e562b25115,CZ,none,False,False,0
df85795e03,CZ,none,False,False,0
48d320dd59,CZ,none,False,False,0
8a85641253,CZ,none,False,False,0
8334677136,CZ,lei_declared,True,False,1
f249eb06b1,CZ,none,False,False,0
98d099dbf5,CZ,register_qualified,True,False,1
45bd989e92,CZ,register_qualified,True,False,1
5d3816c15a,CZ,register_qualified,True,False,1
2d8291a757,CZ,register_qualified,True,False,1
e1430e8fbf,CZ,lei_declared,True,False,1
523e8ebae1,CZ,lei_declared,True,False,1
66c3735c74,CZ,none,False,False,0
a7daed923a,CZ,none,False,False,0
58e434bcca,CZ,lei_declared,True,False,1
0577f0ec73,CZ,lei_declared,True,False,1
e5b91e849e,CZ,none,False,False,0
6adc0dbbe6,CZ,none,False,False,0
63cf7d12a7,CZ,register_qualified,True,False,1
5108ef8b81,CZ,register_qualified,True,False,1
ea92355100,CZ,register_qualified,True,False,1
22f3281e0e,CZ,none,False,False,0
389b4fe360,CZ,none,False,False,0
fc76a316f9,CZ,lei_declared,True,False,1
bf007153f3,CZ,lei_declared,True,False,1
ff5c51dcb8,CZ,lei_declared,True,False,1
b60a693289,CZ,lei_declared,True,False,1
3d13d644dc,CZ,lei_declared,True,False,1
24b2db5cde,CZ,lei_declared,True,False,1
43708b2fce,CZ,lei_declared,True,False,1
c1b6947209,CZ,register_qualified,True,False,1
b2fcfd2125,CZ,register_qualified,True,False,1
f41ea1bb74,CZ,none,False,False,0
166542472d,CZ,lei_declared,True,False,1
77a4d34b13,CZ,none,False,False,0
54d4d66736,CZ,lei_declared,True,False,1
090e7b1e50,CZ,lei_declared,True,False,1
1792d0c6fc,CZ,register_qualified,True,False,1
1ad7a532c7,CZ,lei_declared,True,False,1
49030a6ecb,CZ,register_qualified,True,False,1
77e8a9155e,CZ,none,False,False,0
49b8edd13d,CZ,lei_declared,True,False,1
f206f0f2cd,CZ,none,False,False,0
5c37668b63,CZ,register_qualified,True,False,1
9146306818,CZ,none,False,False,0
e0e7c11431,CZ,none,False,False,0
931e105480,CZ,lei_declared,True,False,1
ecc1cedb22,CZ,lei_declared,True,False,1
22288b5a3c,CZ,lei_declared,True,False,1
097821417f,CZ,none,False,False,0
da4f10d9d6,CZ,register_qualified,True,False,1
6076b135e4,CZ,none,False,False,0
2068f469dc,CZ,register_qualified,True,False,1
c0e6f19415,CZ,none,False,False,0
cece190afb,CZ,none,False,False,0
d5474db311,CZ,register_qualified,True,False,1
dc5183ab77,CZ,none,False,False,0
b276e5c30d,CZ,register_qualified,True,False,1
6c9bb0b1e2,CZ,register_qualified,True,False,1
0b7cfda7f0,CZ,register_qualified,True,False,1
375368d8b6,CZ,lei_declared,True,False,1
3e17375b70,CZ,register_qualified,True,False,1
eb3c054d39,CZ,none,False,False,0
da660fef67,CZ,none,False,False,0
6ebf75c68d,CZ,none,False,False,0
8e404274b7,CZ,register_qualified,True,False,1
8f73793808,CZ,register_qualified,True,False,1
097fe28520,CZ,none,False,False,0
316459cb42,CZ,lei_declared,True,False,1
f36cf3289f,CZ,register_qualified,True,False,1
cd8c440861,CZ,none,False,False,0
de794498a2,CZ,none,False,False,0
b007386278,CZ,register_qualified,True,False,1
cb657e5cb8,CZ,none,False,False,0
634f3d0d27,CZ,lei_declared,True,False,1
55e3325548,CZ,lei_declared,True,False,1
d518259197,CZ,lei_declared,True,False,1
573a36fe0c,CZ,lei_declared,True,False,1
1ce427f565,CZ,register_qualified,True,False,1
bb85653451,CZ,register_qualified,True,False,1
57e7fe41a4,CZ,lei_declared,True,False,1
c51176e963,CZ,lei_declared,True,False,1
338d437029,CZ,register_qualified,True,False,1
3a3bb49419,CZ,lei_declared,True,False,1
0870d2cc1f,CZ,lei_declared,True,False,1
bf0a9cdd31,CZ,lei_declared,True,False,1
bcebdc485e,CZ,none,False,False,0
b2aa42afc4,CZ,lei_declared,True,False,1
b0c3fc55f4,CZ,register_qualified,True,False,1
e220b9096a,CZ,none,False,False,0
2e2eeeb204,CZ,register_qualified,True,False,1
0971450857,CZ,register_qualified,True,False,1
ac6fced02a,CZ,lei_declared,True,False,1
c0d4617dd8,CZ,lei_declared,True,False,1
eea5604aa1,CZ,none,False,False,0
ffd42a5c07,CZ,register_qualified,True,False,1
179ef24362,CZ,none,False,False,0
83e0724aea,CZ,lei_declared,True,False,1
d3e1685e44,CZ,none,False,False,0
b61ef52d54,CZ,none,False,False,0
74fab093a1,CZ,register_qualified,True,False,1
9aa4417bd8,CZ,register_qualified,True,False,1
1f684d6302,CZ,register_qualified,True,False,1
503669d326,CZ,none,False,False,0
3fd3b11c27,CZ,none,False,False,0
f0f8c85b2b,CZ,lei_declared,True,False,1
3c91ed5496,CZ,register_qualified,True,False,1
084169dda0,CZ,none,False,False,0
b10c9bd9f6,CZ,none,False,False,0
59e8696203,CZ,register_qualified,True,False,1
5e1feeaf77,CZ,lei_declared,True,False,1
e9e4d1dde5,CZ,lei_declared,True,False,1
79e8c0bc5a,CZ,register_qualified,True,False,1
ab80a38065,CZ,none,False,False,0
b15a06c78c,CZ,register_qualified,True,False,1
0dcb36314b,CZ,lei_declared,True,False,1
4323d480cf,CZ,register_qualified,True,False,1
63dd19d45a,CZ,lei_declared,True,False,1
7d83a3bf09,CZ,none,False,False,0
81e51ab059,CZ,lei_declared,True,False,1
5f3b0c097d,DE,register_qualified,True,False,1
34d7219fee,DE,none,False,False,0
73922892e3,DE,none,False,False,0
e90227febf,DE,none,False,False,0
4113756639,DE,none,False,False,0
e002a1ba99,DE,none,False,False,0
9daba3b4f8,DE,none,False,False,0
8102de1d94,DE,none,False,False,0
c7aa342640,DE,none,False,False,0
41cefffb01,DE,none,False,False,0
86808d2d55,DE,none,False,False,0
6ba8199c02,DE,none,False,False,0
68484379b0,DE,none,False,False,0
f11413a21e,DE,none,False,False,0
e87e4ab6fc,DE,none,False,False,0
baac0cd2bd,DE,none,False,False,0
cebeec9686,DE,none,False,False,0
fcab082933,DE,none,False,False,0
5ca8b0f3f5,DE,none,False,False,0
213bb1c6d1,DE,none,False,False,0
c90a99c2e7,DE,none,False,False,0
621d51652d,DE,none,False,False,0
f25f1bc2e1,DE,none,False,False,0
6efd8e9a0f,DE,none,False,False,0
fd9942bd3c,DE,none,False,False,0
c601792fb2,DE,none,False,False,0
8f502cf1f2,DE,none,False,False,0
b8b442e1eb,DE,none,False,False,0
e5987ca2f0,DE,none,False,False,0
bd2b36a6eb,DE,none,False,False,0
a0b3d1a376,DE,none,False,False,0
2f7f910c3b,DE,none,False,False,0
6a6606102d,DE,none,False,False,0
f5fa4ec7b2,DE,none,False,False,0
7a3572dd3e,DE,none,False,False,0
f49657e759,DE,none,False,False,0
4fc25e35f8,DE,none,False,False,0
0ecd1311de,DE,none,False,False,0
0cceef7263,DE,none,False,False,0
3b4a8bcaf3,DE,none,False,False,0
caa31b8d0d,DE,none,False,False,0
47e4612a24,DE,none,False,False,0
0bed232662,DE,none,False,False,0
0dee26ace3,DE,none,False,False,0
a689c97460,DE,register_qualified,True,False,1
d8233ecc41,DE,register_qualified,True,False,1
6b0817c1ab,DE,register_qualified,True,False,1
15a5341973,DE,register_qualified,True,False,1
f00a5e78d3,DE,register_qualified,True,False,1
cd13cc236d,DE,none,False,False,0
b77b527d31,DE,none,False,False,0
31572a927c,DE,register_qualified,True,False,1
a6e1b8bd8d,DE,none,False,False,0
eb084f8919,DE,none,False,False,0
6ad25457ab,DE,none,False,False,0
b08d29e54d,DE,none,False,False,0
b70c75f0ab,DE,none,False,False,0
fa3cc2ddd2,DE,none,False,False,0
6a9ef46a25,DE,none,False,False,0
89f4808ac1,DE,none,False,False,0
9e576b7dd4,DE,none,False,False,0
402cfb83bb,DE,none,False,False,0
7ce81be964,DE,register_qualified,True,False,1
87b8931907,DE,lei_declared,True,False,1
b99c7e9687,DE,none,False,False,0
21edfb2312,DE,none,False,False,0
9dee917160,DE,none,False,False,0
d683f3de94,DE,none,False,False,0
7645c1e741,DE,none,False,False,0
c4c7e1bc06,DE,lei_declared,True,False,1
32c1ecd29f,DE,none,False,False,0
e6d5632149,DE,none,False,False,0
6df9c82a8a,DE,none,False,False,0
f45462bfbc,DE,none,False,False,0
b3710eee6a,DE,lei_declared,True,False,1
1b304b49f4,DE,none,False,False,0
7388c6397d,DE,none,False,False,0
ed00faddf3,DE,lei_declared,True,False,1
555febe3c3,DE,none,False,False,0
3de056bc7e,DE,none,False,False,0
031f1d74fe,DE,none,False,False,0
525a94c585,DE,none,False,False,0
d2ac33a5ea,DE,none,False,False,0
1ff9b2654a,DE,register_qualified,True,True,2
2ee48cc6a1,DE,none,False,False,0
86731c70d4,DE,none,False,False,0
5390df689b,DE,none,False,False,0
d05cdea070,DE,register_qualified,True,False,1
bf63e25ea4,DE,none,False,False,0
827cf47fd6,DE,none,False,False,0
984284d771,DE,none,False,False,0
843888b831,DE,none,False,False,0
334782c251,DE,none,False,False,0
109b3e7312,DE,register_qualified,True,True,4
855d08bd23,DE,none,False,False,0
7396d575de,DE,none,False,False,0
5d1a8e97d0,DE,none,False,False,0
e2156ffa72,DE,none,False,False,0
a6df003323,DE,lei_declared,True,False,1
3528c65a00,DE,lei_declared,True,False,1
d96fea014b,DE,none,False,False,0
f4aa298935,DE,none,False,False,0
ea521722a6,DE,none,False,False,0
8aa6344de4,DE,none,False,False,0
ba64046b5a,DE,none,False,False,0
487463f326,DE,none,False,False,0
7050834f15,DE,none,False,False,0
477dee51f0,DE,none,False,False,0
56e9c7d8f8,DE,none,False,False,0
161a21a497,DE,none,False,False,0
dc246db49d,DE,none,False,False,0
cfcbffb1ad,DE,none,False,False,0
51d6f5bb17,DE,lei_declared,True,False,1
249bfb4a94,DE,register_qualified,True,False,1
1b8c88ba14,DE,none,False,False,0
440984683a,DE,none,False,False,0
2e17916d52,DE,none,False,False,0
8e6b7ecc98,DE,none,False,False,0
523f492701,DE,register_qualified,True,False,1
e59fca676c,DE,none,False,False,0
dfc464327b,DE,none,False,False,0
ec7efb151e,DE,none,False,False,0
a00a6fd965,DE,none,False,False,0
8dfac6c2d9,DE,none,False,False,0
b876d43dbe,DE,none,False,False,0
9ca7aae6f4,DE,none,False,False,0
d95b26d378,DE,none,False,False,0
1bc93ec301,DE,none,False,False,0
8f25f766f8,DE,lei_declared,True,False,1
36cfac6eed,DE,lei_declared,True,False,1
bfed999680,DE,none,False,False,0
92ae4f7506,DE,none,False,False,0
b546226c1f,DE,none,False,False,0
fe82a3ba2c,DE,none,False,False,0
9a75a6b723,DE,none,False,False,0
873506b65d,DE,none,False,False,0
1faff66a83,DE,none,False,False,0
df742dee28,DE,none,False,False,0
e77c265dce,DE,none,False,False,0
20d9a0b8f3,DE,none,False,False,0
64d2e7d4a7,DE,none,False,False,0
5daee7b858,DE,none,False,False,0
a5948b341b,DE,none,False,False,0
d0b9701b3d,DE,register_qualified,True,True,2
dad9a2b849,DE,none,False,False,0
ce4fe81937,DE,none,False,False,0
b5d1988e32,DE,none,False,False,0
5801b3bc0a,DE,none,False,False,0
43fc405c44,DE,none,False,False,0
6237d03e69,DE,none,False,False,0
7012b8e1ff,DE,none,False,False,0
018eb36ec5,DE,none,False,False,0
bdc0558aad,DE,none,False,False,0
0518c860fb,DE,none,False,False,0
be297e6c99,DE,none,False,False,0
12be6c64f4,DE,none,False,False,0
3eb6cdf19c,DE,none,False,False,0
2970fc1442,DE,none,False,False,0
f95571465e,DE,none,False,False,0
48807a82d8,DE,none,False,False,0
b9bcd07880,DE,none,False,False,0
829dbf0d55,DE,none,False,False,0
0796b09942,DE,none,False,False,0
1e2915c820,DE,none,False,False,0
880c1e109c,DE,none,False,False,0
b96c5e9a0f,DE,none,False,False,0
0ce9c4e30f,DE,register_qualified,True,True,2
3971105a94,DE,none,False,False,0
5bb65290aa,DE,lei_declared,True,False,1
bff69b9bac,DE,none,False,False,0
8fd608ecba,DE,none,False,False,0
5b969a0242,DE,none,False,False,0
d903819e0c,DE,none,False,False,0
f0864f0837,DE,none,False,False,0
b31fc9ef14,DE,lei_declared,True,False,1
90a3ffb54c,DE,register_qualified,True,False,1
e3ec34189b,DE,none,False,False,0
6c49d1df3a,DE,none,False,False,0
23bc447138,DE,none,False,False,0
f7438ae077,DE,none,False,False,0
00d795c637,DE,none,False,False,0
9f62ea9fe8,DE,none,False,False,0
f250ee1294,DE,none,False,False,0
508153b028,DE,none,False,False,0
a9403b213f,DE,none,False,False,0
c3f9913cfc,DE,none,False,False,0
ffb2518360,DE,none,False,False,0
9082540d45,DE,none,False,False,0
4abc56a5e3,DE,register_qualified,True,False,1
109a0cd9e5,DE,none,False,False,0
2bed3b87a1,DE,none,False,False,0
d73a61f051,DE,none,False,False,0
0d22c963f4,DE,none,False,False,0
0357150c62,DE,none,False,False,0
d7cd9bce9e,DE,none,False,False,0
9ddb7afefd,DE,register_qualified,True,False,1
687fe273e5,DE,none,False,False,0
84ee7e12a4,DE,none,False,False,0
58e5f533a2,DE,none,False,False,0
a02ba85704,DE,none,False,False,0
dfa430e115,DE,none,False,False,0
c0ff78d721,DE,none,False,False,0
c6f2d8a1b6,DE,none,False,False,0
ca2f1190d5,DE,register_qualified,True,True,5
28bd407d46,DE,none,False,False,0
b7f9e49b93,DE,register_qualified,True,False,1
4c4dec22f4,DE,none,False,False,0
9102c8d0b6,DE,none,False,False,0
c928520385,DE,none,False,False,0
7b04566e6a,DE,none,False,False,0
afeb32d009,DE,none,False,False,0
2451be38b8,DE,lei_declared,True,False,1
fafa662383,DE,none,False,False,0
355eb98eda,DE,none,False,False,0
7336b5b8d4,DE,none,False,False,0
980cc91638,DE,none,False,False,0
f3c4b5c7a9,DE,lei_declared,True,False,1
b588d02e56,DE,none,False,False,0
42431c28c1,DE,none,False,False,0
97a4bbd3bb,DE,none,False,False,0
c6e175acca,DE,none,False,False,0
ca563f5d3b,DE,none,False,False,0
4f77bf8ca0,DE,register_qualified,True,False,1
1f9463913f,DE,none,False,False,0
aa62c09c64,DE,none,False,False,0
9570ab46a1,DE,none,False,False,0
51fb28728d,DE,none,False,False,0
6bbe11c88f,DE,none,False,False,0
19db2b02ed,DE,none,False,False,0
3c8ccf0c23,DE,none,False,False,0
593ce0500a,DE,none,False,False,0
541a0f0f41,DE,none,False,False,0
dc41032cc3,DE,none,False,False,0
b245708d28,DE,lei_declared,True,False,1
c25069bb09,DE,none,False,False,0
bde70da57c,DE,none,False,False,0
669eab8099,DE,none,False,False,0
7e9436b595,DE,none,False,False,0
5b1c9f75c6,DE,none,False,False,0
25fe5c81f9,DE,none,False,False,0
8972f347d2,DE,none,False,False,0
ac69cb8561,DE,none,False,False,0
2794554b67,DE,none,False,False,0
ef2d26124a,DE,register_qualified,True,True,2
a995f1b8e5,DE,none,False,False,0
7e8b0c6c00,DE,none,False,False,0
093b3bd929,DE,none,False,False,0
978457a73e,DE,none,False,False,0
58ff32b414,DE,none,False,False,0
16d5e82c63,DE,register_qualified,True,False,1
053b974009,DE,none,False,False,0
3ef9211159,DE,lei_declared,True,False,1
31031c4d10,DE,none,False,False,0
fa67b719b7,DE,none,False,False,0
161b4530fd,DE,none,False,False,0
df87d2872c,DE,none,False,False,0
29fbd8064a,DE,none,False,False,0
be6fb97768,DE,lei_declared,True,False,1
9d0bf81cca,DE,none,False,False,0
62cda96d12,DE,register_qualified,True,True,6
0f6a45813e,DE,none,False,False,0
56a7561dfb,DE,none,False,False,0
6b414ef8d8,DE,none,False,False,0
b497e6c9c2,DE,none,False,False,0
c5b7440820,DE,none,False,False,0
176b5be833,DE,none,False,False,0
1704b3edc0,DE,none,False,False,0
ba69dc758a,DE,none,False,False,0
e713dfa913,DE,none,False,False,0
6b5993874b,DE,none,False,False,0
8f0c28cb81,DE,none,False,False,0
35abda64b9,DE,none,False,False,0
d01260600f,DE,none,False,False,0
58e52ca3c1,DE,none,False,False,0
e0c8091c8e,DE,none,False,False,0
e526aa23b4,DE,none,False,False,0
d4fa774e26,DE,lei_declared,True,False,1
b4daadbdd3,DE,none,False,False,0
cfbc1e4210,DE,none,False,False,0
ae87d037fd,DE,none,False,False,0
d0839f47af,DE,none,False,False,0
bd12791f7a,DE,none,False,False,0
c4cffa3d03,DE,none,False,False,0
41217123d2,DE,none,False,False,0
5a6c0f2c9b,DE,none,False,False,0
8724c041c6,DE,lei_declared,True,False,1
9f657b342e,DE,none,False,False,0
194668099b,DE,none,False,False,0
a5e9b8a891,DE,none,False,False,0
ff8fd39437,DE,none,False,False,0
10c5075331,DE,none,False,False,0
b7991d82de,DE,none,False,False,0
ef42dac587,DE,lei_declared,True,False,1
76dedd59de,DE,none,False,False,0
dcfcd3ed45,DE,none,False,False,0
ef22448881,DE,none,False,False,0
ee2dddfeb8,DE,lei_declared,True,False,1
d22c89626a,DE,lei_declared,True,False,1
77d744eb98,DE,none,False,False,0
8ea4037810,DE,none,False,False,0
3e28eedc92,DE,none,False,False,0
9055cb04f0,DE,none,False,False,0
184c56ae00,DE,none,False,False,0
193aedc493,DE,none,False,False,0
c6e7f737c9,DE,none,False,False,0
cbe0a566d4,DE,none,False,False,0
b805a20c23,DE,lei_declared,True,False,1
46d2e83960,DE,none,False,False,0
add51e30cd,DE,none,False,False,0
8975631fdc,DE,none,False,False,0
e5784a7f42,DE,none,False,False,0
61a7a1891e,DE,none,False,False,0
0ac5146f8f,DE,lei_declared,True,False,1
e298897a14,DE,none,False,False,0
df1dcd32c5,DE,none,False,False,0
a9875afb9c,DE,none,False,False,0
40409d3ac6,DE,none,False,False,0
38d51df645,DE,none,False,False,0
26f1b65b55,DE,none,False,False,0
d2156a2b1e,DE,none,False,False,0
43b34f61cc,DE,none,False,False,0
4f454f1e5a,DE,none,False,False,0
a6afd10f58,DE,none,False,False,0
7c692733d5,DE,none,False,False,0
d3c78f525b,DE,none,False,False,0
838cbed404,DE,none,False,False,0
c07a1267e1,DE,none,False,False,0
69ccb9bd14,DE,none,False,False,0
7e762d3dd7,DE,none,False,False,0
db0b04d93a,DE,none,False,False,0
0ce6525bdd,DE,none,False,False,0
1cf3f605bd,DE,none,False,False,0
aa41bd30f4,DE,none,False,False,0
08d40bbcd0,DE,none,False,False,0
8769e88621,DE,none,False,False,0
c35e1bb32f,DE,none,False,False,0
e4bdba7d2d,DE,none,False,False,0
d76a531718,DE,none,False,False,0
38b0c1b1c9,DE,none,False,False,0
c0a8c77c9e,DE,none,False,False,0
516bde78be,DE,none,False,False,0
fb570df982,DE,none,False,False,0
2309ab5283,DE,none,False,False,0
f32c50abce,DE,none,False,False,0
4007e90a6a,DE,none,False,False,0
407f848c7a,DE,none,False,False,0
661866257f,DE,none,False,False,0
757b1c03b8,DE,none,False,False,0
707def239f,DE,none,False,False,0
530ac9216d,DE,none,False,False,0
c2dbe01258,DE,none,False,False,0
cd037e9780,DE,none,False,False,0
0324b52c0f,DE,none,False,False,0
e5d3885ed2,DE,none,False,False,0
447d4dfbe8,DE,lei_declared,True,False,1
53537fe6a1,DE,none,False,False,0
5280415761,DE,none,False,False,0
cb8f1b329c,DE,register_qualified,True,False,1
8167802247,DE,none,False,False,0
4907d6364e,DE,none,False,False,0
5851686240,DE,none,False,False,0
ebca5e5c8d,DE,none,False,False,0
3f82ffdb1d,DE,none,False,False,0
d7d1261ad4,DE,lei_declared,True,False,1
d2b31097c6,DE,none,False,False,0
53f5ea295b,DE,none,False,False,0
7e03fb8bbe,DE,none,False,False,0
58b90dd002,DE,none,False,False,0
3d0c6b96f1,DE,none,False,False,0
4c37dffe1e,DE,none,False,False,0
efe03cd4b1,DE,none,False,False,0
17b75a74f5,DE,none,False,False,0
2f80ce95ff,DE,lei_declared,True,False,1
697f504caa,DE,lei_declared,True,False,1
03175aab67,DE,lei_declared,True,False,1
20ad6af5d4,DE,none,False,False,0
b1fa9129fe,DE,none,False,False,0
19203d2223,DE,lei_declared,True,False,1
dc2e9d068b,DE,none,False,False,0
14143aa54c,DE,lei_declared,True,False,1
02590683d4,DE,lei_declared,True,False,1
a5d6dc9aac,DE,lei_declared,True,False,1
e4f4feb28c,DE,lei_declared,True,False,1
8651ce39d0,DE,lei_declared,True,False,1
74a6ef9a49,DE,lei_declared,True,False,1
352e6a5f32,DE,lei_declared,True,False,1
28e7409fd2,DE,lei_declared,True,False,1
550173bf0a,DE,lei_declared,True,False,1
09a1e4b43e,DE,lei_declared,True,False,1
6e09789aec,DE,lei_declared,True,False,1
a9d377327d,DE,lei_declared,True,False,1
46ca051100,DE,lei_declared,True,False,1
6673b994ac,DE,lei_declared,True,False,1
40907ffdc2,DE,lei_declared,True,False,1
fad0154e44,DE,lei_declared,True,False,1
1415bc0cb1,DE,lei_declared,True,False,1
f797f5c07c,DE,lei_declared,True,False,1
071235030c,DE,lei_declared,True,False,1
b22e49f6ec,DE,lei_declared,True,False,1
4164948b4f,DE,lei_declared,True,False,1
1345ff71e9,DE,lei_declared,True,False,1
eb2369605f,DE,lei_declared,True,False,1
5f49195522,DE,lei_declared,True,False,1
167870de21,DE,register_qualified,True,False,1
d048fa099a,DE,none,False,False,0
50df1edf69,DE,lei_declared,True,False,1
2ce46680a6,DE,lei_declared,True,False,1
67618540b4,DE,lei_declared,True,False,1
851abedf0d,DE,lei_declared,True,False,1
c9fb7f955f,DE,lei_declared,True,False,1
3fb1f67854,DE,lei_declared,True,False,1
1a7dbf3b15,DE,lei_declared,True,False,1
d8718266c9,DE,lei_declared,True,False,1
0e5f0e904a,DE,none,False,False,0
d55ea765e8,DE,lei_declared,True,False,1
bd06780b44,DE,lei_declared,True,False,1
375c67c645,DE,lei_declared,True,False,1
f37c7865fc,DE,lei_declared,True,False,1
342b90aec3,DE,lei_declared,True,False,1
ee435e7718,DE,lei_declared,True,False,1
c951b26254,DE,lei_declared,True,False,1
fac56b082e,DE,none,False,False,0
3a180003f6,DE,lei_declared,True,False,1
cf453741d3,DE,lei_declared,True,False,1
7b3ece249c,DE,lei_declared,True,False,1
873bca4b83,DE,lei_declared,True,False,1
1923e5a7be,DE,register_qualified,True,False,1
d4ee610af3,DE,lei_declared,True,False,1
230ad4a4e5,DE,lei_declared,True,False,1
09e1c8de76,DE,lei_declared,True,False,1
93f94cf7a8,DE,lei_declared,True,False,1
91f82f606d,DE,lei_declared,True,False,1
90950854ab,DE,lei_declared,True,False,1
84f2085e2a,DE,lei_declared,True,False,1
fcaad9d535,DE,register_qualified,True,False,1
0c103695b3,DE,register_qualified,True,False,1
6a53fe65dc,DE,lei_declared,True,False,1
7123a7924c,DE,lei_declared,True,False,1
64191e5832,DE,lei_declared,True,False,1
6df442e916,DE,lei_declared,True,False,1
c857a32fd5,DE,lei_declared,True,False,1
b44ab767b8,DE,none,False,False,0
d5cc247691,DE,lei_declared,True,False,1
7e74c4e76d,DE,lei_declared,True,False,1
3f170428b2,DE,lei_declared,True,False,1
518718bbeb,DE,lei_declared,True,False,1
b927fcb55d,DE,lei_declared,True,False,1
8089fd0f55,DE,lei_declared,True,False,1
570ec81c61,DE,none,False,False,0
911df639a0,DE,lei_declared,True,False,1
719a2f6762,DE,lei_declared,True,False,1
bb43e9c436,DE,lei_declared,True,False,1
c375e40d18,DE,lei_declared,True,False,1
b117a1cc08,DE,lei_declared,True,False,1
fcf122f2f2,DE,lei_declared,True,False,1
f4fd4802c2,DE,lei_declared,True,False,1
6895d968af,DE,lei_declared,True,False,1
721d0ee777,DE,lei_declared,True,False,1
a16abbe786,DE,lei_declared,True,False,1
c1bbb1bcf7,DE,lei_declared,True,False,1
d1f7e7b11b,DE,lei_declared,True,False,1
1ad7bc4014,DE,lei_declared,True,False,1
d9f0352fc7,DE,none,False,False,0
cb9af33d33,DE,lei_declared,True,False,1
23c3ee26d6,DE,lei_declared,True,False,1
a8b2636f7d,DE,lei_declared,True,False,1
b312948647,DE,lei_declared,True,False,1
09cd16f2a2,DE,lei_declared,True,False,1
773912c994,DE,lei_declared,True,False,1
4606fd1e11,DE,lei_declared,True,False,1
86d4d5beaf,DE,lei_declared,True,False,1
4ddd2f7c49,DE,lei_declared,True,False,1
5526f92e21,DE,lei_declared,True,False,1
7a67836641,DE,lei_declared,True,False,1
5dc5867493,DE,lei_declared,True,False,1
7d302cb913,DE,lei_declared,True,False,1
db72dbc87f,DE,register_qualified,True,False,1
83bd3bba3e,DE,lei_declared,True,False,1
1fb55aac7b,DE,lei_declared,True,False,1
fdba877a45,DE,lei_declared,True,False,1
eeb38cf478,DE,lei_declared,True,False,1
9fcc49191e,DE,none,False,False,0
1f12aa6055,DE,lei_declared,True,False,1
0bc13c8d1c,DE,register_qualified,True,False,1
8d1d018ebd,DE,none,False,False,0
d63d6b8eea,DE,none,False,False,0
a003ea9faf,DE,lei_declared,True,False,1
8f33aab743,DE,none,False,False,0
1c0207d371,DE,none,False,False,0
13fbb34f8a,DE,lei_declared,True,False,1
68ce290fdd,DE,none,False,False,0
7d10291cd6,DE,none,False,False,0
ee3e9b0d41,DE,none,False,False,0
40cece27f3,DE,register_qualified,True,True,2
59ee2ba34d,DE,lei_declared,True,False,1
1016f258a9,DE,none,False,False,0
003ca47e8a,DE,none,False,False,0
8c6908d0e2,DE,none,False,False,0
2fd1a06ee0,DE,none,False,False,0
44c6e07784,DE,none,False,False,0
1267a97400,DE,none,False,False,0
3971fc4f0a,DE,none,False,False,0
af61bbcea3,DE,none,False,False,0
bc335c1024,DE,none,False,False,0
97cd93b2bb,DE,none,False,False,0
013567fcf9,DE,none,False,False,0
47ee06ceb1,DE,none,False,False,0
9cebc41dd2,DE,none,False,False,0
f631304776,DE,none,False,False,0
2c743d209e,DE,none,False,False,0
cdb85e3198,DE,none,False,False,0
e05a48c33e,DE,none,False,False,0
0889d50321,DE,none,False,False,0
450ea0fd1a,DE,none,False,False,0
5a57f49552,DE,lei_declared,True,False,1
b9eeff4326,DE,none,False,False,0
6b717f9af8,DE,lei_declared,True,False,1
03084b2428,DE,none,False,False,0
93f5d71a80,DE,lei_declared,True,False,1
48d9cbe0ea,DE,none,False,False,0
bd2292fa2a,DE,none,False,False,0
34d5026d47,DE,none,False,False,0
b87c4c6191,DE,lei_declared,True,False,1
91a95c09f9,DE,none,False,False,0
4466efe80c,DE,none,False,False,0
96f632884d,DE,none,False,False,0
7c6c6c636d,DE,none,False,False,0
03ae05ff3c,DE,none,False,False,0
a48d109998,DE,none,False,False,0
03e095c39b,DE,none,False,False,0
27256eadd6,DE,none,False,False,0
653a2b8827,DE,none,False,False,0
d48186945d,DE,none,False,False,0
c2cfcc811c,DE,lei_declared,True,False,1
477e0e2d02,DE,none,False,False,0
4666ad3610,DE,register_qualified,True,False,1
1f2724a298,DE,none,False,False,0
962182611a,DE,none,False,False,0
cb6a6d9a3f,DE,register_qualified,True,True,2
de97327b38,DE,none,False,False,0
82fa1c5ac0,DE,none,False,False,0
cde43de5b4,DE,none,False,False,0
c15f2d4802,DE,none,False,False,0
2b8bca7256,DE,none,False,False,0
b6c611027c,DE,lei_declared,True,False,1
1f1b3b3922,DE,lei_declared,True,False,1
761fdc3a6f,DE,lei_declared,True,False,1
5c86366401,DE,none,False,False,0
72e077c257,DE,none,False,False,0
129b939337,DE,lei_declared,True,False,1
d2c364370d,DE,none,False,False,0
790d6f6be0,DE,none,False,False,0
a6c7c48dac,DE,none,False,False,0
56d5fb8f87,DE,lei_declared,True,False,1
47beaf4cac,DE,none,False,False,0
ff3aac9a7b,DE,none,False,False,0
6e351cb9ed,DE,none,False,False,0
428f42f781,DE,none,False,False,0
7bdfe18264,DE,none,False,False,0
1d673b4498,DE,none,False,False,0
f23bdf6d24,DE,none,False,False,0
7319dd4f0d,DE,none,False,False,0
9c3c5334dc,DE,none,False,False,0
f0374735f0,DE,none,False,False,0
2fb48d7392,DE,none,False,False,0
722f4fdc47,DE,none,False,False,0
5b16dae6d0,DE,none,False,False,0
61535489b0,DE,none,False,False,0
6797656d21,DE,none,False,False,0
3deffbe75d,DE,none,False,False,0
6ac799c34f,DE,lei_declared,True,False,1
a0194fcc24,DE,lei_declared,True,False,1
75bb394d4a,DE,none,False,False,0
96e51c1bb5,DE,none,False,False,0
dac290823d,DE,none,False,False,0
1933057810,DE,none,False,False,0
18c131a88c,DE,none,False,False,0
45c136830b,DE,none,False,False,0
27dfd45fa0,DE,none,False,False,0
74c9345ef4,DE,register_qualified,True,False,1
9260f014ed,DE,none,False,False,0
fa1e4d6125,DE,none,False,False,0
2f937301df,DE,none,False,False,0
dd328a5123,DE,none,False,False,0
b4358b53ef,DE,none,False,False,0
2ce43b6051,DE,none,False,False,0
c131a79c10,DE,none,False,False,0
dfe342c791,DE,none,False,False,0
a3e63e56b9,DE,none,False,False,0
9b7cd87cf0,DE,none,False,False,0
5ed6ec6969,DE,none,False,False,0
3ed58db52a,DE,none,False,False,0
8f30a57650,DE,none,False,False,0
5b333a7424,DE,none,False,False,0
ccbf9b723e,DE,none,False,False,0
3068e0128d,DE,none,False,False,0
757fe6cc98,DE,none,False,False,0
25d2d7f68e,DE,none,False,False,0
c00881720c,DE,none,False,False,0
14c7c1e8fe,DE,none,False,False,0
b31e513b9a,DE,none,False,False,0
4bf9a2708c,DE,register_qualified,True,False,1
f0569b373c,DE,none,False,False,0
cc75202b8b,DE,none,False,False,0
9be75f8f4e,DE,none,False,False,0
45dd913570,DE,none,False,False,0
52d5079613,DE,none,False,False,0
b3e5ffcbf4,DE,lei_declared,True,False,1
86e15dc445,DE,none,False,False,0
4c42cf0389,DE,none,False,False,0
f9635efe35,DE,none,False,False,0
284b89d0a7,DE,none,False,False,0
33278d0d2f,DE,none,False,False,0
b952dd9f17,DE,none,False,False,0
5fa57fe9a7,DE,none,False,False,0
4fb9d5b6b9,DE,none,False,False,0
65252f06db,DE,none,False,False,0
4b2375c1b2,DE,none,False,False,0
ddff24d7bf,DE,none,False,False,0
a3b233b32e,DE,none,False,False,0
87dee638b5,DE,register_qualified,True,False,1
4b0ff585ec,DE,none,False,False,0
a3596c104e,DE,none,False,False,0
cb85bdf841,DE,register_qualified,True,False,1
597d4aeca8,DE,none,False,False,0
53544b81fc,DE,none,False,False,0
a4ebb4dc8a,DE,none,False,False,0
bcf489f2f1,DE,none,False,False,0
cffcc56032,DE,none,False,False,0
4918c9b13f,DE,lei_declared,True,False,1
19a7f3e3b7,DE,lei_declared,True,False,1
62b360ef35,DE,lei_declared,True,False,1
ee08aff1b2,DE,lei_declared,True,False,1
24b9572c73,DE,lei_declared,True,False,1
ad797f9f5e,DE,lei_declared,True,False,1
266914fca2,DE,lei_declared,True,False,1
7cf08290de,DE,lei_declared,True,False,1
955bf28925,DE,lei_declared,True,False,1
93e4b3fa9b,DE,lei_declared,True,False,1
10c1c50fc3,DE,lei_declared,True,False,1
ec15029085,DE,lei_declared,True,False,1
e1c1be5846,DE,lei_declared,True,False,1
1eb95f1355,DE,lei_declared,True,False,1
3115af4026,DE,lei_declared,True,False,1
67e7fb0fcd,DE,lei_declared,True,False,1
10241dd47d,DE,lei_declared,True,False,1
acf284097d,DE,none,False,False,0
bea78eb84d,DE,none,False,False,0
52ae5f467d,DE,none,False,False,0
eec06454dd,DE,none,False,False,0
6459ecf9b3,DE,none,False,False,0
59080eb70f,DE,none,False,False,0
cc5bc25e0c,DE,none,False,False,0
955e28f710,DE,lei_declared,True,False,1
0a51d4e9ae,DE,none,False,False,0
99dd41a2f4,DE,none,False,False,0
5d652a9394,DE,lei_declared,True,False,1
3fbba9962e,DE,none,False,False,0
96ffb55532,DE,none,False,False,0
bd2c7fcb11,DE,none,False,False,0
29f3ebb870,DE,none,False,False,0
34270363fe,DE,none,False,False,0
3f6ffaf14b,DE,none,False,False,0
4dda948cac,DE,none,False,False,0
6e827b5193,DE,none,False,False,0
c8733ea114,DE,none,False,False,0
6d37905612,DE,none,False,False,0
755d92b1a0,DE,none,False,False,0
63ef994dd9,DE,lei_declared,True,False,1
ca08b1a0ac,DE,lei_declared,True,False,1
e7fc5df97c,DE,register_qualified,True,False,1
8ce443eb1b,DE,lei_declared,True,False,1
ef4f26d757,DE,none,False,False,0
3d7e33ae99,DE,none,False,False,0
7de2514abf,DE,none,False,False,0
2f88fab1c7,DE,none,False,False,0
7c40677002,DE,none,False,False,0
dd9594c9a4,DE,none,False,False,0
e4be1a9cf6,DE,none,False,False,0
99d659c3c2,DE,none,False,False,0
5f0297bb66,DE,none,False,False,0
13f7017e28,DE,none,False,False,0
dc2b05625b,DE,none,False,False,0
2339e88502,DE,none,False,False,0
a02183ffe7,DE,none,False,False,0
47697e5313,DE,none,False,False,0
41af1c760e,DE,none,False,False,0
c5b6692d96,DE,none,False,False,0
492674d190,DE,none,False,False,0
afed1e3915,DE,none,False,False,0
f9ca6834e4,DE,none,False,False,0
c8dbe04af5,DE,none,False,False,0
3c9f6d9e31,DE,none,False,False,0
c2c8935b00,DE,none,False,False,0
d5c6914e49,DE,none,False,False,0
06dc98179b,DE,none,False,False,0
fe1a8c29c8,DE,none,False,False,0
4a320e715c,DE,none,False,False,0
99721b0c51,DE,none,False,False,0
699bec2149,DE,none,False,False,0
0147373601,DE,register_qualified,True,True,2
e3b7688ad4,DE,none,False,False,0
79e19dc37b,DE,none,False,False,0
96e8a7c2d1,DE,none,False,False,0
06b6d9fe1c,DE,none,False,False,0
86d15f57fa,DE,none,False,False,0
b2e1ddbe62,DE,none,False,False,0
ec8534c167,DE,none,False,False,0
69b162a140,DE,register_qualified,True,False,1
1a4f54f55a,DE,none,False,False,0
d2942da5af,DE,none,False,False,0
4a940fc4a1,DE,none,False,False,0
1ab1dfe301,DE,none,False,False,0
a2598efc77,DE,none,False,False,0
78d8a4c6ba,DE,none,False,False,0
da895666be,DE,none,False,False,0
a7162bb86d,DE,none,False,False,0
67e605a702,DE,none,False,False,0
9796072733,DE,lei_declared,True,False,1
2e3813da56,DE,none,False,False,0
78a833358d,DE,none,False,False,0
aefe9938cd,DE,none,False,False,0
d195de18fc,DE,none,False,False,0
d92590b7f7,DE,none,False,False,0
afc38579c8,DE,none,False,False,0
18d8b3cb8a,DE,none,False,False,0
6799bb34bb,DE,none,False,False,0
b55c99c064,DE,none,False,False,0
b4da386a1f,DE,none,False,False,0
b5240429eb,DE,none,False,False,0
d1add6487f,DE,none,False,False,0
7be5cf5206,DE,none,False,False,0
8fd4f8ac05,DE,register_qualified,True,True,2
ec158819c3,DE,lei_declared,True,False,1
1191c1f818,DE,none,False,False,0
df43b2d063,DE,none,False,False,0
6160a6a580,DE,none,False,False,0
89cd731c3e,DE,none,False,False,0
8c1ea68770,DE,none,False,False,0
d1222be983,DE,none,False,False,0
0f559e8a5d,DE,none,False,False,0
54f7f71881,DE,none,False,False,0
95edcf5527,DE,none,False,False,0
fe703b1df9,DE,none,False,False,0
226fe5adc3,DE,none,False,False,0
245921834c,DE,register_qualified,True,False,1
5b3c18aaee,DE,none,False,False,0
d4b1957b6d,DE,none,False,False,0
8799623d50,DE,lei_declared,True,False,1
2e2474da85,DE,none,False,False,0
2c66f0ce17,DE,none,False,False,0
4a0e00abe2,DE,none,False,False,0
ae5c152d18,DE,none,False,False,0
9b3c481814,DE,none,False,False,0
322755f53d,DE,none,False,False,0
e3fd5d39f2,DE,none,False,False,0
9eb7105c5d,DE,none,False,False,0
a23085ccbe,DE,none,False,False,0
56143f75cd,DE,none,False,False,0
1567e85707,DE,none,False,False,0
1cc57ef995,DE,none,False,False,0
035189c1f3,DE,none,False,False,0
9a81bb58c2,DE,none,False,False,0
94c071a5cc,DE,none,False,False,0
15c9adc706,DE,none,False,False,0
09087cb104,DE,none,False,False,0
413008f047,DE,none,False,False,0
c317815909,DE,none,False,False,0
abb1d1ffb1,DE,none,False,False,0
27aaf01499,DE,none,False,False,0
e6357f36bc,DE,none,False,False,0
87569dbaa1,DE,none,False,False,0
fb98e30246,DE,none,False,False,0
8940917155,DE,none,False,False,0
e06ff5828d,DE,none,False,False,0
614b52ae54,DE,none,False,False,0
1998043568,DE,lei_declared,True,False,1
94a221d65a,DE,none,False,False,0
a795eb4c31,DE,register_qualified,True,False,1
6964304fd3,DE,none,False,False,0
afbafdc663,DE,none,False,False,0
535e865f5d,DE,none,False,False,0
d828fb3c9c,DE,none,False,False,0
57aad58fa2,DE,none,False,False,0
8a8913e5ab,DE,none,False,False,0
0b2ea7a4a5,DE,none,False,False,0
89e9a960ac,DE,none,False,False,0
8e7460c366,DE,none,False,False,0
7674144d06,DE,none,False,False,0
7c9aa9e92e,DE,none,False,False,0
60da9937f8,DE,lei_declared,True,False,1
bb2a78ec19,DE,none,False,False,0
eea9b32f25,DE,none,False,False,0
929d713156,DE,none,False,False,0
3136e1b3e3,DE,none,False,False,0
ac52741945,DE,none,False,False,0
bb7589decf,DE,none,False,False,0
e36c128606,DE,register_qualified,True,True,3
600ab10ac4,DE,none,False,False,0
95df97bac4,DE,none,False,False,0
35f1757953,DE,register_qualified,True,False,1
91adbd3b17,DE,none,False,False,0
051d6bf2a2,DE,none,False,False,0
0019e98227,DE,none,False,False,0
b6b6a26945,DE,register_qualified,True,False,1
13cd55dff8,DE,none,False,False,0
392bae0abd,DE,none,False,False,0
cf7180c21b,DE,none,False,False,0
3b4c25575a,DE,none,False,False,0
119f14040f,DE,none,False,False,0
c32b6ea903,DE,none,False,False,0
4655a4a4f1,DE,none,False,False,0
1950015ed7,DE,none,False,False,0
249428eca0,DE,register_qualified,True,False,1
7c9500bdfe,DE,register_qualified,True,True,2
6c80acf63b,DE,none,False,False,0
6b537874da,DE,none,False,False,0
0534d005ff,DE,none,False,False,0
4e41f0c6f8,DE,none,False,False,0
afe216bd0b,DE,none,False,False,0
07ca5d87d9,DE,none,False,False,0
21dab70c1b,DE,none,False,False,0
e2d0417318,DE,none,False,False,0
133fd56791,DE,none,False,False,0
6379121e90,DE,none,False,False,0
0bb0bc9e8d,DE,none,False,False,0
90ce0bc7bf,DE,none,False,False,0
184a2fa370,DE,none,False,False,0
a7db017726,DE,none,False,False,0
5fa91a66b7,DE,none,False,False,0
6b2eedfff9,DE,lei_declared,True,False,1
a5cf3b74a6,DE,register_qualified,True,True,3
61873c0a8f,DE,none,False,False,0
ee1c198a61,DE,none,False,False,0
dba0e64a3d,DE,none,False,False,0
8f2d4d6753,DE,none,False,False,0
a7d3a58750,DE,none,False,False,0
ec8f6fcae7,DE,none,False,False,0
c6c251ebad,DE,none,False,False,0
38fc121d8d,DE,none,False,False,0
d255656578,DE,register_qualified,True,True,4
bb48b2bc15,DE,none,False,False,0
36bdc53d52,DE,none,False,False,0
bf783b8003,DE,lei_declared,True,False,1
68dec0d17f,DE,none,False,False,0
6bc3e1b77a,DE,none,False,False,0
7cf0f4dfa1,DE,none,False,False,0
03858f8ece,DE,none,False,False,0
84924f6419,DE,none,False,False,0
6050f995ae,DE,none,False,False,0
bcb69fe211,DE,none,False,False,0
7785d9c7c6,DE,none,False,False,0
384aaddadf,DE,none,False,False,0
93f138228d,DE,none,False,False,0
cb19e8c788,DE,none,False,False,0
0924abaddc,DE,none,False,False,0
edf5bcdcce,DE,none,False,False,0
a30504b435,DE,none,False,False,0
c2bdcfe312,DE,lei_declared,True,False,1
7d9abfac45,DE,register_qualified,True,False,1
9825c88336,DE,none,False,False,0
d230432632,DE,none,False,False,0
cc675e5090,DE,none,False,False,0
6794276614,DE,none,False,False,0
45ef89a7f3,DE,none,False,False,0
997cafb1f4,DE,none,False,False,0
0d6f7edcc8,DE,none,False,False,0
6b44d5644b,DE,none,False,False,0
0d8fd4162c,DE,none,False,False,0
4808938ab6,DE,none,False,False,0
c6130b6777,DE,none,False,False,0
988209b366,DE,none,False,False,0
ba5f7998e2,DE,none,False,False,0
93146f2a46,DE,register_qualified,True,False,1
eed2742f80,DE,none,False,False,0
53816ecba0,DE,none,False,False,0
33ad4407e0,DE,none,False,False,0
8120058755,DE,none,False,False,0
8fd0585b1c,DE,none,False,False,0
14b36ecbaf,DE,none,False,False,0
73c2b9a0aa,DE,none,False,False,0
fc4a24f4a2,DE,none,False,False,0
1b268a552c,DE,none,False,False,0
ac355c43e8,DE,none,False,False,0
8332dbc485,DE,none,False,False,0
6536d800ca,DE,none,False,False,0
86bed0cdff,DE,none,False,False,0
69272de65a,DE,none,False,False,0
13052cc799,DE,none,False,False,0
73e2f569fa,DE,lei_declared,True,False,1
6fdd44a09e,DE,none,False,False,0
20e96402a0,DE,none,False,False,0
04fdea7f86,DE,none,False,False,0
e4732aa75c,DE,none,False,False,0
060de39d6e,DE,none,False,False,0
64d032599b,DE,none,False,False,0
219555901b,DE,none,False,False,0
266b666616,DE,none,False,False,0
54c3c81384,DE,none,False,False,0
c013be67c8,DE,none,False,False,0
688c671904,DE,none,False,False,0
feef88e72e,DE,none,False,False,0
418f1f676a,DE,none,False,False,0
922007ae39,DE,none,False,False,0
a80c76b64e,DE,none,False,False,0
1713c0e642,DE,none,False,False,0
30ee8879b7,DE,register_qualified,True,False,1
c5cc96b08e,DE,none,False,False,0
718ff8a0de,DE,none,False,False,0
eb8bb9c5c2,DE,none,False,False,0
62e8603d5c,DE,none,False,False,0
9fada1c7e4,DE,none,False,False,0
ecec3a8baf,DE,none,False,False,0
a321daae48,DE,none,False,False,0
03e3e0abff,DE,none,False,False,0
62544cbd83,DE,none,False,False,0
61d5e8e1c4,DE,none,False,False,0
41e5dfe850,DE,lei_declared,True,False,1
a510da24b4,DE,none,False,False,0
151601e177,DE,none,False,False,0
fda7aea280,DE,none,False,False,0
246879f424,DE,none,False,False,0
251030b98b,DE,register_qualified,True,False,1
3997dced8b,DE,none,False,False,0
ca9116af37,DE,none,False,False,0
50ffa3011c,DE,none,False,False,0
1ad94211e1,DE,none,False,False,0
199f945556,DE,none,False,False,0
ac92e269ce,DE,register_qualified,True,False,1
7666ff518f,DE,lei_declared,True,False,1
75fc27a3b3,DE,none,False,False,0
d55142a739,DE,none,False,False,0
527769b764,DE,none,False,False,0
61624fe27d,DE,register_qualified,True,False,1
bc9075315d,DE,register_qualified,True,False,1
eac7779ffe,DE,none,False,False,0
dc055d2caa,DE,lei_declared,True,False,1
0e81a934cf,DE,none,False,False,0
0e4bdb22db,DE,none,False,False,0
ed6b2609e7,DE,register_qualified,True,False,1
c593894b06,DE,none,False,False,0
1d0f467029,DE,none,False,False,0
a925844279,DE,none,False,False,0
41e66a7e16,DE,none,False,False,0
b8b27d5be7,DE,lei_declared,True,False,1
7999d9cdc1,DE,none,False,False,0
07dfb2a3b0,DE,none,False,False,0
1093434105,DE,none,False,False,0
ec7f87b2a3,DE,none,False,False,0
bb513adc00,DE,none,False,False,0
3bb51348bb,DE,none,False,False,0
63f79e4b21,DE,none,False,False,0
4f423cd790,DE,none,False,False,0
a82abf44b5,DE,none,False,False,0
8ddd3cb76f,DE,none,False,False,0
a7da8cabfc,DE,none,False,False,0
2fe21bbf0c,DE,none,False,False,0
e652f6c7aa,DE,none,False,False,0
7b8a7add5a,DE,none,False,False,0
b20d843c62,DE,none,False,False,0
8336523349,DE,none,False,False,0
4835446be3,DE,none,False,False,0
a6651c0ee1,DE,none,False,False,0
244e2eb26b,DE,none,False,False,0
14ae489d1e,DE,none,False,False,0
9dee45d5a1,DE,register_qualified,True,False,1
5125fcfe54,DE,none,False,False,0
6792085a83,DE,none,False,False,0
2efa78b1e4,DE,none,False,False,0
38e87914ea,DE,none,False,False,0
df914d3864,DE,none,False,False,0
bba78f5ee7,DE,lei_declared,True,False,1
8aed005b72,DE,none,False,False,0
e316f1d163,DE,lei_declared,True,False,1
4156e9585b,DE,none,False,False,0
012939bccd,DE,none,False,False,0
d6d7968567,DE,none,False,False,0
d223759c6f,DE,register_qualified,True,True,3
8e80b57674,DE,register_qualified,True,False,1
5dba934a99,DE,none,False,False,0
e517cd35ef,DE,none,False,False,0
2b917b41f8,DE,none,False,False,0
92d5215432,DE,lei_declared,True,False,1
85d0155cb9,DE,none,False,False,0
a0028b2a6a,DE,none,False,False,0
d4ade6157f,DE,none,False,False,0
e78936428e,DE,none,False,False,0
225a03a2da,DE,none,False,False,0
dd19b84a76,DE,lei_declared,True,False,1
a4d79639de,DE,register_qualified,True,False,1
3d9863f751,DE,lei_declared,True,False,1
1ab5b03d5d,DE,none,False,False,0
55793a11f5,DE,register_qualified,True,False,1
561feff1bb,DE,lei_declared,True,False,1
278f4aacfe,DE,none,False,False,0
080e548610,DE,none,False,False,0
d0ebf069d0,DE,none,False,False,0
b49707afed,DE,none,False,False,0
dfde569948,DE,register_qualified,True,True,4
66095a931b,DE,none,False,False,0
e352d1e30d,DE,none,False,False,0
48d7d0ee44,DE,none,False,False,0
ea008bb4d3,DE,none,False,False,0
8515e92592,DE,none,False,False,0
7c564ffabf,DE,none,False,False,0
deba3e42c2,DE,none,False,False,0
b129646ad9,DE,none,False,False,0
d52239ed84,DE,none,False,False,0
db554af4e2,DE,none,False,False,0
aea2fe801a,DE,none,False,False,0
3e34053453,DE,none,False,False,0
008ce3932f,DE,none,False,False,0
c666d8d548,DE,lei_declared,True,False,1
e85f5623d8,DE,none,False,False,0
b1f8a37514,DE,none,False,False,0
c67955e1d3,DE,none,False,False,0
3304a269c8,DE,none,False,False,0
7f69e671fa,DE,none,False,False,0
c96a2a1287,DE,none,False,False,0
07c7a27277,DE,none,False,False,0
e2d4522927,DE,none,False,False,0
87f9639239,DE,none,False,False,0
d8b6df81eb,DE,none,False,False,0
6b708c6fc8,DE,none,False,False,0
d826f0a118,DE,lei_declared,True,False,1
8bc0176343,DE,none,False,False,0
549de0bd5f,DE,none,False,False,0
e9642b537a,DE,register_qualified,True,True,2
3bfd1361b1,DE,none,False,False,0
f89646ddc7,DE,register_qualified,True,False,1
7e0785ab08,DE,none,False,False,0
718c7f24ca,DE,none,False,False,0
1bb8543c6d,DE,none,False,False,0
f2ebdb062e,DE,none,False,False,0
9119b0ba83,DE,none,False,False,0
05b63cbf95,DE,register_qualified,True,False,1
ddc70d3b87,DE,none,False,False,0
8f9b91939e,DE,none,False,False,0
b5d6b8297e,DE,none,False,False,0
2170784e4f,DE,none,False,False,0
363fff4f9b,DE,none,False,False,0
cb54e462e5,DE,none,False,False,0
b1d5c93783,DE,register_qualified,True,False,1
f0cbe420b2,DE,register_qualified,True,False,1
7f34063216,DE,none,False,False,0
d5c6908703,DE,none,False,False,0
9e7d7c680a,DE,none,False,False,0
660eb3ee88,DE,none,False,False,0
d4a048a49d,DE,lei_declared,True,False,1
afa2ebdcd2,DE,none,False,False,0
d29d03ca08,DE,none,False,False,0
cdc9b83a59,DE,none,False,False,0
e21d472752,DE,none,False,False,0
f53a2a643f,DE,none,False,False,0
c1c90f1c7c,DE,lei_declared,True,False,1
016479a177,DE,none,False,False,0
27e46c5ef5,DE,none,False,False,0
3cacd4e6c4,DE,none,False,False,0
6433d29d09,DE,none,False,False,0
faa84dc7cc,DE,register_qualified,True,True,3
c7b8887b83,DE,none,False,False,0
46bc8b3fee,DE,lei_declared,True,False,1
3a8ffd8d6f,DE,none,False,False,0
50ce94ae0c,DE,none,False,False,0
3efd42118d,DE,none,False,False,0
c109f9da61,DE,none,False,False,0
c5faf1a01a,DE,none,False,False,0
d7ed8f6672,DE,none,False,False,0
6f19cffda1,DE,none,False,False,0
b52f1af274,DE,none,False,False,0
fddf214c7d,DE,none,False,False,0
00d70ef399,DE,lei_declared,True,False,1
9c2cce4737,DE,none,False,False,0
2b4a49c8e8,DE,none,False,False,0
cd4e5312c5,DE,none,False,False,0
e01396bc2b,DE,none,False,False,0
c1ea32bf3e,DE,none,False,False,0
51c3bed2fe,DE,none,False,False,0
7b96cc8237,DE,none,False,False,0
5789f7825b,DE,none,False,False,0
a0049f0a13,DE,none,False,False,0
80025b3f60,DE,register_qualified,True,True,2
22771497dd,DE,none,False,False,0
a3f98f73de,DE,none,False,False,0
f1c9c4d2ab,DE,none,False,False,0
978168431a,DE,none,False,False,0
52945c18f7,DE,none,False,False,0
a945f17b7d,DE,none,False,False,0
1d4e4ffd46,DE,none,False,False,0
be37997cf1,DE,none,False,False,0
9fedc4421d,DE,none,False,False,0
fa833eb400,DE,none,False,False,0
f51f79bd60,DE,none,False,False,0
036ded7e98,DE,lei_declared,True,False,1
92286edd74,DE,none,False,False,0
bed10ba13b,DE,none,False,False,0
94b1df54a4,DE,none,False,False,0
1ee157df80,DE,none,False,False,0
3015c6912e,DE,none,False,False,0
b92ae8e02c,DE,none,False,False,0
4e7354f02a,DE,register_qualified,True,False,1
69df03a61d,DE,none,False,False,0
78886b0e31,DE,none,False,False,0
e3b126f8ca,DE,none,False,False,0
b648368deb,DE,none,False,False,0
1cfcd10131,DE,none,False,False,0
160de53afe,DE,lei_declared,True,False,1
1914314c0d,DE,none,False,False,0
b26f738fb4,DE,none,False,False,0
a0117329af,DE,none,False,False,0
01e42352ae,DE,none,False,False,0
c50ea19b27,DE,none,False,False,0
0cdf144b5f,DE,register_qualified,True,False,1
0427b97132,DE,none,False,False,0
ff485f0b0b,DE,none,False,False,0
9d3753d411,DE,none,False,False,0
9f7cee47bc,DE,none,False,False,0
2b25b1f340,DE,none,False,False,0
58bcdf44b6,DE,register_qualified,True,False,1
36c540e685,DE,none,False,False,0
b8d68de650,DE,none,False,False,0
723001bbbd,DE,none,False,False,0
952031f5eb,DE,none,False,False,0
0609ab14ef,DE,none,False,False,0
ec841e8687,DE,none,False,False,0
fc321d6d04,DE,none,False,False,0
a109886b25,DE,none,False,False,0
927999b9e8,DE,none,False,False,0
a35d4a03a7,DE,none,False,False,0
c646c0f9f5,DE,none,False,False,0
17aeb2af4d,DE,none,False,False,0
9b6e90154a,DE,none,False,False,0
f817b41730,DE,register_qualified,True,False,1
76e1d46a9b,DE,lei_declared,True,False,1
c1ea6f7685,DE,none,False,False,0
d592eb0d28,DE,none,False,False,0
10dc88988c,DE,none,False,False,0
e15df57b24,DE,none,False,False,0
f4134b2d7f,DE,none,False,False,0
5d6911d307,DE,none,False,False,0
e85c72a412,DE,none,False,False,0
014700aef9,DE,lei_declared,True,False,1
ac04079f0b,DE,none,False,False,0
9db67f3d56,DE,none,False,False,0
99fa6c52b8,DE,none,False,False,0
f0a06ce0c9,DE,none,False,False,0
9ac74d070e,DE,lei_declared,True,False,1
ffb5e026aa,DE,lei_declared,True,False,1
ea9e575473,DE,none,False,False,0
1fc7e9ab5b,DE,none,False,False,0
f5ee4a14bd,DE,none,False,False,0
3c34d5e522,DE,none,False,False,0
f72bba8ae7,DE,none,False,False,0
d0b3fa387f,DE,none,False,False,0
9d71923665,DE,none,False,False,0
c28102ff0d,DE,none,False,False,0
6f81b79229,DE,none,False,False,0
7490586e71,DE,none,False,False,0
f3443c8808,DE,none,False,False,0
29c48b9aca,DE,none,False,False,0
cf5eb359c6,DE,none,False,False,0
bf8356a900,DE,none,False,False,0
05aa2709b0,DE,none,False,False,0
a529cd7592,DE,none,False,False,0
706947bae9,DE,none,False,False,0
8b30114760,DE,none,False,False,0
94fc401b14,DE,none,False,False,0
5d2c917c50,DE,none,False,False,0
ab2fddaad3,DE,none,False,False,0
d347b9839a,DE,none,False,False,0
4a0b07bb82,DE,none,False,False,0
a402e4777a,DE,none,False,False,0
0a45137a22,DE,none,False,False,0
801af84fb8,DE,none,False,False,0
500f556858,DE,none,False,False,0
f02e9a4699,DE,none,False,False,0
4b1fdea1c9,DE,none,False,False,0
36cdf47340,DE,none,False,False,0
358bec6c38,DE,none,False,False,0
4a5e708ba2,DE,register_qualified,True,False,1
44c4edf572,DE,none,False,False,0
5e4e49b496,DE,none,False,False,0
945be47a64,DE,none,False,False,0
f57d0bfd12,DE,none,False,False,0
46ca801d06,DE,none,False,False,0
5d203f9cf2,DE,none,False,False,0
44434623a5,DE,none,False,False,0
d0ca3ab869,DE,none,False,False,0
161fa4e666,DE,lei_declared,True,False,1
d5d4d81089,DE,none,False,False,0
bbb21516e3,DE,lei_declared,True,False,1
b0aa8045d7,DE,none,False,False,0
2909840928,DE,none,False,False,0
501015f1d9,DE,none,False,False,0
9b3734a237,DE,none,False,False,0
e7d0ef8eb9,DE,none,False,False,0
6b715dba7b,DE,none,False,False,0
a091afd4d9,DE,none,False,False,0
40cf271ee5,DE,none,False,False,0
a78da36d4b,DE,none,False,False,0
ad7fc6e898,DE,none,False,False,0
c7cf5f2125,DE,none,False,False,0
e43363ab4a,DE,none,False,False,0
25aa2ef952,DE,none,False,False,0
5ac8851ffa,DE,none,False,False,0
5ff0a50a2d,DE,none,False,False,0
0bf4a89a4b,DE,none,False,False,0
c904579867,DE,lei_declared,True,False,1
a9827c7cde,DE,none,False,False,0
854bab4919,DE,none,False,False,0
4a6b8273e8,DE,register_qualified,True,False,1
a4cf9cb54d,DE,register_qualified,True,False,1
a0d39831a4,DE,none,False,False,0
44e757a4c4,DE,none,False,False,0
932cb4c4db,DE,none,False,False,0
ad516f40c2,DE,lei_declared,True,False,1
7f3f32236a,DE,none,False,False,0
1153ee9667,DE,none,False,False,0
05239c35fb,DE,none,False,False,0
8981d168db,DE,none,False,False,0
4f3834e3fb,DE,none,False,False,0
4cff65a641,DE,none,False,False,0
68c70d6aa2,DE,none,False,False,0
66811a3c9b,DE,none,False,False,0
f81b235440,DE,none,False,False,0
6ff4dd100b,DE,none,False,False,0
0ecec4f96c,DE,none,False,False,0
79085f1d6c,DE,register_qualified,True,True,2
1022cca0c7,DE,lei_declared,True,False,1
ae79e852a4,DE,none,False,False,0
ebc7b621cc,DE,none,False,False,0
55b46bf747,DE,lei_declared,True,False,1
275e34511e,DE,none,False,False,0
ae6032dc90,DE,none,False,False,0
97e0bad5cb,DE,none,False,False,0
396cd06408,DE,lei_declared,True,False,1
9c49609177,DE,none,False,False,0
415fcfb78a,DE,register_qualified,True,True,3
68657842c1,DE,lei_declared,True,False,1
877feea084,DE,none,False,False,0
519d57eb6e,DE,none,False,False,0
0423ac491c,DE,register_qualified,True,True,2
9b696cd2c8,DE,none,False,False,0
d88ca052d4,DE,none,False,False,0
619f65eef4,DE,none,False,False,0
622c287504,DE,none,False,False,0
ab02ccf69f,DE,register_qualified,True,False,1
5b20c85ce1,DE,none,False,False,0
35be43d962,DE,lei_declared,True,False,1
f29a36fd85,DE,none,False,False,0
bdff68fca5,DE,none,False,False,0
0e81f25101,DE,lei_declared,True,False,1
19497921c4,DE,none,False,False,0
6117ace43a,DE,none,False,False,0
9801ff9407,DE,none,False,False,0
3ad864913e,DE,none,False,False,0
ef3df6fddb,DE,none,False,False,0
2b9723f195,DE,none,False,False,0
034d1c9a0c,DE,none,False,False,0
e41436a729,DE,none,False,False,0
c423e746b0,DE,none,False,False,0
f37a9d7f6d,DE,none,False,False,0
03df169dac,DE,none,False,False,0
eb1eeb207a,DE,register_qualified,True,True,3
394362f747,DE,none,False,False,0
b4429ce6df,DE,none,False,False,0
0131a5aae1,DE,none,False,False,0
808e5e9147,DE,none,False,False,0
fa6f15e894,DE,lei_declared,True,False,1
842d35d510,DE,none,False,False,0
8832182a0b,DE,none,False,False,0
7090750f9c,DE,none,False,False,0
cb710e17b6,DE,none,False,False,0
41b278985f,DE,register_qualified,True,False,1
d0f8175613,DE,none,False,False,0
8308a0b92b,DE,none,False,False,0
3b60a8371f,DE,none,False,False,0
c5e7b3dae8,DE,none,False,False,0
c34d6b486f,DE,none,False,False,0
c7ee76b50a,DE,lei_declared,True,False,1
57f84a5d0d,DE,none,False,False,0
a75302352b,DE,none,False,False,0
37071fbbed,DE,none,False,False,0
c0832f0263,DE,none,False,False,0
515200ab8a,DE,none,False,False,0
26439a1290,DE,none,False,False,0
7edcbd5db8,DE,none,False,False,0
ba3c98092a,DE,none,False,False,0
23f7030723,DE,none,False,False,0
4010241a16,DE,none,False,False,0
e95042686f,DE,none,False,False,0
5d38178b3f,DE,register_qualified,True,False,1
512b0d35b7,DE,none,False,False,0
de705095c2,DE,none,False,False,0
e9ab1cc3c5,DE,none,False,False,0
760348e3c5,DE,none,False,False,0
0b1e336380,DE,lei_declared,True,False,1
b78223ad6f,DE,none,False,False,0
130edd4274,DE,none,False,False,0
37fe4f83e7,DE,none,False,False,0
9beacd30f4,DE,none,False,False,0
f5ea2140e6,DE,none,False,False,0
394b4e070e,DE,lei_declared,True,False,1
dd04680955,DE,none,False,False,0
24e47581c1,DE,none,False,False,0
b50ed0f81f,DE,none,False,False,0
d6142bad26,DE,none,False,False,0
8522a7e8f5,DE,none,False,False,0
02560bc07a,DE,none,False,False,0
5cbec42ef8,DE,lei_declared,True,False,1
30ef34bf34,DE,none,False,False,0
ebd43c5ed2,DE,none,False,False,0
461e2f06f3,DE,none,False,False,0
9abfeb3df7,DE,none,False,False,0
a04d3e3771,DE,register_qualified,True,True,2
fd26f706f9,DE,register_qualified,True,False,1
ff3564952b,DE,lei_declared,True,False,1
cd74e986a3,DE,none,False,False,0
278c3eeb3b,DE,none,False,False,0
1486e42e86,DE,none,False,False,0
67b00fdd75,DE,none,False,False,0
b8508e1c50,DE,none,False,False,0
eb9339c301,DE,register_qualified,True,False,1
1c0bcbe437,DE,lei_declared,True,False,1
e7cd0e17ba,DE,none,False,False,0
8765d75e4b,DE,none,False,False,0
ad08398c92,DE,none,False,False,0
7ee404cd5a,DE,register_qualified,True,False,1
b262c35941,DE,none,False,False,0
d38a088e39,DE,register_qualified,True,False,1
0de160600c,DE,register_qualified,True,True,2
341861d2f7,DE,register_qualified,True,False,1
4a3e5e1e30,DE,register_qualified,True,False,1
47e9fea1bf,DE,register_qualified,True,False,1
758c2fc3ea,DE,register_qualified,True,False,1
af5c697486,DE,register_qualified,True,False,1
23d7fe0a07,DE,none,False,False,0
250d7d2f12,DE,register_qualified,True,True,2
650929262b,DE,register_qualified,True,False,1
288bccc838,DE,register_qualified,True,False,1
63f4f470db,DE,register_qualified,True,False,1
9629e9b29f,DE,register_qualified,True,False,1
36df15882a,DE,register_qualified,True,True,2
c6513135d5,DE,register_qualified,True,False,1
891746c797,DE,register_qualified,True,False,1
3cd449a11e,DE,register_qualified,True,True,2
594d635248,DE,none,False,False,0
5802e25da6,DE,none,False,False,0
d79983f390,DE,none,False,False,0
57fab929be,DE,none,False,False,0
e5b2bf700b,DE,none,False,False,0
5c1efbb25b,DE,lei_declared,True,False,1
33ddd47ca0,DE,none,False,False,0
59c2e21eec,DE,none,False,False,0
6c7a92f2b6,DE,none,False,False,0
e1c941e4f3,DE,none,False,False,0
3e06a2045f,DE,none,False,False,0
af18cedbec,DE,none,False,False,0
9a610442be,DE,none,False,False,0
6ddf46bc87,DE,register_qualified,True,True,2
525cded8d2,DE,none,False,False,0
bd649de825,DE,none,False,False,0
cbcdaecf82,DE,register_qualified,True,True,3
d410539e52,DE,none,False,False,0
76c8ed5932,DE,register_qualified,True,False,1
0fd0b6973d,DE,none,False,False,0
81670d93d4,DE,register_qualified,True,True,3
b23520e07d,DE,none,False,False,0
93c7042de3,DE,none,False,False,0
658a20b77b,DE,none,False,False,0
824aa650d1,DE,none,False,False,0
2dc0cd9c87,DE,none,False,False,0
384a4444e9,DE,none,False,False,0
cd375cda7c,DE,register_qualified,True,True,2
3703a8cd6a,DE,none,False,False,0
0a4f1761ce,DE,none,False,False,0
35546ba7cf,DE,none,False,False,0
0e50ab1b1b,DE,none,False,False,0
0d94ea23b1,DE,none,False,False,0
047383a203,DE,none,False,False,0
dbab862af6,DE,none,False,False,0
61d8016f7b,DE,none,False,False,0
4c8085f648,DE,none,False,False,0
629471beb0,DE,none,False,False,0
769075aa49,DE,none,False,False,0
1372970cdd,DE,none,False,False,0
97c782fadf,DE,none,False,False,0
fa9eb4334d,DE,lei_declared,True,False,1
4e110fa435,DE,none,False,False,0
22e6c8e607,DE,none,False,False,0
32418a1b2a,DE,none,False,False,0
a6a6da547b,DE,none,False,False,0
b65c250bd4,DE,none,False,False,0
ed193fcfd6,DE,none,False,False,0
d5bc4dc154,DE,none,False,False,0
b0081b6323,DE,none,False,False,0
7913ca2d20,DE,none,False,False,0
265da1f65c,DE,none,False,False,0
286391eb3e,DE,none,False,False,0
dc8d68e5a3,DE,none,False,False,0
24b1976fd5,DE,none,False,False,0
f250e9ccbb,DE,none,False,False,0
247323ccd1,DE,none,False,False,0
e4ea580e09,DE,none,False,False,0
c324fd84cd,DE,none,False,False,0
55eb69ddd8,DE,none,False,False,0
2b61bebbf8,DE,none,False,False,0
059a31087c,DE,none,False,False,0
42e7cbd83d,DE,none,False,False,0
f1a9593a55,DE,none,False,False,0
597dfaa580,DE,none,False,False,0
0d512506a6,DE,none,False,False,0
fbbad50c84,DE,none,False,False,0
d7c2c2df03,DE,none,False,False,0
d34da356fa,DE,none,False,False,0
0a6193eb13,DE,none,False,False,0
f7157da458,DE,none,False,False,0
c1159bf19e,DE,none,False,False,0
ae752a9d85,DE,none,False,False,0
aea9609fed,DE,lei_declared,True,False,1
be6461d377,DE,none,False,False,0
88dc8913e8,DE,none,False,False,0
c814e10216,DE,none,False,False,0
ec85699733,DE,none,False,False,0
09066fa9c2,DE,none,False,False,0
3db13325e5,DE,none,False,False,0
f3f1c936eb,DE,none,False,False,0
e80880b7dd,DE,none,False,False,0
7c0a7cab37,DE,none,False,False,0
f7bdbc5dff,DE,none,False,False,0
14c0846362,DE,none,False,False,0
6a82de13d5,DE,lei_declared,True,False,1
754dbeb5e0,DE,none,False,False,0
16ce6b16bf,DE,lei_declared,True,False,1
82d614bb53,DE,none,False,False,0
cc5b36007e,DE,none,False,False,0
88de3dd781,DE,register_qualified,True,True,2
384e027dd2,DE,none,False,False,0
e6dd36e6cf,DE,lei_declared,True,False,1
fae4ec2958,DE,none,False,False,0
71565ddc30,DE,none,False,False,0
ea569c6ee2,DE,none,False,False,0
eead77ba40,DE,none,False,False,0
ac9ae29adf,DE,none,False,False,0
6bc03061db,DE,none,False,False,0
d38fa30554,DE,none,False,False,0
4bcbed27ad,DE,none,False,False,0
1a40ab18b6,DE,none,False,False,0
02dc50b813,DE,none,False,False,0
bca50d04fd,DE,lei_declared,True,False,1
d658e096ac,DE,none,False,False,0
0e11817d54,DE,none,False,False,0
45a3738562,DE,lei_declared,True,False,1
cc13d16425,DE,register_qualified,True,False,1
f7145fc344,DE,none,False,False,0
5c52643a65,DE,none,False,False,0
1cf72e1bd7,DE,register_qualified,True,False,1
01ca2dd23d,DE,none,False,False,0
a9662c0fa1,DE,none,False,False,0
14170169aa,DE,none,False,False,0
327d345420,DE,none,False,False,0
04df4527d2,DE,lei_declared,True,False,1
0438e3bc91,DE,none,False,False,0
7f098247ee,DE,register_qualified,True,False,1
17e8f177a3,DE,none,False,False,0
7e9533e32f,DE,none,False,False,0
d90c8d0b90,DE,none,False,False,0
8b34809518,DE,none,False,False,0
60f231d39b,DE,none,False,False,0
f1e6ccbda6,DE,none,False,False,0
95a81278e0,DE,none,False,False,0
f22d6c5c5a,DE,none,False,False,0
283d7627c6,DE,none,False,False,0
d633927904,DE,register_qualified,True,False,1
07fbd4bca6,DE,none,False,False,0
fb6d8e9a5c,DE,register_qualified,True,True,2
651bb16e97,DE,none,False,False,0
f18a6d407a,DE,none,False,False,0
fe4aab39c6,DE,none,False,False,0
fbcf35dcc8,DE,none,False,False,0
b4d0323a7e,DE,none,False,False,0
65ae7beab7,DE,none,False,False,0
83d3aaadd2,DE,none,False,False,0
e9bfbec063,DE,none,False,False,0
ea5f967032,DE,none,False,False,0
9953821f9d,DE,none,False,False,0
9ae75bdb98,DE,none,False,False,0
2dec9f7bbe,DE,none,False,False,0
1ddc5d1d2d,DE,none,False,False,0
c7dce725cb,DE,none,False,False,0
58b55d372b,DE,none,False,False,0
f00622bdaf,DE,none,False,False,0
5fca2fb39f,DE,register_qualified,True,False,1
59cc4ea1ee,DE,none,False,False,0
f558e45d0a,DE,none,False,False,0
113c9fa9a9,DE,none,False,False,0
4cc72a2150,DE,none,False,False,0
8e4625a183,DE,none,False,False,0
5d225d891f,DE,none,False,False,0
661b3de052,DE,none,False,False,0
48b7b69495,DE,none,False,False,0
d221c92321,DE,none,False,False,0
bf4cdb5538,DE,none,False,False,0
d67c02dc2e,DE,register_qualified,True,False,1
6f0529d9f1,DE,none,False,False,0
67d651808d,DE,none,False,False,0
7b0663bfdf,DE,none,False,False,0
00efc36494,DE,none,False,False,0
cf0b388970,DE,none,False,False,0
83cac85928,DE,none,False,False,0
750c13f17f,DE,none,False,False,0
9714db0f01,DE,none,False,False,0
747d388ba5,DE,none,False,False,0
8bffb7a2e5,DE,none,False,False,0
b2e0120d7d,DE,none,False,False,0
b786e20054,DE,none,False,False,0
e827d2260c,DE,none,False,False,0
e2bb2b3953,DE,none,False,False,0
2d3c3a5b4a,DE,none,False,False,0
5c0fd2c573,DE,none,False,False,0
eb2a815d48,DE,none,False,False,0
43ec988cc7,DE,none,False,False,0
62076c82b3,DE,none,False,False,0
454514e8f6,DE,none,False,False,0
09219f75d0,DE,none,False,False,0
ba5bbd0942,DE,register_qualified,True,False,1
c438717db6,DE,register_qualified,True,False,1
e73bb2b258,DE,none,False,False,0
847b7235a4,DE,lei_declared,True,False,1
33eeae7d3c,DE,none,False,False,0
f65e2d3295,DE,none,False,False,0
0ea8e5869f,DE,none,False,False,0
5a9bdb55a5,DE,none,False,False,0
444d0cc9cb,DE,none,False,False,0
4cb65433c2,DE,none,False,False,0
028d8c8f9b,DE,none,False,False,0
d850be6fd5,DE,none,False,False,0
0513a1e6f9,DE,none,False,False,0
b3083f1a42,DE,none,False,False,0
7bfee5a837,DE,none,False,False,0
8b86d68c70,DE,lei_declared,True,False,1
fc4bc59f8f,DE,none,False,False,0
fb00d0c5a5,DE,none,False,False,0
a83927ae57,DE,none,False,False,0
05689cd269,DE,none,False,False,0
40379432df,DE,none,False,False,0
7180dea649,DE,none,False,False,0
5bbd3df3fa,DE,none,False,False,0
46b9d54cc7,DE,none,False,False,0
3c657a8c97,DE,none,False,False,0
53a3d0f985,DE,none,False,False,0
b1ad2352db,DE,none,False,False,0
ccb31d0b75,DE,none,False,False,0
043abd5c06,DE,lei_declared,True,False,1
f87b5f7196,DE,none,False,False,0
8edcf06e70,DE,none,False,False,0
4141d743d1,DE,register_qualified,True,True,3
4b3e0bd1fc,DE,register_qualified,True,True,2
c8496170dc,DE,none,False,False,0
3656ce8c28,DE,none,False,False,0
3650c61c41,DE,none,False,False,0
5a063f4917,DE,none,False,False,0
7f8bb6eeb2,DE,none,False,False,0
d6851d29f5,DE,register_qualified,True,True,3
f5d870adf1,DE,none,False,False,0
c46c65d540,DE,register_qualified,True,False,1
a0a643a4ed,DE,none,False,False,0
e11a170454,DE,none,False,False,0
6cadfc8225,DE,none,False,False,0
619a85e5b4,DE,none,False,False,0
156dcf8b05,DE,none,False,False,0
148e1740f2,DE,none,False,False,0
dfaf8828e9,DE,register_qualified,True,True,3
17c8811c37,DE,none,False,False,0
e588d2dd7c,DE,none,False,False,0
c6a3298cae,DE,lei_declared,True,False,1
1bcd7a6bcd,DE,lei_declared,True,False,1
d6b13a5b86,DE,lei_declared,True,False,1
1cb2a5e155,DE,lei_declared,True,False,1
29bae1065b,DE,lei_declared,True,False,1
8ee2ce06dc,DE,lei_declared,True,False,1
ca06647cda,DE,lei_declared,True,False,1
500e3f141e,DE,lei_declared,True,False,1
f99723283e,DE,lei_declared,True,False,1
482ecfba97,DE,lei_declared,True,False,1
5212965c58,DE,lei_declared,True,False,1
2c0f230164,DE,lei_declared,True,False,1
4029b17d12,DE,lei_declared,True,False,1
9640d690e3,DE,lei_declared,True,False,1
81dae607cb,DE,lei_declared,True,False,1
d5d15cdf78,DE,lei_declared,True,False,1
28359fb7a8,DE,lei_declared,True,False,1
6d70c3ab0c,DE,lei_declared,True,False,1
7975177ab2,DE,lei_declared,True,False,1
cbb22aa2f4,DE,none,False,False,0
27dabde5ff,DE,none,False,False,0
e2d47e8e0a,DE,none,False,False,0
aad67aaec9,DE,none,False,False,0
19437832ff,DE,none,False,False,0
231e607c48,DE,none,False,False,0
100707e127,DE,none,False,False,0
875d14845f,DE,none,False,False,0
6ac750b01d,DE,none,False,False,0
739c380438,DE,none,False,False,0
14df447be8,DE,none,False,False,0
ac268ad222,DE,none,False,False,0
f44005ee2b,DE,none,False,False,0
b4d5a4ec31,DE,none,False,False,0
f5aaa5e7bb,DE,none,False,False,0
be1d2a776a,DE,none,False,False,0
5fb882e7fc,DE,none,False,False,0
5914fa9876,DE,none,False,False,0
d44cc5c4ca,DE,none,False,False,0
e20451b334,DE,none,False,False,0
12fc69cb13,DE,none,False,False,0
a68717217e,DE,none,False,False,0
621ab75067,DE,none,False,False,0
5689ff9fc9,DE,none,False,False,0
9eb178769e,DE,lei_declared,True,False,1
ce58ec0219,DE,none,False,False,0
b67143a5d5,DE,none,False,False,0
fb8ca2e54b,DE,register_qualified,True,False,1
6b130cfd52,DE,none,False,False,0
b47cb6c13e,DE,none,False,False,0
9c14e28fae,DE,none,False,False,0
e8922b1047,DE,none,False,False,0
ea7acff262,DE,none,False,False,0
ba263d474c,DE,none,False,False,0
1e005c28e9,DE,none,False,False,0
cb5f60f093,DE,none,False,False,0
99da423dce,DE,none,False,False,0
05af180c3a,DE,none,False,False,0
a4d81efaef,DE,none,False,False,0
700c225b11,DE,none,False,False,0
25e2fb827c,DE,none,False,False,0
28572e8d1a,DE,none,False,False,0
c79c449b6e,DE,none,False,False,0
7212ab7070,DE,none,False,False,0
47234a825f,DE,none,False,False,0
3e1ca5e5b9,DE,lei_declared,True,False,1
e6e7ca3108,DE,none,False,False,0
54efa4b06d,DE,register_qualified,True,False,1
aebc2f5559,DE,none,False,False,0
de02070075,DE,none,False,False,0
db317c4285,DE,none,False,False,0
dc85032fd1,DE,none,False,False,0
32bbac7c7e,DE,none,False,False,0
d83c3ed71b,DE,none,False,False,0
ffd299ad4c,DE,register_qualified,True,False,1
d426d39b10,DE,lei_declared,True,False,1
98bb88d5ad,DE,none,False,False,0
f1a5c9a624,DE,register_qualified,True,True,2
105386e414,DE,none,False,False,0
c95525245e,DE,none,False,False,0
417a1030e0,DE,none,False,False,0
a39760f279,DE,none,False,False,0
bc9e6936d8,DE,none,False,False,0
13af98905b,DE,none,False,False,0
ca1c19f4eb,DE,none,False,False,0
abfcbc8123,DE,none,False,False,0
6643b13ba5,DE,none,False,False,0
2d853168bc,DE,none,False,False,0
86cea99240,DE,none,False,False,0
9a5fb9d582,DE,register_qualified,True,False,1
788796d335,DE,none,False,False,0
7611b78e4f,DE,none,False,False,0
74b0663961,DE,none,False,False,0
4a230f7ec1,DE,lei_declared,True,False,1
7260fcaa6a,DE,none,False,False,0
efa84c9df8,DE,none,False,False,0
26a3090699,DE,none,False,False,0
b88dd40812,DE,none,False,False,0
260e52455e,DE,register_qualified,True,False,1
507c975a9a,DE,register_qualified,True,False,1
29b71ca139,DE,none,False,False,0
e0b1e1b51d,DE,register_qualified,True,False,1
54198cac93,DE,none,False,False,0
2ed46e5a03,DE,none,False,False,0
08c04133d8,DE,none,False,False,0
844e750263,DE,lei_declared,True,False,1
93e18fa696,DE,none,False,False,0
d47d6ddce4,DE,none,False,False,0
394a050d23,DE,none,False,False,0
5223c0df08,DE,none,False,False,0
170928beeb,DE,lei_declared,True,False,1
3cb97287f9,DE,none,False,False,0
6990b44123,DE,none,False,False,0
1628beeb3f,DE,none,False,False,0
53067194e1,DE,none,False,False,0
92b85d407d,DE,register_qualified,True,True,2
42f820505f,DE,none,False,False,0
a1452f4a2c,DE,none,False,False,0
92aab1b942,DE,register_qualified,True,True,6
9f96cab44f,DE,none,False,False,0
a5946a2f0a,DE,none,False,False,0
47bca98c7d,DE,none,False,False,0
2f17622a84,DE,register_qualified,True,False,1
d5db69aa7b,DE,lei_declared,True,False,1
f628c6c3bf,DE,none,False,False,0
1c6f5e285b,DE,none,False,False,0
baf7580af6,DE,register_qualified,True,True,2
1e7d91a15d,DE,none,False,False,0
eb12827948,DE,none,False,False,0
bb42bb800a,DE,none,False,False,0
22eaa75d40,DE,none,False,False,0
dd08266ca6,DE,none,False,False,0
0e2ef5778d,DE,none,False,False,0
00981f8448,DE,none,False,False,0
a05cf15575,DE,none,False,False,0
916fe6008d,DE,none,False,False,0
54af5f1b72,DE,none,False,False,0
a9abea767d,DE,lei_declared,True,False,1
c74d27fe75,DE,lei_declared,True,False,1
3973d9627e,DE,none,False,False,0
7f1a58566f,DE,none,False,False,0
df6817d805,DE,none,False,False,0
55c82ef6ac,DE,none,False,False,0
0590691b80,DE,none,False,False,0
35cb6f4e1c,DE,none,False,False,0
76a7f409a3,DE,lei_declared,True,False,1
c7bf0f8a11,DE,none,False,False,0
c3fd0bee91,DE,none,False,False,0
2154da5ba0,DE,none,False,False,0
7a0b991955,DE,none,False,False,0
eb65971e72,DE,none,False,False,0
8988036d88,DE,none,False,False,0
a37015baa9,DE,none,False,False,0
575f2d4799,DE,none,False,False,0
399e5ec84b,DE,none,False,False,0
0fd6b2af6e,DE,lei_declared,True,False,1
e5a89455e5,DE,none,False,False,0
d82cdf8d0a,DE,none,False,False,0
0af31edc1d,DE,none,False,False,0
dabc4fe95f,DE,none,False,False,0
d86505d7f6,DE,none,False,False,0
e05c6b064d,DE,none,False,False,0
ffe43a2766,DE,none,False,False,0
e4a45efe0d,DE,register_qualified,True,False,1
6467fd047d,DE,none,False,False,0
9ce88fe7d7,DE,none,False,False,0
5add33e297,DE,lei_declared,True,False,1
0c8b835363,DE,none,False,False,0
e05a9409f5,DE,none,False,False,0
e0b5635d70,DE,none,False,False,0
c169f5c927,DE,none,False,False,0
66e9b7a7f0,DE,none,False,False,0
f7afa70741,DE,none,False,False,0
e789d2243d,DE,none,False,False,0
2b0fcefc07,DE,none,False,False,0
6bb2244b2b,DE,none,False,False,0
77eccb2cac,DE,lei_declared,True,False,1
447253b00c,DE,none,False,False,0
971349455d,DE,none,False,False,0
2510c169cd,DE,none,False,False,0
531f52cfb9,DE,none,False,False,0
0ae7947515,DE,none,False,False,0
8868f7fb9c,DE,none,False,False,0
6a0146d147,DE,register_qualified,True,True,2
1eac925402,DE,none,False,False,0
6889835ad3,DE,none,False,False,0
90ffd6d6fc,DE,none,False,False,0
3034a84801,DE,register_qualified,True,True,2
6f28b8ae5c,DE,none,False,False,0
f254c1cd21,DE,none,False,False,0
b240c8dde6,DE,none,False,False,0
44916dd5a5,DE,none,False,False,0
3f77b7a4bb,DE,lei_declared,True,False,1
c4ed5b21e9,DE,none,False,False,0
cceebbe127,DE,none,False,False,0
7239540f9d,DE,none,False,False,0
5615b0bccf,DE,none,False,False,0
f955107d46,DE,none,False,False,0
d555a95a2b,DE,none,False,False,0
6c46828556,DE,none,False,False,0
951f595cb7,DE,none,False,False,0
0ee9568f66,DE,none,False,False,0
fed80b5835,DE,none,False,False,0
2570feccb2,DE,none,False,False,0
412af75a9b,DE,none,False,False,0
353f649646,DE,none,False,False,0
fa6c830234,DE,register_qualified,True,True,2
d4548b995a,DE,none,False,False,0
bbe205b30d,DE,none,False,False,0
717dd42d2e,DE,register_qualified,True,False,1
dd21800103,DE,none,False,False,0
bff46b86ff,DE,lei_declared,True,False,1
8428c3a4a8,DE,lei_declared,True,False,1
e61df065d8,DE,none,False,False,0
ee1540c11a,DE,register_qualified,True,False,1
8fdcfcdb98,DE,register_qualified,True,True,3
841a0e303b,DE,register_qualified,True,True,5
56810fd8f5,DE,none,False,False,0
efda531ecb,DE,register_qualified,True,False,1
ef33bde89b,DE,lei_declared,True,False,1
44fc0875f7,DE,none,False,False,0
07b68c82a7,DE,register_qualified,True,False,1
ab159b0fdd,DE,none,False,False,0
260d591e40,DE,none,False,False,0
6367ea2041,DE,none,False,False,0
4401f2ca09,DE,none,False,False,0
056bbac7d6,DE,none,False,False,0
89983e81af,DE,none,False,False,0
1aa238bc17,DE,none,False,False,0
92f8baf88f,DE,none,False,False,0
5ea9c12130,DE,none,False,False,0
e2d92ff463,DE,none,False,False,0
c90fddf7ac,DE,none,False,False,0
0d1b7f02de,DE,none,False,False,0
953fdfddc8,DE,none,False,False,0
98177602e0,DE,none,False,False,0
b5090290e9,DE,none,False,False,0
a68e5e4391,DE,none,False,False,0
dfca05f114,DE,none,False,False,0
4f3904a8da,DE,none,False,False,0
54d94f4264,DE,none,False,False,0
3cc9e53d0e,DE,none,False,False,0
e3800b80d4,DE,none,False,False,0
50f5afaee9,DE,none,False,False,0
74a5e4b40e,DE,none,False,False,0
f67f1923cf,DE,none,False,False,0
84f3e7c43e,DE,none,False,False,0
efcd4e7818,DE,none,False,False,0
1e14116158,DE,register_qualified,True,False,1
27be93e90b,DE,register_qualified,True,False,1
e826391d9f,DE,none,False,False,0
7b999ba97e,DE,none,False,False,0
6588da7471,DE,none,False,False,0
f9715281d0,DE,none,False,False,0
fa22a7176f,DE,register_qualified,True,False,1
c615234f07,DE,none,False,False,0
bbd3a024a4,DE,none,False,False,0
7846de4666,DE,none,False,False,0
055a8f562b,DE,none,False,False,0
3f12057d13,DE,register_qualified,True,False,1
f98371940a,DE,register_qualified,True,False,1
e9507d63e9,DE,none,False,False,0
4ee0836b01,DE,none,False,False,0
5719e408c7,DE,lei_declared,True,False,1
f76e040ff1,DE,register_qualified,True,False,1
dc828a7a91,DE,none,False,False,0
07fcbeca6b,DE,none,False,False,0
6a516c5d0f,DE,none,False,False,0
e3978de749,DE,register_qualified,True,False,1
dc83a1f5a4,DE,none,False,False,0
3831f20bc2,DE,register_qualified,True,False,1
c0e8589d4f,DE,none,False,False,0
adf74c3f2d,DE,none,False,False,0
223e22b49e,DE,none,False,False,0
7fff5d5c72,DE,none,False,False,0
9a9328152b,DE,none,False,False,0
3fa6f66ff3,DE,none,False,False,0
784f9694a2,DE,register_qualified,True,True,2
abaa3d24c9,DE,none,False,False,0
1a6ba203e5,DE,register_qualified,True,False,1
e54c95f573,DE,none,False,False,0
16935c547f,DE,none,False,False,0
cf9a713f72,DE,none,False,False,0
393d118fb6,DE,none,False,False,0
23e27f624e,DE,register_qualified,True,False,1
261011384b,DE,register_qualified,True,False,1
be1a8f34c8,DE,register_qualified,True,False,1
cecea7b983,DE,none,False,False,0
939b0af8b9,DE,register_qualified,True,True,2
5f581f7cac,DE,none,False,False,0
35193c887f,DE,register_qualified,True,False,1
6bfc0b57ef,DE,register_qualified,True,False,1
086fbdec7b,DE,none,False,False,0
af5077d7c6,DE,none,False,False,0
5a1ea135b1,DE,none,False,False,0
a3fe3ed1f5,DE,none,False,False,0
245689fde0,DE,register_qualified,True,False,1
8b932c06d8,DE,none,False,False,0
bb1e580ec2,DE,none,False,False,0
a03cf50630,DE,none,False,False,0
a4704b8372,DE,none,False,False,0
51627a9fa0,DE,none,False,False,0
1857bca87c,DE,none,False,False,0
4ccf77570a,DE,none,False,False,0
15346022da,DE,none,False,False,0
50706e3b68,DE,none,False,False,0
b7f5bf44c1,DE,register_qualified,True,False,1
ab4dc4731b,DE,none,False,False,0
7eeaa69085,DE,register_qualified,True,False,1
0b90fb1124,DE,register_qualified,True,False,1
59d7dacbd8,DE,none,False,False,0
81cb6f796a,DE,register_qualified,True,False,1
cddc8cbc23,DE,none,False,False,0
25cfb148a1,DE,none,False,False,0
e02dfc7748,DE,none,False,False,0
9948e1af4f,DE,none,False,False,0
a0a753ade9,DE,none,False,False,0
4c10df7d29,DE,none,False,False,0
5e7fba6607,DE,register_qualified,True,False,1
25dac8ab19,DE,register_qualified,True,False,1
ba2f4f9d5a,DE,none,False,False,0
dc5ce48deb,DE,none,False,False,0
f1807bb597,DE,none,False,False,0
10b509f547,DE,none,False,False,0
f4250b80a3,DE,none,False,False,0
e6d47057a1,DE,none,False,False,0
d8fe2717f7,DE,none,False,False,0
b8cbc9264a,DE,none,False,False,0
9d5791a73d,DE,none,False,False,0
f107bbaf43,DE,none,False,False,0
f5fdd5eccb,DE,none,False,False,0
504cd4fa36,DE,none,False,False,0
8c209423e4,DE,register_qualified,True,False,1
cc3318842d,DE,none,False,False,0
5bdb8c47b9,DE,lei_declared,True,False,1
3506ac8609,DE,lei_declared,True,False,1
736283c198,DE,lei_declared,True,False,1
2a412c7b8f,DE,lei_declared,True,False,1
29dae0b141,DE,lei_declared,True,False,1
6bd81bfcc6,DE,lei_declared,True,False,1
d02e3889bd,DE,lei_declared,True,False,1
4fc4570fc6,DE,register_qualified,True,False,1
2a719d4b59,DE,register_qualified,True,False,1
cba77c33bc,DE,none,False,False,0
0bced57f2b,DE,none,False,False,0
d0b4692119,DE,none,False,False,0
67b12392f7,DE,none,False,False,0
b564c2e72d,DE,none,False,False,0
e0af088716,DE,register_qualified,True,False,1
4d7045c247,DE,register_qualified,True,False,1
5ff7d9f428,DE,register_qualified,True,True,2
9000edc84f,DE,none,False,False,0
fe6cf53e0a,DE,register_qualified,True,False,1
15fd589bc8,DE,register_qualified,True,False,1
a866dddc0c,DE,register_qualified,True,False,1
4f4f4675c0,DE,register_qualified,True,False,1
5a2db2e18a,DE,register_qualified,True,False,1
831e71ccdf,DE,none,False,False,0
f8d43bdf6a,DE,none,False,False,0
19c2ea14ad,DE,none,False,False,0
f39e824a4a,DE,none,False,False,0
086fdc67f7,DE,none,False,False,0
21978cbf1f,DE,register_qualified,True,False,1
196152cb26,DE,register_qualified,True,False,1
786171c6cf,DE,none,False,False,0
0919d4329b,DE,none,False,False,0
3fad5a6a9d,DE,none,False,False,0
03668a0bed,DE,none,False,False,0
4504013925,DE,none,False,False,0
94cf794589,DE,none,False,False,0
13d0f4e533,DE,none,False,False,0
289c1c2aa8,DE,none,False,False,0
4153a555b5,DE,none,False,False,0
205516c158,DE,register_qualified,True,False,1
9cf05874ac,DE,none,False,False,0
aa28981e82,DE,none,False,False,0
c22e40102f,DE,none,False,False,0
f353de97a2,DE,none,False,False,0
9882fdc1fe,DE,none,False,False,0
1fc2f05d33,DE,none,False,False,0
333f4b41c2,DE,none,False,False,0
b28d20d9e2,DE,none,False,False,0
3450fbf41a,DE,none,False,False,0
c3b7c424a0,DE,none,False,False,0
8d9c7d0fc9,DE,register_qualified,True,False,1
0862986b81,DE,none,False,False,0
86f7205af0,DE,register_qualified,True,False,1
6ba79ceb12,DE,register_qualified,True,False,1
7927963635,DE,register_qualified,True,False,1
5f44ecb47c,DE,none,False,False,0
c2b91a58d6,DE,none,False,False,0
c1c4cdaf2b,DE,register_qualified,True,False,1
d60577350e,DE,register_qualified,True,False,1
f5f3c82658,DE,register_qualified,True,False,1
2d1a916337,DE,register_qualified,True,False,1
e3c5ccb4e1,DE,register_qualified,True,False,1
2ed2c7cb13,DE,none,False,False,0
44273801ed,DE,none,False,False,0
4e01ec37a5,DE,register_qualified,True,False,1
1f8bc7f121,DE,none,False,False,0
078d24881e,DE,none,False,False,0
e059f496a4,DE,none,False,False,0
d6a4258e64,DE,register_qualified,True,False,1
072d45ef97,DE,none,False,False,0
9f3908bbed,DE,none,False,False,0
9f055fb8b0,DE,register_qualified,True,False,1
8f9fb72c87,DE,none,False,False,0
49b42d3efb,DE,none,False,False,0
005ff3cae5,DE,none,False,False,0
a1f84f5951,DE,none,False,False,0
ae94f92c49,DE,none,False,False,0
ec6d52122e,DE,none,False,False,0
2bddc4ce1c,DE,none,False,False,0
b3777ca5db,DE,register_qualified,True,False,1
7d9c91a19b,DE,register_qualified,True,False,1
83a02cc1ab,DE,none,False,False,0
5ef82b8564,DE,none,False,False,0
c012793ca7,DE,lei_declared,True,False,1
c9ef029d4d,DE,none,False,False,0
2f33474724,DE,register_qualified,True,False,1
b19335b499,DE,none,False,False,0
d5428f7d12,DE,none,False,False,0
9d6825726c,DE,none,False,False,0
9be36db3a8,DE,none,False,False,0
0ce959fc2b,DE,none,False,False,0
bbbfe56b79,DE,none,False,False,0
af691eb04a,DE,none,False,False,0
2da171f069,DE,none,False,False,0
34109b8352,DE,none,False,False,0
cb2972d400,DE,register_qualified,True,False,1
a4aef560b9,DE,none,False,False,0
cd18ec80b6,DE,none,False,False,0
3a771b8d14,DE,none,False,False,0
9e11abba9a,DE,none,False,False,0
4302bf18a0,DE,none,False,False,0
a69344a216,DE,none,False,False,0
04ae859fe6,DE,none,False,False,0
dcec7754a5,DE,none,False,False,0
7b17a515ec,DE,none,False,False,0
83883c681f,DE,none,False,False,0
7b5cd22c40,DE,none,False,False,0
4b19203105,DE,none,False,False,0
0e93fa2e48,DE,none,False,False,0
599d6ae046,DE,none,False,False,0
059448a378,DE,none,False,False,0
7baa067de5,DE,none,False,False,0
972b2d72d3,DE,none,False,False,0
77ccd1cbc9,DE,none,False,False,0
7dfdfa2fa9,DE,none,False,False,0
ff26ae97ba,DE,none,False,False,0
696affc2af,DE,none,False,False,0
7245b711cc,DE,none,False,False,0
24ed4641ee,DE,none,False,False,0
b7d5e183a3,DE,none,False,False,0
42c4c587a0,DE,none,False,False,0
8b8c3a7a92,DE,none,False,False,0
fb66ac6f32,DE,none,False,False,0
87ef83ffef,DE,none,False,False,0
88bc901249,DE,none,False,False,0
96120dc7ba,DE,none,False,False,0
0da0278d83,DE,none,False,False,0
f0cac2ae59,DE,register_qualified,True,True,4
268a7307b9,DE,none,False,False,0
b7973d9ab8,DE,none,False,False,0
a2fbb9e35d,DE,none,False,False,0
25a7fd70fa,DE,none,False,False,0
1c408e39b5,DE,none,False,False,0
f2defe231b,DE,none,False,False,0
9abe26e9ff,DE,lei_declared,True,False,1
9078fe469a,DE,none,False,False,0
a8ac1c6719,DE,none,False,False,0
dde7689c0b,DE,none,False,False,0
95a79f1204,DE,lei_declared,True,False,1
7138ccc842,DE,lei_declared,True,False,1
aad6bf0911,DE,register_qualified,True,False,1
2daa8b4f81,DE,none,False,False,0
098a776144,DE,register_qualified,True,False,1
17702fd45b,DE,none,False,False,0
9b433520d4,DE,lei_declared,True,False,1
06ef92d14b,DE,none,False,False,0
cefd19b1b7,DE,none,False,False,0
5928649c95,DE,lei_declared,True,False,1
2dbe7159a0,DE,lei_declared,True,False,1
ebd6e82357,DE,register_qualified,True,True,2
38c25ecd36,DE,none,False,False,0
f1e5c427aa,DE,none,False,False,0
614cc75fd3,DE,none,False,False,0
f92909bc70,DE,none,False,False,0
1a2cfc47d6,DE,none,False,False,0
ffdcbf6446,DE,none,False,False,0
f7b5262073,DE,none,False,False,0
5bd3c0526f,DE,none,False,False,0
2c88df659c,DE,none,False,False,0
8e0804e818,DE,none,False,False,0
72aa48888e,DE,none,False,False,0
7a65e0bfba,DE,none,False,False,0
8f1da34114,DE,none,False,False,0
7ca01167be,DE,none,False,False,0
7d631da4f6,DE,lei_declared,True,False,1
bd7aad76a7,DE,none,False,False,0
baf9cf2ed4,DE,none,False,False,0
7c800c115c,DE,none,False,False,0
3d416d314d,DE,none,False,False,0
078bfbc673,DE,none,False,False,0
5fb779371f,DE,none,False,False,0
f685e66b6a,DE,none,False,False,0
3f632d06a6,DE,none,False,False,0
8252f5186c,DE,none,False,False,0
b3f385f1e3,DE,none,False,False,0
b2dda578c6,DE,none,False,False,0
bd2919fa84,DE,none,False,False,0
4e2e33f982,DE,register_qualified,True,False,1
bcaf7bf566,DE,none,False,False,0
301564ce0c,DE,none,False,False,0
f7c65a5ee7,DE,none,False,False,0
bf3d4dd793,DE,none,False,False,0
f26dc6a5ee,DE,none,False,False,0
8824abdcb0,DE,none,False,False,0
0527a093be,DE,none,False,False,0
bdc14eca4c,DE,none,False,False,0
fa2acfaa2a,DE,none,False,False,0
5521a39e2f,DE,none,False,False,0
adca096869,DE,none,False,False,0
24c920d0fc,DE,none,False,False,0
6267b0d680,DE,none,False,False,0
ffca7b35b7,DE,register_qualified,True,True,2
fb456b2f60,DE,none,False,False,0
36e927d237,DE,none,False,False,0
ffd2788675,DE,none,False,False,0
655585f266,DE,none,False,False,0
64858d0233,DE,none,False,False,0
0bff5bcdcf,DE,none,False,False,0
090f4db7cf,DE,none,False,False,0
2908e1ff28,DE,none,False,False,0
0df07f31e3,DE,none,False,False,0
30569fcf53,DE,none,False,False,0
37ae599323,DE,none,False,False,0
fbc2255364,DE,none,False,False,0
d2288ce9bf,DE,none,False,False,0
f78f1e8530,DE,none,False,False,0
12866e2f81,DE,none,False,False,0
2fc6da4ab5,DE,none,False,False,0
ecb48e3ce9,DE,none,False,False,0
e1d172dbce,DE,none,False,False,0
bb2bc03b50,DE,none,False,False,0
f867a42a81,DE,none,False,False,0
f388116383,DE,none,False,False,0
f3057c9598,DE,none,False,False,0
7dc749d8c2,DE,none,False,False,0
68161f4194,DE,none,False,False,0
7160aa11ed,DE,none,False,False,0
289c17e37b,DE,none,False,False,0
5b6011e6f4,DE,none,False,False,0
37e123e5d1,DE,none,False,False,0
a3b69d019e,DE,register_qualified,True,False,1
04fc300679,DE,lei_declared,True,False,1
88af3a9914,DE,none,False,False,0
075af8b1db,DE,lei_declared,True,False,1
c2237fb4bd,DE,none,False,False,0
d4619c53f9,DE,none,False,False,0
c3f0f114cd,DE,none,False,False,0
f63b9fbd55,DE,none,False,False,0
34ef7380d0,DE,none,False,False,0
69ca7ef3dd,DE,none,False,False,0
1710245259,DE,none,False,False,0
9e88c01ddd,DE,none,False,False,0
f0c6d43a74,DE,none,False,False,0
f0999b766f,DE,none,False,False,0
88b187f7cd,DE,register_qualified,True,True,2
3d8eaffa9b,DE,none,False,False,0
14bd027c6f,DE,register_qualified,True,True,2
090926ec31,DE,none,False,False,0
dd8faa0a78,DE,none,False,False,0
253bd1c1cd,DE,none,False,False,0
21175eefc7,DE,none,False,False,0
32a58c0852,DE,none,False,False,0
abe71298f4,DE,none,False,False,0
bdc42d28bc,DE,none,False,False,0
dfe350f518,DE,none,False,False,0
32f0b3729c,DE,none,False,False,0
18e137cc97,DE,none,False,False,0
4921dbc4d5,DE,none,False,False,0
b5228b7a76,DE,none,False,False,0
620a76df05,DE,none,False,False,0
c63361cec7,DE,none,False,False,0
067ca1f906,DE,none,False,False,0
8536b1d4f8,DE,lei_declared,True,False,1
91a0402b60,DE,none,False,False,0
830712b1ea,DE,none,False,False,0
3d50257ae3,DE,none,False,False,0
8cdc45f8cc,DE,none,False,False,0
85e1152168,DE,none,False,False,0
4d8b09d09b,DE,none,False,False,0
f831d49cf9,DE,none,False,False,0
bd682c786b,DE,none,False,False,0
3d255929b8,DE,register_qualified,True,False,1
a106ce50df,DE,none,False,False,0
966d04fd18,DE,none,False,False,0
40cde2eedb,DE,lei_declared,True,False,1
fb30accccf,DE,none,False,False,0
14be3d3180,DE,none,False,False,0
ebe20298eb,DE,none,False,False,0
540647869e,DE,none,False,False,0
3a3ade6d53,DE,register_qualified,True,False,1
618ab20848,DE,none,False,False,0
cd3a8a6b75,DE,register_qualified,True,False,1
d93ea55e6c,DE,none,False,False,0
8d5bd5590c,DE,none,False,False,0
110dd97556,DE,none,False,False,0
5839b301a1,DE,none,False,False,0
f003663c2f,DE,none,False,False,0
d3fcd9cd19,DE,lei_declared,True,False,1
b62f8b6d62,DE,lei_declared,True,False,1
3aac393a55,DE,none,False,False,0
be52a9f4ee,DE,none,False,False,0
0b894d9489,DE,none,False,False,0
e79572f118,DE,none,False,False,0
d3ac818ad5,DE,none,False,False,0
1ffeb6e1e3,DE,none,False,False,0
81d4a2500f,DE,none,False,False,0
69fbf6a0fc,DE,none,False,False,0
5605646a09,DE,none,False,False,0
ac9c77cca7,DE,none,False,False,0
8accc04a0c,DE,register_qualified,True,True,2
ec73b61e39,DE,none,False,False,0
64b3336d4b,DE,none,False,False,0
19b8961e84,DE,none,False,False,0
fd2b56e2cf,DE,none,False,False,0
11b0ce8d32,DE,register_qualified,True,False,1
b50173ae67,DE,none,False,False,0
b1c2880231,DE,none,False,False,0
42edbc6802,DE,none,False,False,0
dc819a57fa,DE,none,False,False,0
fe3e1ed842,DE,register_qualified,True,False,1
d2083118e1,DE,none,False,False,0
928263f378,DE,none,False,False,0
6a29a4a8da,DE,none,False,False,0
93a9ddd951,DE,none,False,False,0
9bc6ae88a5,DE,none,False,False,0
5722dfaa0f,DE,none,False,False,0
b4317e9adb,DE,none,False,False,0
93b0b8addc,DE,none,False,False,0
0881a075b3,DE,lei_declared,True,False,1
6457b6a934,DE,none,False,False,0
eacddcdafc,DE,none,False,False,0
7182d16a04,DE,none,False,False,0
286f61c32a,DE,none,False,False,0
c68704555b,DE,none,False,False,0
ffb94eef0e,DE,none,False,False,0
70472af511,DE,none,False,False,0
57370f9210,DE,none,False,False,0
854dbfb753,DE,none,False,False,0
93a00bf757,DE,none,False,False,0
85fff3a315,DE,lei_declared,True,False,1
d55a2c087d,DE,none,False,False,0
c17b0c97a7,DE,none,False,False,0
725c0b39bb,DE,none,False,False,0
45ec18531b,DE,none,False,False,0
86947a8dea,DE,none,False,False,0
97e60311ef,DE,none,False,False,0
9409ee3e7e,DE,none,False,False,0
8a228286f7,DE,none,False,False,0
14c7cc4bb3,DE,none,False,False,0
2224bac911,DE,none,False,False,0
bc64eb00bc,DE,none,False,False,0
0bd077dc13,DE,none,False,False,0
dc0250a7fd,DE,none,False,False,0
f0256a9c90,DE,none,False,False,0
8fbc8522a5,DE,none,False,False,0
a350b06947,DE,none,False,False,0
d650688a67,DE,none,False,False,0
26a456219d,DE,none,False,False,0
550389e89e,DE,none,False,False,0
8cdf0c9dc7,DE,none,False,False,0
2cf3c6cca8,DE,none,False,False,0
a856371a2b,DE,none,False,False,0
663293d769,DE,none,False,False,0
7abf2aa25e,DE,register_qualified,True,False,1
2dfc0e85b9,DE,none,False,False,0
6ded9eaa07,DE,none,False,False,0
d3b9a6bd21,DE,none,False,False,0
ec785bb86c,DE,none,False,False,0
c4200e87a9,DE,none,False,False,0
358ed98822,DE,none,False,False,0
6e4c77782c,DE,register_qualified,True,False,1
9892d7b727,DE,none,False,False,0
45a401ba13,DE,none,False,False,0
3c6c4ee86d,DE,none,False,False,0
f79fe06ba6,DE,none,False,False,0
86608a1db2,DE,none,False,False,0
fe5753135c,DE,lei_declared,True,False,1
baac3bfee1,DE,none,False,False,0
94cdf89c88,DE,none,False,False,0
b72d6925fe,DE,none,False,False,0
b61c5bc31f,DE,none,False,False,0
7d2b5a3799,DE,none,False,False,0
2306c90b06,DE,lei_declared,True,False,1
9a25accb0e,DE,none,False,False,0
8f3c3d331b,DE,none,False,False,0
ff10e7d4be,DE,none,False,False,0
ce993a688d,DE,none,False,False,0
ad9bd0ea2e,DE,none,False,False,0
074a12eeee,DE,none,False,False,0
968608e1c9,DE,none,False,False,0
5502016003,DE,none,False,False,0
f4f6e5eba1,DE,none,False,False,0
56f0645336,DE,lei_declared,True,False,1
1525d8463e,DE,none,False,False,0
33524311be,DE,register_qualified,True,False,1
5f6892fc63,DE,none,False,False,0
a1134a2895,DE,none,False,False,0
90dfb0efe0,DE,none,False,False,0
95d36a7d82,DE,lei_declared,True,False,1
a4763d2168,DE,none,False,False,0
3d2d6ed552,DE,register_qualified,True,False,1
abdf7d5284,DE,none,False,False,0
eb206c1b93,DE,none,False,False,0
fbc6691322,DE,none,False,False,0
3e26947278,DE,none,False,False,0
dbc27aa51c,DE,none,False,False,0
a0b9f87085,DE,none,False,False,0
b2a6a147d5,DE,none,False,False,0
9fff394c42,DE,none,False,False,0
e42e67a280,DE,none,False,False,0
a46627f569,DE,none,False,False,0
b93d0599c9,DE,none,False,False,0
817e46af8e,DE,none,False,False,0
fe5fe33e87,DE,none,False,False,0
d822cc31ca,DE,none,False,False,0
8072b728f2,DE,none,False,False,0
0ff945e461,DE,none,False,False,0
e551ae16c8,DE,none,False,False,0
39f19ebefb,DE,none,False,False,0
8d2d445d98,DE,none,False,False,0
64e106b5b1,DE,none,False,False,0
5a6260aba4,DE,none,False,False,0
fb4a1865f8,DE,register_qualified,True,False,1
f768ddebb4,DE,none,False,False,0
46a1775ce0,DE,none,False,False,0
492717f6bc,DE,none,False,False,0
0234a129bd,DE,none,False,False,0
b03b050803,DE,none,False,False,0
ef115ef46f,DE,none,False,False,0
7f8db107e6,DE,none,False,False,0
093e511ce1,DE,none,False,False,0
23d4daecdd,DE,none,False,False,0
a051c26cd9,DE,none,False,False,0
f1790f14da,DE,none,False,False,0
e78572bd63,DE,none,False,False,0
e6022e0205,DE,none,False,False,0
65814a69aa,DE,none,False,False,0
64f0a76b3a,DE,none,False,False,0
2e847be2d6,DE,lei_declared,True,False,1
b01679b5ee,DE,lei_declared,True,False,1
486d6db6a6,DE,none,False,False,0
22b0fb968f,DE,none,False,False,0
e77cc9032a,DE,none,False,False,0
7788fc45d7,DE,none,False,False,0
547837759a,DE,none,False,False,0
65e8186cf2,DE,none,False,False,0
d26470efeb,DE,none,False,False,0
993ed3d5bf,DE,none,False,False,0
788767d6d0,DE,none,False,False,0
120d31c8ee,DE,none,False,False,0
d11da9bd7f,DE,none,False,False,0
77b4a0b206,DE,none,False,False,0
851718e6d0,DE,none,False,False,0
86da42e3ed,DE,none,False,False,0
d00d181146,DE,none,False,False,0
10b8f59311,DE,none,False,False,0
aac4f1971a,DE,register_qualified,True,False,1
294ea0ec37,DE,none,False,False,0
943801d851,DE,none,False,False,0
7965ef6315,DE,none,False,False,0
47aac5af77,DE,none,False,False,0
446140ca75,DE,none,False,False,0
808e091443,DE,none,False,False,0
5c0c5f666d,DE,none,False,False,0
5decd6c87f,DE,none,False,False,0
120a767ba5,DE,lei_declared,True,False,1
308a392542,DE,none,False,False,0
80403525e1,DE,none,False,False,0
cbb31110b1,DE,none,False,False,0
eb36fe0a6f,DE,none,False,False,0
46ece76d5e,DE,lei_declared,True,False,1
d0ea9879d6,DE,lei_declared,True,False,1
1aceca3628,DE,register_qualified,True,False,1
cfa7d531a7,DE,register_qualified,True,False,1
06f6ce2d90,DE,register_qualified,True,True,3
6063f925f3,DE,none,False,False,0
ee5306a4df,DE,none,False,False,0
90c64a9954,DE,none,False,False,0
bb243090d6,DE,lei_declared,True,False,1
928112e03d,DE,register_qualified,True,True,2
2397280819,DE,none,False,False,0
1bf228cd45,DE,none,False,False,0
a9f0dd0740,DE,register_qualified,True,False,1
1f54b4605c,DE,lei_declared,True,False,1
21c760913a,DE,none,False,False,0
c92d61b454,DE,register_qualified,True,False,1
15f47cffbd,DE,none,False,False,0
fd9ff3f055,DE,none,False,False,0
ab40fdc0ac,DE,register_qualified,True,False,1
12e9a39d28,DE,none,False,False,0
ca4b07bed6,DE,none,False,False,0
bc4b89d2fd,DE,none,False,False,0
2875eeaf95,DE,none,False,False,0
c67b3d14ae,DE,none,False,False,0
83753b9f4a,DE,none,False,False,0
9c4f512260,DE,none,False,False,0
5829e2e049,DE,none,False,False,0
8452703f44,DE,none,False,False,0
ad5b914512,DE,none,False,False,0
d59962fbc0,DE,none,False,False,0
36059db2e1,DE,none,False,False,0
373455efa1,DE,none,False,False,0
13000415f9,DE,none,False,False,0
8c37758151,DE,none,False,False,0
a1fce2e6df,DE,none,False,False,0
f2d74c16c3,DE,none,False,False,0
7ec0d33663,DE,none,False,False,0
7027c50089,DE,none,False,False,0
1ddcb43fc9,DE,none,False,False,0
b062858228,DE,none,False,False,0
3f6fcde115,DE,none,False,False,0
2eafaa368f,DE,none,False,False,0
18a0ded594,DE,none,False,False,0
2566f33b34,DE,none,False,False,0
20783dbed2,DE,register_qualified,True,True,2
7b4482445c,DE,none,False,False,0
2b94f29c1b,DE,none,False,False,0
344e1690d4,DE,none,False,False,0
2925e481e5,DE,none,False,False,0
2c2499eb8a,DE,none,False,False,0
1c75e371a8,DE,none,False,False,0
f5293fa13e,DE,none,False,False,0
7c98288d1b,DE,lei_declared,True,False,1
61accb1562,DE,none,False,False,0
a6bf511b86,DE,none,False,False,0
9530086724,DE,none,False,False,0
5755452d9b,DE,none,False,False,0
4fa16f7a70,DE,none,False,False,0
9d045b16ce,DE,none,False,False,0
c434e512bd,DE,none,False,False,0
6bbb111eed,DE,lei_declared,True,False,1
ab9624afbe,DE,lei_declared,True,False,1
c22ec25f9f,DE,none,False,False,0
91bccaf557,DE,register_qualified,True,True,3
573a44f0b2,DE,none,False,False,0
db8ace6d97,DE,none,False,False,0
8435e16a57,DE,none,False,False,0
7542fd9910,DE,none,False,False,0
418790b7ae,DE,none,False,False,0
eceef019f5,DE,none,False,False,0
0d53ccbcd2,DE,none,False,False,0
dc22cb2ac7,DE,none,False,False,0
b4d8d353d0,DE,none,False,False,0
4496953bd9,DE,none,False,False,0
0dd1e26bfd,DE,none,False,False,0
fcb4d35756,DE,lei_declared,True,False,1
0918555cfc,DE,none,False,False,0
bff29ada64,DE,none,False,False,0
592f616c59,DE,lei_declared,True,False,1
f36e0ffaeb,DE,none,False,False,0
d2dfc3657c,DE,none,False,False,0
1332740480,DE,none,False,False,0
d95cb14916,DE,none,False,False,0
7fb704a6fd,DE,none,False,False,0
6a95ac4ccf,DE,register_qualified,True,False,1
627d35b963,DE,none,False,False,0
83d62a03f6,DE,none,False,False,0
3cea86914c,DE,none,False,False,0
c9626ab474,DE,none,False,False,0
7d95aa9d7e,DE,none,False,False,0
40394b990f,DE,none,False,False,0
260cb0ff02,DE,none,False,False,0
76dd98ee5d,DE,none,False,False,0
23848cdeb7,DE,none,False,False,0
33acdb47c8,DE,none,False,False,0
06f8f64e63,DE,register_qualified,True,True,3
6956c22c96,DE,none,False,False,0
87bcc9b6d2,DE,none,False,False,0
640823eb29,DE,none,False,False,0
5fe6d2ecdd,DE,none,False,False,0
437a4499a0,DE,none,False,False,0
678ae8f226,DE,none,False,False,0
b012e3c2f6,DE,none,False,False,0
97bd74d2aa,DE,none,False,False,0
bda0626f42,DE,none,False,False,0
38e8a41da2,DE,none,False,False,0
6549e9f2d2,DE,none,False,False,0
9c2a58ee9e,DE,none,False,False,0
a3850806fd,DE,lei_declared,True,False,1
81dcfbae1c,DE,none,False,False,0
5e4a3bf3c9,DE,none,False,False,0
fb572cc8dd,DE,none,False,False,0
a2feb68fb1,DE,none,False,False,0
8d2d2bd4dd,DE,none,False,False,0
171cef0e9c,DE,none,False,False,0
c2c9a8d657,DE,none,False,False,0
940f07c736,DE,none,False,False,0
2124746b34,DE,none,False,False,0
416ed7aaa1,DE,none,False,False,0
7908cabc33,DE,none,False,False,0
eab2dc2d1d,DE,none,False,False,0
03d99e02a8,DE,register_qualified,True,True,4
2a99eaa5f5,DE,none,False,False,0
2e52d54efa,DE,none,False,False,0
705080583b,DE,register_qualified,True,False,1
65f092b191,DE,register_qualified,True,False,1
be0470e6cd,DE,none,False,False,0
3fcd311ec2,DE,none,False,False,0
532049f715,DE,none,False,False,0
8d89d874c7,DE,none,False,False,0
efd153c19e,DE,none,False,False,0
1c8a1e3044,DE,register_qualified,True,False,1
3af2333d17,DE,register_qualified,True,False,1
fbe50895e6,DE,register_qualified,True,False,1
ff7e0cc8ac,DE,none,False,False,0
1ecd1f5ecc,DE,none,False,False,0
62dcd78695,DE,register_qualified,True,False,1
da9b1534e7,DE,none,False,False,0
e8d74f2dc5,DE,none,False,False,0
c1c09e1e52,DE,none,False,False,0
cff06391e9,DE,none,False,False,0
fe079044b4,DE,none,False,False,0
602f1aaa66,DE,none,False,False,0
22989f7253,DE,none,False,False,0
a94a85a13e,DE,none,False,False,0
e80170dc2b,DE,register_qualified,True,False,1
681fd4c390,DE,none,False,False,0
9b1db6d35f,DE,none,False,False,0
cd20295bab,DE,none,False,False,0
e63363a9d4,DE,none,False,False,0
34007e5ff6,DE,none,False,False,0
9a40a5812b,DE,register_qualified,True,True,3
adbf44fb1b,DE,none,False,False,0
0ec1f0e740,DE,none,False,False,0
46cc584094,DE,none,False,False,0
afc895adc7,DE,none,False,False,0
e3a52d2c3c,DE,none,False,False,0
d66d207f79,DE,none,False,False,0
66b5f8c2e7,DE,none,False,False,0
7eeafa736e,DE,none,False,False,0
095ac8f84e,DE,none,False,False,0
1ff832a482,DE,none,False,False,0
1149fd7eab,DE,none,False,False,0
04be90627a,DE,register_qualified,True,False,1
d551c6b885,DE,none,False,False,0
9812c59c77,DE,none,False,False,0
b382e821f6,DE,register_qualified,True,True,2
3b5e5adb6c,DE,none,False,False,0
b4808fc57a,DE,none,False,False,0
1ece6eb4cb,DE,none,False,False,0
c7776117cd,DE,none,False,False,0
fa591baf93,DE,none,False,False,0
8c7447f8ba,DE,none,False,False,0
238cb731dd,DE,none,False,False,0
a6701bcbec,DE,none,False,False,0
e6839acf9c,DE,none,False,False,0
030a4218fb,DE,none,False,False,0
16e8d5df92,DE,register_qualified,True,True,2
3f86c4adb8,DE,none,False,False,0
02cb06f7e9,DE,none,False,False,0
6779234477,DE,register_qualified,True,False,1
9b394558cc,DE,register_qualified,True,False,1
abf1ecb9e0,DE,lei_declared,True,False,1
ac1d82c100,DE,register_qualified,True,False,1
ee7ab3f30b,DE,register_qualified,True,False,1
15653e4c67,DE,none,False,False,0
399c830a2e,DE,none,False,False,0
7962ff3af4,DE,register_qualified,True,False,1
fab7b74be8,DE,none,False,False,0
be5459fe88,DE,none,False,False,0
3854846823,DE,none,False,False,0
fb5f40df98,DE,register_qualified,True,False,1
f5e83c913c,DE,none,False,False,0
a3ccca3d37,DE,none,False,False,0
4a56c5b898,DE,none,False,False,0
5a504e8dd7,DE,register_qualified,True,False,1
a8f0faa307,DE,none,False,False,0
5ebbe4854e,DE,register_qualified,True,False,1
6d022296df,DE,lei_declared,True,False,1
24878ec269,DE,none,False,False,0
a761dd8e88,DE,none,False,False,0
8f12754c54,DE,none,False,False,0
7489ac4f57,DE,lei_declared,True,False,1
7826bd0cf5,DE,none,False,False,0
de4016f120,DE,none,False,False,0
49c4c67c94,DE,none,False,False,0
3652c71030,DE,none,False,False,0
94eacd274d,DE,none,False,False,0
907db72e78,DE,none,False,False,0
de01866b41,DE,none,False,False,0
1784a68bd3,DE,none,False,False,0
cf241e1505,DE,none,False,False,0
17b2537816,DE,none,False,False,0
aefde2984c,DE,none,False,False,0
2cf639a20f,DE,none,False,False,0
3f66143c43,DE,none,False,False,0
ca0ba72d5a,DE,none,False,False,0
650d5f8aa0,DE,none,False,False,0
d6604921fc,DE,none,False,False,0
dbe593fdc4,DE,none,False,False,0
be6a339cf1,DE,none,False,False,0
32cb067766,DE,none,False,False,0
223877f6ac,DE,none,False,False,0
85758bd8cb,DE,none,False,False,0
5dc94a7676,DE,none,False,False,0
5c87ac096c,DE,none,False,False,0
893958e4f0,DE,register_qualified,True,False,1
11e3f77593,DE,register_qualified,True,True,2
235012b7b4,DE,register_qualified,True,False,1
b1afab6acc,DE,lei_declared,True,False,1
0543477f5d,DE,none,False,False,0
d2ea763b52,DE,none,False,False,0
f5591325aa,DE,none,False,False,0
2992277621,DE,none,False,False,0
d949d03668,DE,none,False,False,0
169ff34f76,DE,register_qualified,True,False,1
17dea68969,DE,none,False,False,0
9c1e9582ef,DE,none,False,False,0
1209f660a5,DE,none,False,False,0
22bf0a96b4,DE,register_qualified,True,True,5
b82462db70,DE,none,False,False,0
9666d2ae29,DE,none,False,False,0
a65036a06b,DE,none,False,False,0
b57240850f,DE,none,False,False,0
15f320dbf3,DE,none,False,False,0
7f27c4e242,DE,none,False,False,0
5ed6630297,DE,none,False,False,0
258d64fdc9,DE,none,False,False,0
daf6c8b5bd,DE,none,False,False,0
c67c23a856,DE,none,False,False,0
d21eb2f23b,DE,none,False,False,0
565e492a88,DE,none,False,False,0
042f74ab93,DE,none,False,False,0
675ac47881,DE,lei_declared,True,False,1
bc8a192358,DE,none,False,False,0
2d547e53a2,DE,none,False,False,0
8677316a65,DE,none,False,False,0
74db296cf0,DE,none,False,False,0
477edde4cc,DE,none,False,False,0
3d6f28acb6,DE,none,False,False,0
5089abe028,DE,none,False,False,0
58b15e23b2,DE,none,False,False,0
62aeff5f16,DE,none,False,False,0
0ada44a775,DE,none,False,False,0
246c19cc8d,DE,none,False,False,0
777a42c5a0,DE,none,False,False,0
9d94a890eb,DE,lei_declared,True,False,1
090d956976,DE,register_qualified,True,True,2
c74e1ca68f,DE,none,False,False,0
8db127fcbb,DE,lei_declared,True,False,1
f86b8bf845,DE,none,False,False,0
ca22715c7f,DE,none,False,False,0
482e60f5f3,DE,none,False,False,0
b4123ecf36,DE,none,False,False,0
2168ee174e,DE,none,False,False,0
6a92407827,DE,none,False,False,0
5d761d208c,DE,none,False,False,0
d3ecd06863,DE,none,False,False,0
3c526550ed,DE,none,False,False,0
7863b12fd3,DE,none,False,False,0
96e837754e,DE,none,False,False,0
af83b9f9e2,DE,none,False,False,0
5349c07b90,DE,lei_declared,True,False,1
5cde989d59,DE,none,False,False,0
03c5fa1837,DE,none,False,False,0
b9bc1f6a84,DE,none,False,False,0
389abcc5e7,DE,none,False,False,0
bd010c2e54,DE,none,False,False,0
beee784739,DE,none,False,False,0
e2949bb63e,DE,none,False,False,0
da3affcc62,DE,none,False,False,0
16d413b3bf,DE,register_qualified,True,False,1
7a01937553,DE,lei_declared,True,False,1
a92cbe2e26,DE,none,False,False,0
399f2ac0ea,DE,none,False,False,0
76c73306a3,DE,lei_declared,True,False,1
f7e56bddf9,DE,none,False,False,0
402c88b071,DE,none,False,False,0
50422b538c,DE,none,False,False,0
c369ead41f,DE,none,False,False,0
728fc839c1,DE,none,False,False,0
5bf80d3f7a,DE,register_qualified,True,False,1
6fff589f01,DE,register_qualified,True,True,2
452f744d95,DE,register_qualified,True,False,1
22bef40898,DE,none,False,False,0
f0c0f59c9a,DE,none,False,False,0
7f07639f2f,DE,none,False,False,0
7cdf8f65c2,DE,none,False,False,0
731e09bada,DE,none,False,False,0
851db25732,DE,none,False,False,0
cb84e3e5c1,DE,none,False,False,0
99c38fd7a4,DE,none,False,False,0
bbd98253a2,DE,none,False,False,0
98ab9fc883,DE,none,False,False,0
75c63e6056,DE,none,False,False,0
03b2a8592d,DE,none,False,False,0
e204c1cf66,DE,none,False,False,0
a1254c2a1d,DE,none,False,False,0
b545f5ac1c,DE,none,False,False,0
55e23d685c,DE,none,False,False,0
cd01ad496e,DE,none,False,False,0
4419d329cd,DE,none,False,False,0
456b7ec1de,DE,none,False,False,0
84cd09048b,DE,none,False,False,0
e1a7fd3bf1,DE,none,False,False,0
e011bb540d,DE,none,False,False,0
5c3dc60441,DE,none,False,False,0
2ec7414e0b,DE,none,False,False,0
51635de104,DE,none,False,False,0
1ecb74a15c,DE,none,False,False,0
842dd22f90,DE,none,False,False,0
fdc2ad070e,DE,none,False,False,0
41c50e6aba,DE,none,False,False,0
60c0fd2e76,DE,none,False,False,0
f05016fab8,DE,none,False,False,0
a96150ed3f,DE,none,False,False,0
a61b686596,DE,lei_declared,True,False,1
e7b1b78073,DE,none,False,False,0
90fcd30b13,DE,none,False,False,0
59f94ee6a6,DE,register_qualified,True,True,2
d77b8405a8,DE,none,False,False,0
92a4e8ac89,DE,none,False,False,0
e2f7b938d2,DE,none,False,False,0
923b63bc3c,DE,none,False,False,0
d006a2e341,DE,none,False,False,0
afc4329fac,DE,none,False,False,0
95ea90a4b8,DE,none,False,False,0
b9e260362f,DE,none,False,False,0
3f34177153,DE,none,False,False,0
45247a2b79,DE,none,False,False,0
4b1b9e9711,DE,none,False,False,0
5df3267a71,DE,none,False,False,0
b6d13173eb,DE,none,False,False,0
bd6bf4cedb,DE,none,False,False,0
a919c9a4c9,DE,none,False,False,0
f6a8bb39a5,DE,none,False,False,0
2dda454b9a,DE,none,False,False,0
775c081c06,DE,lei_declared,True,False,1
df451b08cc,DE,none,False,False,0
e564d4c810,DE,none,False,False,0
acf649433c,DE,none,False,False,0
11d085ad03,DE,none,False,False,0
475159bd5c,DE,none,False,False,0
741c00610f,DE,none,False,False,0
99113d3fc8,DE,none,False,False,0
52af94e171,DE,none,False,False,0
47ff473eef,DE,none,False,False,0
1da0de4c03,DE,none,False,False,0
8766e688bf,DE,none,False,False,0
4fee463d8e,DE,none,False,False,0
df2080560c,DE,none,False,False,0
b467df9bd4,DE,none,False,False,0
5965820609,DE,register_qualified,True,True,2
6bad0c9848,DE,none,False,False,0
367fb7f050,DE,none,False,False,0
e6faf25a40,DE,none,False,False,0
726bfabf1d,DE,none,False,False,0
26d68c4219,DE,none,False,False,0
277708512a,DE,none,False,False,0
a25147b7b7,DE,none,False,False,0
51f249cc91,DE,none,False,False,0
d26354c7d6,DE,none,False,False,0
58b4afd146,DE,none,False,False,0
6f724159ee,DE,none,False,False,0
3dcc620b12,DE,none,False,False,0
ed2afa7943,DE,none,False,False,0
e26993499b,DE,none,False,False,0
7504c8324a,DE,none,False,False,0
947d0c833d,DE,none,False,False,0
87437a104d,DE,none,False,False,0
4fc4e441b4,DE,none,False,False,0
cd66dd457c,DE,none,False,False,0
dcafd9639d,DE,none,False,False,0
20a10b68e9,DE,none,False,False,0
79e9d7711b,DE,none,False,False,0
d1e2fd96f2,DE,none,False,False,0
abd09256a9,DE,none,False,False,0
68b6a3e66a,DE,none,False,False,0
f6e10a431a,DE,none,False,False,0
5ba0ad794c,DE,none,False,False,0
104b687016,DE,none,False,False,0
615a447c3c,DE,none,False,False,0
465d662962,DE,none,False,False,0
e7121ab751,DE,none,False,False,0
2a60ddc06d,DE,none,False,False,0
afa7061a81,DE,none,False,False,0
636f46e1c2,DE,none,False,False,0
49f9d336ee,DE,none,False,False,0
c549637ffb,DE,none,False,False,0
07ae4ebca2,DE,none,False,False,0
a2c475d840,DE,none,False,False,0
c6bc96627f,DE,none,False,False,0
80006467d9,DE,none,False,False,0
26b310ec37,DE,none,False,False,0
16281d7c2e,DE,none,False,False,0
0b839ab8a1,DE,none,False,False,0
32625cd563,DE,none,False,False,0
12d5e43e04,DE,none,False,False,0
346c9726b1,DE,none,False,False,0
58688eeae6,DE,none,False,False,0
73c1ba6097,DE,none,False,False,0
ddc4a48ed6,DE,none,False,False,0
f967768b74,DE,none,False,False,0
f952e3c11f,DE,none,False,False,0
9dab08eeb9,DE,none,False,False,0
eb58b99cba,DE,none,False,False,0
4d60afdc61,DE,none,False,False,0
10e041f0b0,DE,none,False,False,0
f8b8e7dd9b,DE,register_qualified,True,True,3
e7400dcdb3,DE,none,False,False,0
5a2a18c322,DE,none,False,False,0
a117d648ff,DE,none,False,False,0
ef52c63ea2,DE,none,False,False,0
f3dc90a90a,DE,none,False,False,0
325b9864d9,DE,none,False,False,0
b021c85349,DE,none,False,False,0
a9961d276a,DE,register_qualified,True,True,2
8716dd947f,DE,register_qualified,True,False,1
cf4b4fbd2b,DE,none,False,False,0
c3e805a635,DE,none,False,False,0
d0b69cd203,DE,none,False,False,0
a9a1eaabf1,DE,none,False,False,0
3a8989fcae,DE,none,False,False,0
e94f1e560d,DE,none,False,False,0
9062f0feb7,DE,none,False,False,0
1f2569cf93,DE,none,False,False,0
bb828b062c,DE,lei_declared,True,False,1
c104f32e40,DE,none,False,False,0
717c69aafe,DE,none,False,False,0
183bd06417,DE,none,False,False,0
25f4a5f01b,DE,none,False,False,0
168a22c3a9,DE,register_qualified,True,True,3
2c3c8f030f,DE,register_qualified,True,False,1
239343afc5,DE,none,False,False,0
6d4f15361c,DE,none,False,False,0
26fffa3c43,DE,none,False,False,0
89ace9f49f,DE,none,False,False,0
f81efcd021,DE,none,False,False,0
cb5b15d300,DE,none,False,False,0
7bd76cab0d,DE,none,False,False,0
7b97f6a18a,DE,none,False,False,0
d9ac2384e1,DE,none,False,False,0
18b5baa0e4,DE,none,False,False,0
29be9ed9c9,DE,lei_declared,True,False,1
ea312f839e,DE,none,False,False,0
93ab65833e,DE,register_qualified,True,False,1
50c669ca07,DE,none,False,False,0
1f7b08555d,DE,none,False,False,0
22d83cde97,DE,none,False,False,0
744da255dc,DE,register_qualified,True,True,2
9acff0867c,DE,none,False,False,0
24f83fca91,DE,none,False,False,0
5befc64444,DE,none,False,False,0
96dc19c0b0,DE,none,False,False,0
fef8bde4df,DE,none,False,False,0
33c3f21624,DE,lei_declared,True,False,1
92b243c250,DE,none,False,False,0
238af7bb52,DE,none,False,False,0
0abb0d11c0,DE,register_qualified,True,False,1
58a50713b6,DE,none,False,False,0
37fc6b2513,DE,none,False,False,0
c23213205a,DE,none,False,False,0
5ad0215159,DE,none,False,False,0
fe9ff7b0d5,DE,register_qualified,True,False,1
9b3cb2a119,DE,none,False,False,0
17a069a28c,DE,none,False,False,0
cd5fe716ea,DE,none,False,False,0
8a3b4cd64b,DE,none,False,False,0
b5c0b4379e,DE,none,False,False,0
f10da82439,DE,none,False,False,0
5d6f1d608f,DE,none,False,False,0
1f9b679c75,DE,register_qualified,True,False,1
95bc9d47ca,DE,none,False,False,0
f6b5ef3083,DE,none,False,False,0
2b504bf060,DE,none,False,False,0
352eabe8cc,DE,none,False,False,0
d826739545,DE,none,False,False,0
7acd2a2a8d,DE,none,False,False,0
cc3cb36e8b,DE,none,False,False,0
3f88226f18,DE,lei_declared,True,False,1
aae4737894,DE,none,False,False,0
8041f37357,DE,none,False,False,0
f07bb4d6b2,DE,register_qualified,True,False,1
2caf9f04bb,DE,none,False,False,0
6f23629336,DE,none,False,False,0
afbc9a06b5,DE,none,False,False,0
ef3854b5c8,DE,none,False,False,0
2715aa82c9,DE,register_qualified,True,False,1
91f013757c,DE,none,False,False,0
0bc4f31796,DE,none,False,False,0
7ba299eca7,DE,none,False,False,0
446451d74e,DE,none,False,False,0
c12b8a72ac,DE,none,False,False,0
92c8ecb2a8,DE,lei_declared,True,False,1
318f9e6d28,DE,lei_declared,True,False,1
e30d73af7a,DE,none,False,False,0
45d88e0134,DE,none,False,False,0
79b208a0d4,DE,none,False,False,0
5f29666a79,DE,lei_declared,True,False,1
a0b0d15528,DE,lei_declared,True,False,1
cf3ab776e0,DE,none,False,False,0
5df3a0b353,DE,lei_declared,True,False,1
7892a8e5d1,DE,lei_declared,True,False,1
2cada47e98,DE,none,False,False,0
9f78789681,DE,none,False,False,0
fe082f51f8,DE,lei_declared,True,False,1
42ba9b704d,DE,none,False,False,0
32bbf15518,DE,register_qualified,True,False,1
c4d282d8e1,DE,register_qualified,True,False,1
37619ff806,DE,none,False,False,0
07446bb7d8,DE,none,False,False,0
640f4541d6,DE,none,False,False,0
32fc75b8ca,DE,none,False,False,0
3eb47336e0,DE,none,False,False,0
782a1f956c,DE,register_qualified,True,False,1
bd4aa20155,DE,none,False,False,0
8bc134fe01,DE,none,False,False,0
db57a07767,DE,none,False,False,0
6ebb75b02e,DE,lei_declared,True,False,1
aacff5bea9,DE,none,False,False,0
b464298bf7,DE,none,False,False,0
9f5f6cb398,DE,none,False,False,0
b4f034fa2f,DE,none,False,False,0
19d804f0c8,DE,none,False,False,0
5bb51f57a4,DE,none,False,False,0
1d0edb1ce7,DE,none,False,False,0
116f90a2c3,DE,none,False,False,0
876d1812c2,DE,none,False,False,0
dc112f931b,DE,none,False,False,0
4f18a265bc,DE,none,False,False,0
821db65b09,DE,lei_declared,True,False,1
59fd0c55ec,DE,lei_declared,True,False,1
8d23b95b19,DE,none,False,False,0
c4ce5e9271,DE,register_qualified,True,True,3
e12ce303c0,DE,none,False,False,0
3416948128,DE,none,False,False,0
92a05e0a3e,DE,none,False,False,0
602c1f8b6a,DE,none,False,False,0
c6521e0d5c,DE,none,False,False,0
396c89073b,DE,none,False,False,0
0b336fa9c7,DE,none,False,False,0
51998389ce,DE,none,False,False,0
7441fd07b0,DE,none,False,False,0
33671d6d62,DE,none,False,False,0
ef177edf90,DE,none,False,False,0
7ee8509826,DE,none,False,False,0
1ead383cfa,DE,none,False,False,0
bc8b81a071,DE,register_qualified,True,True,5
79d129b467,DE,none,False,False,0
22f32f554c,DE,none,False,False,0
39dab37218,DE,none,False,False,0
4ac2788eba,DE,none,False,False,0
a3771e717a,DE,none,False,False,0
5663f9d2f3,DE,none,False,False,0
d95e1a54af,DE,none,False,False,0
9c2f2fcb36,DE,lei_declared,True,False,1
0b01c5e134,DE,none,False,False,0
dc5830db90,DE,register_qualified,True,False,1
0e29579558,DE,none,False,False,0
42245619b8,DE,none,False,False,0
9abd003a25,DE,register_qualified,True,False,1
ac7693e7d4,DE,register_qualified,True,False,1
f226cfef89,DE,register_qualified,True,True,2
17393ea10f,DE,none,False,False,0
40202f5bc2,DE,none,False,False,0
7c566d813d,DE,none,False,False,0
f6a2cb44d9,DE,none,False,False,0
66a7710532,DE,none,False,False,0
f0eda85888,DE,none,False,False,0
e5c4809ab3,DE,none,False,False,0
2616033740,DE,none,False,False,0
411bcfef9d,DE,none,False,False,0
9c8b016361,DE,none,False,False,0
478f1111d3,DE,register_qualified,True,True,3
25e3f92a76,DE,none,False,False,0
dc7e4c0ae6,DE,none,False,False,0
162ff36826,DE,none,False,False,0
06f6c540b8,DE,none,False,False,0
780fd58eb2,DE,none,False,False,0
06c03e4745,DE,none,False,False,0
a4fc02186d,DE,none,False,False,0
0dffbec792,DE,none,False,False,0
174654c750,DE,none,False,False,0
532d36313a,DE,none,False,False,0
c1db021e85,DE,none,False,False,0
504980a848,DE,none,False,False,0
062b16244f,DE,none,False,False,0
4c2ceb799e,DE,none,False,False,0
583d10a180,DE,none,False,False,0
ed09009222,DE,none,False,False,0
3486d05aeb,DE,lei_declared,True,False,1
26c85a707f,DE,register_qualified,True,False,1
7a0ca6c2ca,DE,lei_declared,True,False,1
290a3bd886,DE,lei_declared,True,False,1
79b777caa9,DE,none,False,False,0
0ca231feef,DE,register_qualified,True,False,1
427dde21d0,DE,none,False,False,0
e58fdb9d1f,DE,register_qualified,True,True,5
3d9aae2ddb,DE,none,False,False,0
49be73a458,DE,none,False,False,0
a94f22d614,DE,register_qualified,True,False,1
8eb46560ee,DE,register_qualified,True,True,2
f60c3013fe,DE,register_qualified,True,False,1
3774496014,DE,register_qualified,True,False,1
d9bbcf3803,DE,none,False,False,0
6541abab47,DE,none,False,False,0
537da3aee4,DE,lei_declared,True,False,1
db41be3130,DE,register_qualified,True,False,1
739ced3fe5,DE,register_qualified,True,False,1
ceb0d83008,DE,none,False,False,0
f05a60f567,DE,register_qualified,True,True,2
192b75f097,DE,none,False,False,0
0265c85001,DE,none,False,False,0
346ba5982b,DE,none,False,False,0
50bcdca956,DE,none,False,False,0
0cdb89657d,DE,none,False,False,0
3e27f9384d,DE,none,False,False,0
2e5db7c8ab,DE,none,False,False,0
d11753f15e,DE,none,False,False,0
e3c9fa8a28,DE,none,False,False,0
cf425d954b,DE,none,False,False,0
fbdb1a94bb,DE,none,False,False,0
e36f73c2c7,DE,none,False,False,0
68125e8fdd,DE,none,False,False,0
5b76429b17,DE,none,False,False,0
f72d18db89,DE,none,False,False,0
641a69d342,DE,none,False,False,0
e5300a2c13,DE,none,False,False,0
9ae417a83c,DE,register_qualified,True,False,1
b8d518d630,DE,register_qualified,True,True,2
eb0a7cb425,DE,none,False,False,0
ac5df664df,DE,none,False,False,0
89f1236280,DE,none,False,False,0
887c6e736a,DE,none,False,False,0
8868961b7e,DE,none,False,False,0
278833847c,DE,none,False,False,0
65cec4b30a,DE,none,False,False,0
0b4d6834a4,DE,none,False,False,0
cd07ebcbd2,DE,none,False,False,0
fcc84da4f2,DE,none,False,False,0
e862deec41,DE,none,False,False,0
ba1bdc0815,DE,none,False,False,0
d29780dd6b,DE,none,False,False,0
a0a322621f,DE,none,False,False,0
314e6fb1f2,DE,none,False,False,0
0bd397ad39,DE,none,False,False,0
d9799c4e0d,DE,none,False,False,0
1a18eb6c38,DE,none,False,False,0
0cd12dac7d,DE,none,False,False,0
d364b05f9c,DE,none,False,False,0
185c5374a5,DE,none,False,False,0
1f6e247e59,DE,register_qualified,True,False,1
88c42fb8cf,DE,register_qualified,True,False,1
53cc1d709e,DE,none,False,False,0
da30f7c738,DE,none,False,False,0
9bf528a46b,DE,none,False,False,0
189a132908,DE,none,False,False,0
0347ff83ff,DE,none,False,False,0
3cd8e812ca,DE,none,False,False,0
c7b9df03d1,DE,none,False,False,0
7b81b5503e,DE,none,False,False,0
0f68ccd868,DE,none,False,False,0
c1e18c4273,DE,none,False,False,0
5d826a70c2,DE,none,False,False,0
2146d05a66,DE,none,False,False,0
26b1fd959a,DE,lei_declared,True,False,1
6035508e44,DE,none,False,False,0
83a0b32404,DE,none,False,False,0
57f96718a8,DE,none,False,False,0
850b98fe84,DE,none,False,False,0
2cad5a57b9,DE,register_qualified,True,False,1
b042769249,DE,none,False,False,0
a46c665c0c,DE,none,False,False,0
6dfad8cc89,DE,none,False,False,0
6f2c412ca8,DE,none,False,False,0
99aa050483,DE,none,False,False,0
6e553fa1f0,DE,none,False,False,0
b250287140,DE,none,False,False,0
b3d7676475,DE,none,False,False,0
ddc61d7558,DE,none,False,False,0
47c55d70c3,DE,register_qualified,True,False,1
672d683d67,DE,none,False,False,0
20cfff3873,DE,none,False,False,0
ece44ac289,DE,none,False,False,0
34a92264e6,DE,none,False,False,0
51983a33dd,DE,none,False,False,0
8a6f0bef62,DE,none,False,False,0
f7b01d2233,DE,register_qualified,True,True,6
4e9b076bcb,DE,none,False,False,0
eb09536c1b,DE,none,False,False,0
2a0eca2e94,DE,none,False,False,0
3fcc351f94,DE,none,False,False,0
f617c00692,DE,none,False,False,0
b949caf172,DE,register_qualified,True,True,2
f9e531faa7,DE,none,False,False,0
214e2a3570,DE,none,False,False,0
522c0e4138,DE,none,False,False,0
a20c81aa5e,DE,none,False,False,0
59c365cee9,DE,none,False,False,0
4344425804,DE,lei_declared,True,False,1
78edd93604,DE,lei_declared,True,False,1
0143873994,DE,lei_declared,True,False,1
40b5efeaf4,DE,none,False,False,0
1f2cc60bd4,DE,none,False,False,0
731f15e08e,DE,lei_declared,True,False,1
fbeefc8a13,DE,none,False,False,0
e7347b4349,DE,none,False,False,0
305b5aef73,DE,none,False,False,0
80c851e434,DE,none,False,False,0
224a1f7682,DE,lei_declared,True,False,1
db0cdf3976,DE,none,False,False,0
85389428c7,DE,none,False,False,0
b36f286bd1,DE,none,False,False,0
892a7dcde1,DE,none,False,False,0
f30ff81f4a,DE,lei_declared,True,False,1
8315fda158,DE,none,False,False,0
76669c251d,DE,register_qualified,True,True,2
57a5f6fd70,DE,none,False,False,0
136dfe554a,DE,none,False,False,0
ac92342f88,DE,none,False,False,0
142a2366f2,DE,none,False,False,0
def6b270ef,DE,none,False,False,0
d1254e059a,DE,none,False,False,0
5cd0989928,DE,none,False,False,0
9fe99ea1e7,DE,none,False,False,0
75a7ad3ac2,DE,none,False,False,0
d914ff6f8d,DE,none,False,False,0
6dcc3f703f,DE,none,False,False,0
914b541b55,DE,none,False,False,0
cd7f2bf01d,DE,none,False,False,0
b5137c44e4,DE,none,False,False,0
d5c1371e49,DE,none,False,False,0
8b2bc831ad,DE,none,False,False,0
10ad5f62ef,DE,none,False,False,0
f30388bbb2,DE,none,False,False,0
a7777767c5,DE,none,False,False,0
b651d873f0,DE,none,False,False,0
11f6e04357,DE,none,False,False,0
3fb5a8d5eb,DE,register_qualified,True,True,6
4bf80d9785,DE,none,False,False,0
2fe32e9bc0,DE,none,False,False,0
015daedb2f,DE,none,False,False,0
782d20419b,DE,none,False,False,0
046db33f56,DE,none,False,False,0
ee08fc743c,DE,none,False,False,0
0c1fe1a552,DE,none,False,False,0
cf890b98c6,DE,none,False,False,0
0ff22a864c,DE,none,False,False,0
9524e7664f,DE,none,False,False,0
bc0c4ef7e8,DE,none,False,False,0
47e660d246,DE,none,False,False,0
488dc1557e,DE,none,False,False,0
a28e8364e4,DE,none,False,False,0
f89d10098e,DE,none,False,False,0
5f6f622000,DE,none,False,False,0
ab616e291b,DE,none,False,False,0
0bbfa81198,DE,none,False,False,0
0f6920fa7c,DE,none,False,False,0
63bb998cdc,DE,none,False,False,0
a680874156,DE,none,False,False,0
09cc062b15,DE,none,False,False,0
0d7673bec4,DE,lei_declared,True,False,1
be29639894,DE,none,False,False,0
1180fd244a,DE,none,False,False,0
ac556bd51f,DE,none,False,False,0
1e299761bf,DE,none,False,False,0
42de5fd10e,DE,none,False,False,0
f4e6fedc31,DE,none,False,False,0
db6b8582ed,DE,none,False,False,0
d4d33c1102,DE,register_qualified,True,True,2
b1cddd4b3e,DE,none,False,False,0
eae3239e5a,DE,none,False,False,0
0b801a80ac,DE,lei_declared,True,False,1
1f8b584115,DE,lei_declared,True,False,1
49b22eabe9,DE,register_qualified,True,True,5
cee318e4b9,DE,none,False,False,0
9997e25de0,DE,none,False,False,0
9e3beb4164,DE,none,False,False,0
004d47960c,DE,none,False,False,0
2b1c98caad,DE,none,False,False,0
17e6801772,DE,none,False,False,0
092932c77d,DE,none,False,False,0
ca3a12fa1a,DE,none,False,False,0
35e5663123,DE,none,False,False,0
8965b553a5,DE,none,False,False,0
7c77ad0da5,DE,none,False,False,0
d0d0e149aa,DE,none,False,False,0
f30f1c4286,DE,register_qualified,True,False,1
8e38f58e66,DE,none,False,False,0
ec3c37905a,DE,none,False,False,0
25cd2b2c55,DE,none,False,False,0
a14b95cadb,DE,none,False,False,0
878ce7c0a6,DE,lei_declared,True,False,1
6ae590779d,DE,none,False,False,0
4f10f824d7,DE,none,False,False,0
45473025ed,DE,none,False,False,0
c1ee98c267,DE,none,False,False,0
3f935d4b39,DE,none,False,False,0
a5d4e7d55a,DE,none,False,False,0
197237d90a,DE,none,False,False,0
75f39fc836,DE,none,False,False,0
013dfbd835,DE,none,False,False,0
23cadf22b3,DE,none,False,False,0
bc41d15d98,DE,none,False,False,0
c709e65867,DE,none,False,False,0
7229ea9e59,DE,none,False,False,0
1ae4f7f44e,DE,none,False,False,0
87d6171121,DE,none,False,False,0
d2c40ef602,DE,none,False,False,0
2ddf2d69fa,DE,none,False,False,0
40e2ecdb12,DE,lei_declared,True,False,1
41cd7c41e1,DE,register_qualified,True,True,3
11d8fb10e5,DE,none,False,False,0
d14477ab47,DE,none,False,False,0
9a232aab28,DE,none,False,False,0
392664c61e,DE,none,False,False,0
9faec8f7c0,DE,none,False,False,0
715127d9cc,DE,none,False,False,0
5088aae5cb,DE,none,False,False,0
8662bd8e86,DE,register_qualified,True,False,1
c1525fef7e,DE,none,False,False,0
1d925f508d,DE,none,False,False,0
ff83f3355f,DE,lei_declared,True,False,1
5e596eac39,DE,none,False,False,0
c8e4a44a38,DE,none,False,False,0
5cdf8cce22,DE,lei_declared,True,False,1
764af74f10,DE,none,False,False,0
4f04bd1229,DE,none,False,False,0
c9b923c9cd,DE,none,False,False,0
b4c693e2b7,DE,none,False,False,0
22b4b13b35,DE,none,False,False,0
0304be7d7f,DE,none,False,False,0
3b5010f9e4,DE,none,False,False,0
eefb4e4751,DE,register_qualified,True,False,1
a30e9267d9,DE,none,False,False,0
e2b9229d73,DE,none,False,False,0
e1746a5a9b,DE,none,False,False,0
c1c88f2b5c,DE,none,False,False,0
7f2941e24c,DE,none,False,False,0
1f5f0829bf,DE,none,False,False,0
536320fe3b,DE,none,False,False,0
8465ffaf85,DE,none,False,False,0
068b0bd4f8,DE,register_qualified,True,True,2
05704c1c23,DE,none,False,False,0
19c8c55b6c,DE,none,False,False,0
d39da446a8,DE,none,False,False,0
05a7f9bfd1,DE,none,False,False,0
d6aede5520,DE,none,False,False,0
6797edccf5,DE,none,False,False,0
329686402f,DE,none,False,False,0
b204f49fb6,DE,none,False,False,0
7abf0a413c,DE,none,False,False,0
2bb0064cb6,DE,none,False,False,0
63810a42b8,DE,none,False,False,0
414355f10b,DE,none,False,False,0
452c18ce4e,DE,none,False,False,0
c3d8517476,DE,none,False,False,0
a77b6f5f40,DE,none,False,False,0
d426038dcb,DE,none,False,False,0
53f188d19c,DE,none,False,False,0
c42f7d6704,DE,none,False,False,0
072dfef019,DE,none,False,False,0
bdd2afb9fa,DE,none,False,False,0
4ae3b7865f,DE,none,False,False,0
108ec69e9a,DE,none,False,False,0
050279b82c,DE,none,False,False,0
aad32c0329,DE,none,False,False,0
dabff0f9c4,DE,none,False,False,0
961288b432,DE,none,False,False,0
9b00e38ac5,DE,none,False,False,0
7b7664f683,DE,none,False,False,0
1511c57358,DE,none,False,False,0
feef8fac3f,DE,none,False,False,0
12c3beb715,DE,none,False,False,0
fe9a2e3d5f,DE,none,False,False,0
8978b9b586,DE,none,False,False,0
98b96a3274,DE,none,False,False,0
856532a5ab,DE,none,False,False,0
49c251e78a,DE,none,False,False,0
e1c6329cbe,DE,none,False,False,0
b22a7c64e3,DE,none,False,False,0
3e86b348fd,DE,none,False,False,0
90a40d4fc4,DE,none,False,False,0
10e4c9110d,DE,register_qualified,True,False,1
d7584bb676,DE,none,False,False,0
198e313e3a,DE,register_qualified,True,False,1
09e74693d2,DE,none,False,False,0
03e38111c2,DE,register_qualified,True,False,1
09e33d123e,DE,none,False,False,0
66976220bd,DE,none,False,False,0
79d830ab9c,DK,none,False,False,0
81c86e345b,DK,none,False,False,0
06d7daf45b,DK,none,False,False,0
b6f6e64c31,DK,none,False,False,0
48539ddee9,DK,none,False,False,0
7b7e7fa046,DK,register_qualified,True,False,1
87a02c7b7e,DK,none,False,False,0
92d1741b9b,DK,lei_declared,True,False,1
ffd9042c61,DK,lei_declared,True,False,1
c0b37efbc2,DK,register_qualified,True,False,1
47c1f94b92,DK,none,False,False,0
a6ed29b34b,DK,register_qualified,True,False,1
53f49036a4,DK,register_qualified,True,False,1
3ada663664,DK,none,False,False,0
d0cab2e960,DK,register_qualified,True,False,1
9222c11966,DK,register_qualified,True,False,1
b44d6bc74a,DK,register_qualified,True,False,1
2d4b6ab4d8,DK,register_qualified,True,False,1
f4c8418208,DK,register_qualified,True,False,1
1c3a1fba63,DK,none,False,False,0
1681255627,DK,none,False,False,0
37ff9c9b9b,DK,none,False,False,0
ca1ed1f90e,DK,none,False,False,0
6dfdf2778f,DK,none,False,False,0
fd9d6ab582,DK,none,False,False,0
4079c7d77a,DK,none,False,False,0
6ac6150857,DK,none,False,False,0
8591ea59d9,DK,lei_declared,True,False,1
ba31e386f6,DK,none,False,False,0
8e93d392a1,DK,none,False,False,0
fed7ff785e,DK,none,False,False,0
79437b4d09,DK,none,False,False,0
ddb5027b0c,DK,none,False,False,0
4a8394130e,DK,none,False,False,0
1ab53ad008,DK,none,False,False,0
313bf089a3,DK,none,False,False,0
403b1580a3,DK,none,False,False,0
4884e287b5,DK,none,False,False,0
a5b6be8082,DK,none,False,False,0
30aa24eb74,DK,none,False,False,0
3f52fc1c34,DK,none,False,False,0
f1c56220c8,DK,none,False,False,0
1f9e7d3689,DK,none,False,False,0
c2e2d5664b,DK,none,False,False,0
5b5f50d0fc,DK,lei_declared,True,False,1
79ac61d5ce,DK,none,False,False,0
a0274d8c52,DK,none,False,False,0
44889c24b7,DK,none,False,False,0
a01cf76d5e,DK,none,False,False,0
cf16cd2704,DK,none,False,False,0
b8c7565e6f,DK,lei_declared,True,False,1
057a75b7a3,DK,none,False,False,0
b2dd72425f,DK,none,False,False,0
5dd2c70818,DK,none,False,False,0
62171e88f3,DK,none,False,False,0
799928dac2,DK,none,False,False,0
1b699f83db,DK,none,False,False,0
5a003163d1,DK,none,False,False,0
5c5a817fca,DK,none,False,False,0
0eebe64c64,DK,none,False,False,0
078944cf2e,DK,lei_declared,True,False,1
ce0bdbb4a8,DK,register_qualified,True,False,1
313c6a5b5e,DK,none,False,False,0
afc445e519,DK,none,False,False,0
2a0d39a74e,DK,none,False,False,0
74c139764a,DK,none,False,False,0
2159511700,DK,none,False,False,0
3753fbc11d,DK,none,False,False,0
0b8a594260,DK,none,False,False,0
7e0d7620d8,DK,none,False,False,0
ee6fa899e6,DK,none,False,False,0
fad0aa9a31,DK,none,False,False,0
24a065e07f,DK,none,False,False,0
4761207597,DK,none,False,False,0
771bbaff4d,DK,none,False,False,0
27efd403df,DK,none,False,False,0
6b696d5d35,DK,lei_declared,True,False,1
fd4dd990f9,DK,none,False,False,0
7a31a2fda7,DK,none,False,False,0
9a3552ce38,DK,none,False,False,0
98ebc9a63c,DK,none,False,False,0
ca1e4ac3a8,DK,register_qualified,True,False,1
07fe63e288,DK,none,False,False,0
e096dc039c,DK,none,False,False,0
dbd7190c5c,DK,none,False,False,0
90d6607d2c,DK,none,False,False,0
23e2e6c8db,DK,none,False,False,0
77233e699a,DK,none,False,False,0
1ebe14000e,DK,none,False,False,0
1b8ac33cce,DK,register_qualified,True,False,1
a4741e1557,DK,none,False,False,0
07084812aa,DK,none,False,False,0
0cb2e4bd70,DK,none,False,False,0
11132a8c74,DK,none,False,False,0
2d61ea12a2,DK,none,False,False,0
82483b1607,DK,none,False,False,0
88c76d09db,DK,none,False,False,0
9099040359,DK,none,False,False,0
91354689b4,DK,none,False,False,0
2000b88bf3,DK,none,False,False,0
9e94d9ae89,DK,none,False,False,0
993ed0b67c,DK,none,False,False,0
c992178597,DK,none,False,False,0
eec6cc25b3,DK,none,False,False,0
9eddb1f2b9,DK,none,False,False,0
9c3ac9e742,DK,none,False,False,0
6292dc75ed,DK,none,False,False,0
a74b11e384,DK,none,False,False,0
c7a18c9070,DK,none,False,False,0
ebacf2e478,DK,none,False,False,0
2d59c3f7cb,DK,none,False,False,0
9b4837daa8,DK,none,False,False,0
fc710c29f5,DK,none,False,False,0
efc0a98e2f,DK,lei_declared,True,False,1
689dbf3ef1,DK,lei_declared,True,False,1
2b2ea8b540,DK,none,False,False,0
1672c1e092,DK,none,False,False,0
f215cfdc40,DK,register_qualified,True,False,1
715b24d020,DK,none,False,False,0
fa55095002,DK,lei_declared,True,False,1
66dd3dffa9,DK,register_qualified,True,False,1
c8f0a2cdb0,DK,none,False,False,0
c214eeba42,DK,register_qualified,True,False,1
15f62d66af,DK,lei_declared,True,False,1
9676b6cae1,DK,register_qualified,True,False,1
d88d82c1b7,DK,lei_declared,True,False,1
be5ef83591,DK,none,False,False,0
223f534da0,DK,none,False,False,0
7354e1aaab,DK,none,False,False,0
6e9fd3313b,DK,none,False,False,0
cc10a2e2e3,DK,none,False,False,0
24c8a88620,DK,none,False,False,0
b0623b1bcf,DK,none,False,False,0
3c231a1f4e,DK,none,False,False,0
cb5ebd2807,DK,none,False,False,0
68bf4f885e,DK,none,False,False,0
5f5af96082,DK,none,False,False,0
d5f8c34503,DK,none,False,False,0
981251ef2a,DK,register_qualified,True,False,1
aec589a4d4,DK,none,False,False,0
037a66e9de,DK,none,False,False,0
5cf2546e61,DK,none,False,False,0
e1ca4bebeb,DK,none,False,False,0
05ebc34388,DK,none,False,False,0
1eef71e14b,DK,none,False,False,0
f13e4a0a51,DK,none,False,False,0
3829bea0ba,DK,none,False,False,0
2f12193d48,DK,none,False,False,0
545fd71139,DK,none,False,False,0
0b847c1eb5,DK,none,False,False,0
5aa3b7d1f4,DK,none,False,False,0
02ae6013b8,DK,none,False,False,0
d03f8605f9,DK,none,False,False,0
0754184559,DK,none,False,False,0
84939d9624,DK,none,False,False,0
06fa5cdc5a,DK,none,False,False,0
4a55b3e214,DK,register_qualified,True,False,1
27eaecf254,DK,none,False,False,0
59877d706b,DK,none,False,False,0
6e1b4b7ace,DK,none,False,False,0
dbae349c22,DK,none,False,False,0
f952e7b0ad,DK,register_qualified,True,False,1
50bbd92d79,DK,none,False,False,0
bb06b927aa,DK,register_qualified,True,False,1
c894449d3c,DK,none,False,False,0
42adca0854,DK,none,False,False,0
c4acd8db8b,DK,none,False,False,0
109e7a8bb2,DK,none,False,False,0
d67e3b7af2,DK,none,False,False,0
3740dad0a6,DK,none,False,False,0
4f67187d19,DK,none,False,False,0
3bf715471c,DK,none,False,False,0
9e0ee617c7,DK,none,False,False,0
c3ecafde4d,DK,none,False,False,0
7aa31a3c3b,DK,none,False,False,0
ec9f8a275b,DK,none,False,False,0
01e700d6f5,DK,none,False,False,0
ef20d3c7b7,DK,none,False,False,0
c0e3c79c75,DK,none,False,False,0
c48d8f1f16,DK,none,False,False,0
fbf11a729c,DK,none,False,False,0
ac8f3d67dc,DK,none,False,False,0
faec852a79,DK,none,False,False,0
2a83eab729,DK,none,False,False,0
c984b4b8c9,DK,none,False,False,0
aac1cbeb1b,DK,none,False,False,0
2a93593611,DK,none,False,False,0
dc815b61f1,DK,none,False,False,0
32307fcef0,DK,none,False,False,0
d88d0dc5cf,DK,none,False,False,0
d7165a8190,DK,none,False,False,0
9b73d795c3,DK,none,False,False,0
cf63dc250e,DK,none,False,False,0
11f09285fc,DK,none,False,False,0
ff9c18d5ed,DK,none,False,False,0
4c7c5668d2,DK,none,False,False,0
b6c4d3c75e,DK,lei_declared,True,False,1
6db01654d4,DK,none,False,False,0
38ae141af8,DK,none,False,False,0
ed6855f6e3,DK,none,False,False,0
c5e552ff41,DK,none,False,False,0
6aa19be0f4,DK,none,False,False,0
0fa1d5f09a,DK,none,False,False,0
ce306ca8ae,DK,none,False,False,0
121f2287ed,DK,none,False,False,0
90a6cd4970,DK,none,False,False,0
04d3161053,DK,none,False,False,0
e16f8f76cb,DK,lei_declared,True,False,1
39b219d922,DK,lei_declared,True,False,1
4c5a26b290,DK,none,False,False,0
561ab6dd7e,DK,none,False,False,0
db2f58402f,DK,register_qualified,True,False,1
66488bb90b,DK,none,False,False,0
cfc8ab0415,DK,none,False,False,0
944554d644,DK,none,False,False,0
835c2bf891,DK,none,False,False,0
c83b792953,DK,none,False,False,0
efa4391596,DK,register_qualified,True,False,1
da6aff3c04,DK,register_qualified,True,False,1
308e7c6ced,DK,register_qualified,True,False,1
6c97f6a1e5,DK,none,False,False,0
fe3603ff78,DK,register_qualified,True,False,1
ef2781be55,DK,none,False,False,0
eb204676b4,DK,none,False,False,0
ff86dd0e4d,DK,register_qualified,True,False,1
533ab6b91b,DK,none,False,False,0
e1c247bd6d,DK,register_qualified,True,False,1
540f92140f,DK,none,False,False,0
0df288a164,DK,none,False,False,0
d9e393edd8,DK,none,False,False,0
b37e52e86a,DK,none,False,False,0
2fca420d17,DK,none,False,False,0
aaa445dcb9,DK,none,False,False,0
9ebde88906,DK,none,False,False,0
0d8f12fe10,DK,none,False,False,0
760dd2ac63,DK,none,False,False,0
c5cd3cc034,DK,none,False,False,0
7623ea73b6,DK,none,False,False,0
9d18d18ac1,DK,none,False,False,0
1f607a164d,DK,none,False,False,0
e6853b8232,DK,none,False,False,0
9446d184fd,DK,none,False,False,0
0c49d44f07,DK,none,False,False,0
ada32b7c9c,DK,none,False,False,0
bbd1fcf70d,DK,none,False,False,0
5ff45335af,DK,none,False,False,0
0839f82f6a,DK,none,False,False,0
cdd163506c,DK,none,False,False,0
05b2524a3e,DK,none,False,False,0
598016ce07,DK,none,False,False,0
dba1f685ba,DK,none,False,False,0
f406cfed78,DK,none,False,False,0
1e5503bcfe,DK,register_qualified,True,False,1
61c9e5aadf,DK,none,False,False,0
dabe0a6be8,DK,none,False,False,0
00d585102c,DK,none,False,False,0
e8e308179b,DK,none,False,False,0
21ecfcee95,DK,none,False,False,0
ac4989d7fc,DK,none,False,False,0
da9957b016,DK,none,False,False,0
eb15f2bad0,DK,none,False,False,0
fe738ae6ef,DK,none,False,False,0
d4784b7e4b,DK,register_qualified,True,False,1
f89fa6d9ea,DK,lei_declared,True,False,1
e6989d6fc1,DK,none,False,False,0
be4367fbb7,DK,none,False,False,0
ba48bd1fbc,DK,none,False,False,0
e1c3aebf24,DK,none,False,False,0
42f06bab0b,DK,none,False,False,0
2ddb265b01,DK,none,False,False,0
be934b0540,DK,none,False,False,0
24dbebaa97,DK,none,False,False,0
3669c4e3b1,DK,none,False,False,0
5354b62570,DK,register_qualified,True,False,1
7df9b45eda,DK,none,False,False,0
de6c7680fd,DK,none,False,False,0
492b07169e,DK,none,False,False,0
b5f6a683ad,DK,lei_declared,True,False,1
3e32312e8b,DK,register_qualified,True,False,1
3a92c33d33,DK,lei_declared,True,False,1
9f3d2b75bb,DK,none,False,False,0
a43715b825,DK,none,False,False,0
d75a6a7a92,DK,none,False,False,0
49c6761129,DK,none,False,False,0
42db033a5b,DK,none,False,False,0
a4af8ccb3c,DK,none,False,False,0
fb4b242313,DK,none,False,False,0
65891e7e68,DK,none,False,False,0
fed8b89702,DK,none,False,False,0
3852d15a0d,DK,none,False,False,0
19500d9750,DK,none,False,False,0
400cb06eb8,DK,none,False,False,0
21ff241343,DK,none,False,False,0
d56faca7fd,DK,none,False,False,0
3af9397ccf,DK,lei_declared,True,False,1
6a659f8abf,DK,lei_declared,True,False,1
4aa88871db,DK,lei_declared,True,False,1
f0462b9e5f,DK,none,False,False,0
435596862b,DK,none,False,False,0
9fdf5fac41,DK,none,False,False,0
63fa68e39c,DK,none,False,False,0
8b784c161d,DK,none,False,False,0
bc35f18e64,DK,none,False,False,0
38f2245cb6,DK,none,False,False,0
2817211d89,DK,none,False,False,0
07998e0c21,DK,none,False,False,0
6b73e583f3,DK,none,False,False,0
3d9a6cbae9,DK,register_qualified,True,False,1
039938a3df,DK,none,False,False,0
3f1d189f20,DK,none,False,False,0
8f3a777e1b,DK,none,False,False,0
f10418a590,DK,none,False,False,0
b623c23611,DK,none,False,False,0
046a6d0cf0,DK,none,False,False,0
ef3436608d,DK,none,False,False,0
a655ffe101,DK,none,False,False,0
5d6aa38b57,DK,none,False,False,0
96d1ec322f,DK,none,False,False,0
829fea6acd,DK,none,False,False,0
53a5019050,DK,none,False,False,0
77e0e83ccb,DK,none,False,False,0
a587e1bd25,DK,none,False,False,0
35f4d62766,DK,none,False,False,0
def6317ae8,DK,none,False,False,0
fa7249f26c,DK,none,False,False,0
de6c328336,DK,none,False,False,0
8547141fc8,DK,none,False,False,0
7440fea435,DK,none,False,False,0
6dad30d093,DK,none,False,False,0
cea02738c6,DK,register_qualified,True,False,1
8f13fa8b5f,DK,none,False,False,0
9846f46817,DK,none,False,False,0
e3863f5b8e,DK,register_qualified,True,False,1
35f0dd6795,DK,none,False,False,0
0ebe42dddd,DK,none,False,False,0
968809828c,DK,none,False,False,0
254e2e97ee,DK,none,False,False,0
f363d6cf54,DK,lei_declared,True,False,1
14c2ddce47,DK,none,False,False,0
13521b153c,DK,none,False,False,0
f45131abae,DK,register_qualified,True,False,1
688f8a6df9,DK,none,False,False,0
84f550d320,DK,register_qualified,True,False,1
dcf1a0373d,DK,none,False,False,0
105cc9da96,DK,register_qualified,True,False,1
a80fab5736,DK,none,False,False,0
d56483e233,DK,none,False,False,0
06779891ee,DK,none,False,False,0
b3cce5dc63,DK,none,False,False,0
d6970c3984,DK,none,False,False,0
1ad204f5f3,DK,register_qualified,True,False,1
47fb777c98,DK,register_qualified,True,False,1
326c1bfc43,DK,register_qualified,True,False,1
4dd3d4c0aa,DK,register_qualified,True,False,1
4574341619,DK,register_qualified,True,False,1
fee0bd5e4e,DK,none,False,False,0
c051de70e3,DK,register_qualified,True,False,1
a88ff4d46d,DK,none,False,False,0
2794bfdf80,DK,none,False,False,0
37bacd0196,DK,none,False,False,0
c50490fda2,DK,none,False,False,0
557a537f9f,DK,none,False,False,0
6a8bcbe384,DK,none,False,False,0
33673e9cef,DK,none,False,False,0
3ad90a600f,DK,none,False,False,0
a8854337ff,DK,none,False,False,0
904014a3cb,DK,none,False,False,0
b92d0aa487,DK,none,False,False,0
6c5dbf9aec,DK,none,False,False,0
b155d1af42,DK,none,False,False,0
d4df217647,DK,none,False,False,0
0195d03050,DK,register_qualified,True,False,1
5fa33af69d,DK,none,False,False,0
526dc240b3,DK,none,False,False,0
e08607b687,DK,lei_declared,True,False,1
bdd24849b9,DK,none,False,False,0
34de9ceac9,DK,none,False,False,0
8c9ea5eb5f,DK,none,False,False,0
8946c777bf,DK,none,False,False,0
718eafa542,DK,none,False,False,0
5c18054c9c,DK,none,False,False,0
b6df290724,DK,none,False,False,0
c696b04899,DK,register_qualified,True,False,1
fd80a7105f,DK,none,False,False,0
7045c144e8,DK,none,False,False,0
aa368a4c93,DK,none,False,False,0
bba8b90488,DK,none,False,False,0
97f9432b68,DK,none,False,False,0
5c4f387af9,DK,none,False,False,0
140b372c90,DK,register_qualified,True,False,1
0f7c1252f8,DK,none,False,False,0
aeae2ccfc1,DK,none,False,False,0
e2af665830,DK,none,False,False,0
adf8f1792d,DK,none,False,False,0
a6de1a5400,DK,none,False,False,0
1a90595949,DK,none,False,False,0
71f941319e,DK,none,False,False,0
8900d2451b,DK,none,False,False,0
ea78340848,DK,none,False,False,0
c4f3b1c979,DK,register_qualified,True,False,1
d63000eb49,DK,none,False,False,0
eb3a3985f1,DK,none,False,False,0
2edf7df21b,DK,none,False,False,0
77c5b9775a,DK,none,False,False,0
13bc7d16a0,DK,none,False,False,0
f2f95b69ad,DK,register_qualified,True,False,1
13443f7bb2,DK,lei_declared,True,False,1
3e070e2353,DK,none,False,False,0
de2330464e,DK,none,False,False,0
aca84e6741,DK,none,False,False,0
9168491ce1,DK,none,False,False,0
9ddf1ec23a,DK,none,False,False,0
1a7564541f,DK,lei_declared,True,False,1
76815d67c7,DK,none,False,False,0
7554739982,DK,none,False,False,0
43e962f182,DK,register_qualified,True,False,1
003408eba7,DK,none,False,False,0
8a11ba62cd,DK,none,False,False,0
0f7c75a17e,DK,none,False,False,0
72b6186b8b,DK,none,False,False,0
d9f1c0f3ae,DK,none,False,False,0
3ed97625f0,DK,none,False,False,0
7845982ba0,DK,none,False,False,0
2dd746fc9a,DK,none,False,False,0
a715d4b942,DK,none,False,False,0
5c146cdb70,DK,none,False,False,0
4eabc9c606,DK,none,False,False,0
6a2f983c3f,DK,none,False,False,0
136a5aa91c,DK,none,False,False,0
889e10c856,DK,none,False,False,0
5c71153024,DK,none,False,False,0
6e3a2c05a2,DK,none,False,False,0
1cdacb6fe8,DK,none,False,False,0
43b10d8224,DK,none,False,False,0
31e56fc5ef,DK,none,False,False,0
b11602fdff,DK,none,False,False,0
e8c9e4dc78,DK,none,False,False,0
e2c11c1969,DK,none,False,False,0
a7f89afba4,DK,none,False,False,0
5dfbbd7345,DK,none,False,False,0
31c805e785,DK,none,False,False,0
50105a4f4d,DK,none,False,False,0
79cd2be17c,DK,register_qualified,True,False,1
d6831f1961,DK,register_qualified,True,False,1
c7dd3e673d,DK,none,False,False,0
cfbb976738,DK,none,False,False,0
d1aa9e1cbb,DK,none,False,False,0
fd08f16aa1,DK,none,False,False,0
d8d0cf3ff7,DK,none,False,False,0
b9f46b2cac,DK,none,False,False,0
4145b993b6,DK,none,False,False,0
f4956054c3,DK,none,False,False,0
0e884075c6,DK,none,False,False,0
bb0836b840,DK,none,False,False,0
7d529e8cbd,DK,none,False,False,0
bf20f1d583,DK,register_qualified,True,False,1
0ae5a74aaa,DK,none,False,False,0
cf353bda94,DK,register_qualified,True,False,1
47c8ffbd1c,DK,none,False,False,0
c92ed3ca9a,DK,none,False,False,0
f0b55a7fc2,DK,none,False,False,0
8892647821,DK,none,False,False,0
29ad4f0aab,DK,none,False,False,0
7807615535,DK,lei_declared,True,False,1
c7aa5009f6,DK,none,False,False,0
ea34899bce,DK,lei_declared,True,False,1
7e8e0cd1e6,DK,lei_declared,True,False,1
451a030d62,DK,none,False,False,0
ba8dc292fd,DK,none,False,False,0
2814cc498b,DK,none,False,False,0
30de0d174d,DK,none,False,False,0
878887728d,DK,none,False,False,0
ecd23da9a9,DK,lei_declared,True,False,1
9e63840fa1,DK,lei_declared,True,False,1
f2d879afb9,DK,none,False,False,0
3143f15245,DK,register_qualified,True,False,1
d1f216b6e2,DK,none,False,False,0
bf36340918,DK,none,False,False,0
ca890ba4b2,DK,none,False,False,0
c55a21ef6d,DK,none,False,False,0
bf449f0714,DK,none,False,False,0
2998880518,DK,none,False,False,0
4ba0a7499e,DK,none,False,False,0
cadf37a4f6,DK,none,False,False,0
1eb716a86c,DK,none,False,False,0
efb6190cb8,DK,none,False,False,0
e09f087d20,DK,none,False,False,0
a7ad63581c,DK,none,False,False,0
e6f1ca0b6a,DK,none,False,False,0
070d3f658a,DK,none,False,False,0
eed0d619cd,DK,none,False,False,0
270e3d3381,DK,none,False,False,0
cff43c3de1,DK,none,False,False,0
d28e03033c,DK,none,False,False,0
6c3085b71e,DK,none,False,False,0
31ec682742,DK,none,False,False,0
2662d73573,DK,none,False,False,0
db2b659f43,DK,none,False,False,0
fd5395344a,DK,none,False,False,0
ae60b9b9c2,DK,none,False,False,0
430218c846,DK,none,False,False,0
80c3211f30,DK,none,False,False,0
3b102d2958,DK,none,False,False,0
56dddb3a25,DK,none,False,False,0
9c45044a56,DK,none,False,False,0
cc00569ae1,DK,none,False,False,0
54f03fa219,DK,none,False,False,0
0f87403215,DK,none,False,False,0
a5c38704be,DK,lei_declared,True,False,1
baa70c299f,DK,register_qualified,True,False,1
856423121e,DK,none,False,False,0
3f98e5b8fa,DK,none,False,False,0
8df1ece305,DK,none,False,False,0
48ce08d0e1,DK,register_qualified,True,False,1
ac48ded9c1,DK,none,False,False,0
0fb594457c,DK,none,False,False,0
b6fa9f7013,DK,none,False,False,0
cc212ceb32,DK,none,False,False,0
23a0387398,DK,none,False,False,0
04943a1a3d,DK,none,False,False,0
f8e406d814,DK,none,False,False,0
dc3b2e77e1,DK,lei_declared,True,False,1
f243e34623,DK,none,False,False,0
d39a8d7501,DK,register_qualified,True,False,1
26437395c3,DK,none,False,False,0
17a663c72e,DK,none,False,False,0
dd064238dc,DK,none,False,False,0
badb80a4fe,DK,register_qualified,True,False,1
01c5818806,DK,none,False,False,0
86fe534d9f,DK,register_qualified,True,False,1
c28e84869a,DK,register_qualified,True,False,1
59961f5847,DK,none,False,False,0
43abe35e7f,DK,none,False,False,0
fd1bb093da,DK,none,False,False,0
8617853243,DK,register_qualified,True,False,1
50569a7de9,DK,none,False,False,0
fcfc93ab7a,DK,none,False,False,0
239697e8f2,DK,none,False,False,0
27e97939b0,DK,none,False,False,0
58a219239c,DK,none,False,False,0
b0736ca26b,DK,none,False,False,0
6ee83590ea,DK,none,False,False,0
18b8f7378e,DK,none,False,False,0
1e183a5e53,DK,none,False,False,0
78803024a5,DK,none,False,False,0
a25e10dc07,DK,none,False,False,0
a9ac4b7c2b,DK,none,False,False,0
167b599cb1,DK,register_qualified,True,False,1
909d6f7333,DK,none,False,False,0
c34b08d963,DK,register_qualified,True,False,1
d677f7c5b6,DK,none,False,False,0
49b9887cd6,DK,register_qualified,True,False,1
16e2948508,DK,lei_declared,True,False,1
6c48d1148d,DK,register_qualified,True,False,1
8d75895eb0,DK,lei_declared,True,False,1
50e373f0a7,DK,register_qualified,True,False,1
ac5617a992,DK,none,False,False,0
1f27e217a3,DK,none,False,False,0
0f2a723c66,DK,none,False,False,0
bcd6293228,DK,none,False,False,0
90db883e62,DK,none,False,False,0
b876f87442,DK,none,False,False,0
a2c7e46987,DK,none,False,False,0
b7d3b0d63b,DK,none,False,False,0
d740ab419c,DK,none,False,False,0
167995985b,DK,none,False,False,0
c640d0e495,DK,none,False,False,0
e198e2f0b2,DK,none,False,False,0
d2701659c2,DK,none,False,False,0
8d36ae505c,DK,none,False,False,0
30d5b7b4ed,DK,lei_declared,True,False,1
233b2ddbda,DK,none,False,False,0
67e2ae28f7,DK,none,False,False,0
670c9cdd73,DK,none,False,False,0
5c46552846,DK,none,False,False,0
5630775e30,DK,none,False,False,0
91707c6af6,DK,none,False,False,0
5bce52b4b1,DK,none,False,False,0
6efee7cd41,DK,none,False,False,0
a0dacfa938,DK,none,False,False,0
2f046a38c9,DK,none,False,False,0
c883942191,DK,none,False,False,0
7c98918bdc,DK,none,False,False,0
0c6ff85604,DK,none,False,False,0
f345f93244,DK,register_qualified,True,False,1
2b464ab21e,DK,none,False,False,0
7b84127416,DK,none,False,False,0
ac2d686bfc,DK,register_qualified,True,False,1
238e3d6c39,DK,none,False,False,0
7e3835fdc9,DK,none,False,False,0
8642d51349,DK,none,False,False,0
3f7c744971,DK,none,False,False,0
824a6ec619,DK,none,False,False,0
1df01efad8,DK,none,False,False,0
d345279e47,DK,none,False,False,0
cc6e4d53c2,DK,none,False,False,0
7234e1e418,DK,none,False,False,0
f8c96f079e,DK,none,False,False,0
f4c66cad5d,DK,none,False,False,0
1fd4c5e583,DK,none,False,False,0
56c4670913,DK,none,False,False,0
110bb00a0f,DK,register_qualified,True,False,1
c06c502dff,DK,none,False,False,0
a0853dc5c0,DK,none,False,False,0
65a48d6557,DK,register_qualified,True,False,1
694b402b5a,DK,none,False,False,0
c57c34aa68,DK,none,False,False,0
0b6cf5d08b,DK,none,False,False,0
09ab6c4f64,DK,none,False,False,0
10da7b880b,DK,none,False,False,0
3aa53f3c22,DK,none,False,False,0
2fcc5addac,DK,none,False,False,0
d4c212b0f5,DK,none,False,False,0
62f3b90c45,DK,none,False,False,0
e2541f46b9,DK,register_qualified,True,False,1
11b281f766,DK,none,False,False,0
4c9f7a8e66,DK,register_qualified,True,False,1
baa9780b8f,DK,none,False,False,0
79f3ee8ee4,DK,none,False,False,0
4fb4c63e3e,DK,none,False,False,0
68e443c90d,DK,none,False,False,0
5ecaf792d2,DK,none,False,False,0
00b9959f0b,DK,none,False,False,0
368ee4b2a1,DK,none,False,False,0
586d62ee61,DK,none,False,False,0
bfc3daa23d,DK,none,False,False,0
4c4e8850db,DK,none,False,False,0
38beefbde6,DK,none,False,False,0
acfac705b6,DK,none,False,False,0
45e166aee8,DK,none,False,False,0
a68c69b794,DK,none,False,False,0
446e0168a0,DK,none,False,False,0
13fcd970b0,DK,none,False,False,0
c8b44d5816,DK,none,False,False,0
5ba3a6ccab,DK,none,False,False,0
1cd4187584,DK,none,False,False,0
3db98f48fc,DK,none,False,False,0
a9e211742f,DK,none,False,False,0
4e09069558,DK,none,False,False,0
ac1e3b4c19,DK,none,False,False,0
c8c733418d,DK,register_qualified,True,False,1
7b801504c4,DK,none,False,False,0
0e5809766e,DK,lei_declared,True,False,1
b9b4396bf3,DK,none,False,False,0
13c593b559,DK,none,False,False,0
f4e85414fd,DK,none,False,False,0
3dbfd59063,DK,none,False,False,0
ca8f2ef013,DK,none,False,False,0
14f09b0132,DK,none,False,False,0
d5e229c2c1,DK,none,False,False,0
66e5699e43,DK,none,False,False,0
8a0d52bfcb,DK,none,False,False,0
ee349109bc,DK,none,False,False,0
2ffee9bba6,DK,none,False,False,0
510c983c80,DK,none,False,False,0
1afae65cfe,DK,none,False,False,0
a9aa982814,DK,none,False,False,0
d0a15c6155,DK,none,False,False,0
29b9352eda,DK,none,False,False,0
43c618c29e,DK,none,False,False,0
3d62ee95a6,DK,none,False,False,0
197826ca9d,DK,none,False,False,0
4251806d79,DK,none,False,False,0
331c6d2417,DK,register_qualified,True,False,1
b40e2b2137,DK,none,False,False,0
d55a88f5df,DK,none,False,False,0
99e8e5ba64,DK,none,False,False,0
ea704e9cba,DK,none,False,False,0
9f19c6a92d,DK,none,False,False,0
33a1d73f57,DK,none,False,False,0
05a5800921,DK,none,False,False,0
d43f203efa,DK,none,False,False,0
23451dafba,DK,none,False,False,0
62ab842a81,DK,none,False,False,0
25f994a1c7,DK,register_qualified,True,False,1
5708a5abdf,DK,none,False,False,0
cfafb5bf96,DK,none,False,False,0
6f95bc83fa,DK,none,False,False,0
c6fd5b51a8,DK,register_qualified,True,False,1
ff422b6762,DK,none,False,False,0
a11350e195,DK,register_qualified,True,False,1
c320864bdf,DK,none,False,False,0
5527b30ee6,DK,none,False,False,0
663aef6cf7,DK,lei_declared,True,False,1
e578a259b6,DK,none,False,False,0
27175197e2,DK,none,False,False,0
14fd6e42a2,DK,none,False,False,0
a70e3431b4,DK,none,False,False,0
2e3a604d16,DK,none,False,False,0
cb60a26e8e,DK,none,False,False,0
82c3857e7d,DK,none,False,False,0
63cf72817e,DK,register_qualified,True,False,1
3fedec39c2,DK,none,False,False,0
28421cdaea,DK,none,False,False,0
48f4636346,DK,none,False,False,0
e96658e3f2,DK,none,False,False,0
7b9edf0d11,DK,none,False,False,0
99c17c2ef4,DK,none,False,False,0
257443919f,DK,none,False,False,0
e93877b805,DK,none,False,False,0
8f0115bbd1,DK,none,False,False,0
31628e031b,DK,none,False,False,0
33b6f7ba2f,DK,none,False,False,0
4478190042,DK,register_qualified,True,False,1
0eb6824873,DK,none,False,False,0
71ad0d7c81,DK,none,False,False,0
7baf2476d4,DK,none,False,False,0
37e8ab1d27,DK,register_qualified,True,False,1
e0bb9a444d,DK,none,False,False,0
5e98a332ae,DK,none,False,False,0
b7c5970c9c,DK,none,False,False,0
cb4e8ac3d7,DK,none,False,False,0
659d15b919,DK,none,False,False,0
461977c9f9,DK,register_qualified,True,False,1
9e036c81b9,DK,none,False,False,0
33faf89944,DK,none,False,False,0
1e7f30a9cd,DK,none,False,False,0
42057f87aa,DK,none,False,False,0
d6f48b03de,DK,none,False,False,0
3e8c8627b3,DK,none,False,False,0
a460666609,DK,register_qualified,True,False,1
f91b5d7cf1,DK,register_qualified,True,False,1
67e7af4342,DK,none,False,False,0
0c068d0a33,DK,register_qualified,True,False,1
5022d3bbd5,DK,register_qualified,True,False,1
f5c0a8ffd8,DK,register_qualified,True,False,1
4f1a932860,DK,none,False,False,0
840ad2b0e3,DK,none,False,False,0
1ead1b9597,DK,register_qualified,True,False,1
a38aff0295,DK,none,False,False,0
677eb80fb9,DK,register_qualified,True,False,1
98363047f4,DK,register_qualified,True,False,1
8258ab17fb,DK,none,False,False,0
816a3e81a0,DK,none,False,False,0
238943fb3c,DK,none,False,False,0
304a149cc0,DK,none,False,False,0
6eb25a6aab,DK,none,False,False,0
898d66a02a,DK,none,False,False,0
605c310650,DK,none,False,False,0
0439028a36,DK,none,False,False,0
85a5f70d37,DK,none,False,False,0
efbe08ad85,DK,none,False,False,0
88e591bd6e,DK,none,False,False,0
1c996fa19e,DK,register_qualified,True,False,1
91998bc61e,DK,none,False,False,0
93704259e1,DK,none,False,False,0
c52ce40c1a,DK,register_qualified,True,False,1
a11f08b08a,DK,register_qualified,True,False,1
f9a29cc33d,DK,register_qualified,True,False,1
27ca674628,DK,register_qualified,True,False,1
c055414c52,DK,none,False,False,0
364d398261,DK,none,False,False,0
0029d31273,DK,register_qualified,True,False,1
951a821815,DK,none,False,False,0
af09f050a0,DK,none,False,False,0
2b740d4df4,DK,none,False,False,0
5b80d137e7,DK,none,False,False,0
1e1248abc5,DK,none,False,False,0
7315b6e9b9,DK,register_qualified,True,False,1
8cdc2fd9ec,DK,none,False,False,0
ae350d8498,DK,none,False,False,0
b5b6f1aaad,DK,none,False,False,0
5b72c21182,DK,none,False,False,0
a5a853d326,DK,lei_declared,True,False,1
8ac276f7b6,DK,lei_declared,True,False,1
e1a53d4802,DK,lei_declared,True,False,1
502dc57fe6,DK,none,False,False,0
07ea13ca60,DK,register_qualified,True,False,1
076d41bc90,DK,register_qualified,True,False,1
3a6c88a432,DK,none,False,False,0
65a19d1966,DK,none,False,False,0
7cedd34677,DK,register_qualified,True,False,1
a480e9cacf,DK,none,False,False,0
5f8975553d,DK,none,False,False,0
e8f221cd30,DK,none,False,False,0
babb0530f8,DK,none,False,False,0
51b986d13f,DK,none,False,False,0
e832c37e2f,DK,none,False,False,0
10203f42f9,DK,none,False,False,0
69277854b2,DK,none,False,False,0
dbaa51701c,DK,none,False,False,0
bb7f17d17f,DK,none,False,False,0
b87e8119a7,DK,none,False,False,0
76cc624e0f,DK,none,False,False,0
57baf9d208,DK,none,False,False,0
323a10831a,DK,none,False,False,0
dc6d64beef,DK,none,False,False,0
732bd737d6,DK,none,False,False,0
dafdee91e3,DK,register_qualified,True,False,1
1f55fa4792,DK,none,False,False,0
584a081ac7,DK,none,False,False,0
229e90730a,DK,none,False,False,0
72d2d56419,DK,none,False,False,0
770139080c,DK,none,False,False,0
fe996e5ba5,DK,none,False,False,0
8347b49069,DK,none,False,False,0
9964c2ec4a,DK,register_qualified,True,False,1
4740ca7f98,DK,none,False,False,0
5e006ce349,DK,none,False,False,0
229017c31d,DK,none,False,False,0
8b34cf4c96,DK,none,False,False,0
ef5d85b8d9,DK,none,False,False,0
fe06b6206f,DK,none,False,False,0
2e593f32ca,DK,register_qualified,True,False,1
ddf66bdfeb,DK,none,False,False,0
b758c072cf,DK,none,False,False,0
8dbbca52e3,DK,none,False,False,0
b12c7f480a,DK,none,False,False,0
5fc1bef6d6,DK,none,False,False,0
d7fdf1ac41,DK,none,False,False,0
ed83199243,DK,none,False,False,0
47115b60e0,DK,none,False,False,0
9ad4c06d6d,DK,none,False,False,0
b1dda0b545,DK,none,False,False,0
f894d50d80,DK,none,False,False,0
0d232bd1f3,DK,none,False,False,0
ff06e2a14d,DK,none,False,False,0
2a735f41d4,DK,none,False,False,0
cdd45708c4,DK,none,False,False,0
1d690eb71b,DK,none,False,False,0
8c5262a1a5,DK,none,False,False,0
a9f8eb1e9b,DK,none,False,False,0
aa866f3a53,DK,none,False,False,0
4403e0c9f8,DK,register_qualified,True,False,1
d821c9d79f,DK,register_qualified,True,False,1
0bd03424ff,DK,none,False,False,0
80d7c377ea,DK,none,False,False,0
99d687704b,DK,register_qualified,True,False,1
9a945b1a43,DK,none,False,False,0
7fa05feee0,DK,none,False,False,0
44f892298e,DK,none,False,False,0
8b331fe55e,DK,none,False,False,0
ed34eab845,DK,none,False,False,0
c56cdc1ef7,DK,none,False,False,0
76ae96357d,DK,none,False,False,0
adfcb02518,DK,none,False,False,0
d87fbfb6c0,DK,none,False,False,0
92d789556f,DK,none,False,False,0
4a6a1be3a9,DK,none,False,False,0
44ad0ceae3,DK,none,False,False,0
a088d6e120,DK,none,False,False,0
0dfbff4a7c,DK,none,False,False,0
2443382f56,DK,none,False,False,0
718b5fcfe3,DK,none,False,False,0
9ba8dfa3d4,DK,none,False,False,0
9ad09c16ba,DK,none,False,False,0
4ad2447508,DK,register_qualified,True,False,1
1cde06cadd,DK,lei_declared,True,False,1
eed75fca10,DK,none,False,False,0
781d78c46a,DK,none,False,False,0
46f7f3ea04,DK,none,False,False,0
50dfe17aee,DK,none,False,False,0
ceaabfbe68,DK,none,False,False,0
f0b2ec3092,DK,register_qualified,True,False,1
37bde7ffd4,DK,none,False,False,0
732903e728,DK,none,False,False,0
e83fe24416,DK,none,False,False,0
b517c9e842,DK,none,False,False,0
cb201af4ad,DK,none,False,False,0
4dd50f50d6,DK,none,False,False,0
90e070170f,DK,none,False,False,0
11a741e6ea,DK,none,False,False,0
afbc5d43d6,DK,none,False,False,0
67c8f08f3f,DK,none,False,False,0
d014fab866,DK,none,False,False,0
4dcd010dc9,DK,none,False,False,0
51c806620a,DK,none,False,False,0
50e9d9a645,DK,none,False,False,0
dbbddc9150,DK,none,False,False,0
f366d187bd,DK,none,False,False,0
df7d213559,DK,none,False,False,0
cf435c56e9,DK,register_qualified,True,False,1
87d0f18a12,DK,none,False,False,0
e563fdf4f0,DK,none,False,False,0
e9a6236fa6,DK,none,False,False,0
0a7f975f7c,DK,none,False,False,0
46bee43c58,DK,register_qualified,True,False,1
d0df5eb913,DK,none,False,False,0
4ddf2e1294,DK,none,False,False,0
a504ea4c4f,DK,none,False,False,0
99e1ccbbd1,DK,none,False,False,0
d159d3b6f8,DK,none,False,False,0
53f22ff961,DK,none,False,False,0
cbca642a44,DK,none,False,False,0
072639421f,DK,none,False,False,0
8c72016402,DK,register_qualified,True,False,1
d4deea372a,DK,register_qualified,True,False,1
e3c2dfba80,DK,register_qualified,True,False,1
da65d81264,DK,none,False,False,0
ae25febb3d,DK,register_qualified,True,False,1
bc26ca13ed,DK,none,False,False,0
a1569a69c1,DK,none,False,False,0
403f0afc59,DK,none,False,False,0
46f1c03ee6,DK,none,False,False,0
c91ead21d0,DK,none,False,False,0
8cd2f3c8d7,DK,none,False,False,0
40b8db711a,DK,none,False,False,0
a3f7e44e43,DK,none,False,False,0
d7549289e5,DK,none,False,False,0
760a91f922,DK,none,False,False,0
a7102f16bd,DK,none,False,False,0
1ee5c98f3a,DK,none,False,False,0
53fc83d35c,DK,none,False,False,0
5aba868b57,DK,none,False,False,0
92e8006f85,DK,none,False,False,0
3fac62dbb6,DK,none,False,False,0
d0660da785,DK,lei_declared,True,False,1
c986d67474,DK,none,False,False,0
6bcb69f734,DK,register_qualified,True,False,1
3d27f3470c,DK,none,False,False,0
6a8483cdbd,DK,none,False,False,0
caafb223c1,DK,register_qualified,True,False,1
c218547931,DK,register_qualified,True,False,1
36702f9645,DK,none,False,False,0
d88edf881b,DK,none,False,False,0
ca32cd64a4,DK,none,False,False,0
439e04b6d9,DK,none,False,False,0
3ecd0a71a0,DK,none,False,False,0
96f23f5d27,DK,none,False,False,0
4c0313ea38,DK,none,False,False,0
49813c3188,DK,none,False,False,0
9e86b7527f,DK,none,False,False,0
e109257ae0,DK,none,False,False,0
2a2511b634,DK,none,False,False,0
ed43cca57f,DK,none,False,False,0
f1360f3413,DK,none,False,False,0
3391981b07,DK,none,False,False,0
03b851fb41,DK,none,False,False,0
056ed06af2,DK,none,False,False,0
4ceb299657,DK,none,False,False,0
073fc5bfc8,DK,none,False,False,0
41315b2eb9,DK,none,False,False,0
6d34787b08,DK,none,False,False,0
020a1c2889,DK,none,False,False,0
2e44d018ed,DK,none,False,False,0
b670100471,DK,none,False,False,0
80dfc7435c,DK,none,False,False,0
e0a3b7701f,DK,none,False,False,0
bdce98d5cf,DK,none,False,False,0
8d96759b3c,DK,none,False,False,0
a08d95c12a,DK,none,False,False,0
80b8b21434,DK,none,False,False,0
a534b260e6,DK,none,False,False,0
836dab8596,DK,none,False,False,0
82cbc8a3e2,DK,none,False,False,0
197a5b7130,DK,none,False,False,0
00b72e4a96,DK,none,False,False,0
622b679a17,DK,none,False,False,0
13ad4602aa,DK,none,False,False,0
851b8c7c8b,DK,none,False,False,0
785f0bdc1c,DK,none,False,False,0
cb2344c9ae,DK,none,False,False,0
39064b3470,DK,none,False,False,0
faf8228958,DK,register_qualified,True,False,1
2f2458361f,DK,none,False,False,0
6e4761cf59,DK,none,False,False,0
76724d4ce0,DK,lei_declared,True,False,1
5ceaeb1928,DK,none,False,False,0
77b4e68c7d,DK,lei_declared,True,False,1
949d18308c,DK,lei_declared,True,False,1
bea701dffa,DK,none,False,False,0
3145735795,DK,none,False,False,0
8c3e798f55,DK,none,False,False,0
0c3c5bf40a,DK,lei_declared,True,False,1
01bc71a085,DK,register_qualified,True,False,1
cbaf3e9f6d,DK,none,False,False,0
f125207e05,DK,none,False,False,0
27379121a1,DK,none,False,False,0
5efc8bcff8,DK,none,False,False,0
8cc06ee6fe,DK,none,False,False,0
789569a084,DK,none,False,False,0
334f7bf1aa,DK,none,False,False,0
9708468c24,DK,none,False,False,0
a0f78ab6a7,DK,none,False,False,0
23de7d3fe9,DK,none,False,False,0
5ae45000a6,DK,none,False,False,0
fa359f5d1d,DK,none,False,False,0
5597002459,DK,none,False,False,0
8648655939,DK,none,False,False,0
1acb133cce,DK,none,False,False,0
726e4de77d,DK,none,False,False,0
de646fc165,DK,none,False,False,0
15be5756f3,DK,none,False,False,0
80fca6e73f,DK,none,False,False,0
3e8739ff60,DK,none,False,False,0
b10c1a78de,DK,none,False,False,0
6b73d33d00,DK,none,False,False,0
093cd7eb9f,DK,none,False,False,0
1f55c61f8b,DK,none,False,False,0
98ab98ea02,DK,none,False,False,0
bcfbe756c0,DK,none,False,False,0
0eab7a5820,DK,none,False,False,0
e4d1488f69,DK,none,False,False,0
cd5f9b100a,DK,none,False,False,0
97f53ab60d,DK,none,False,False,0
a559a8ecdc,DK,none,False,False,0
48d955324d,DK,none,False,False,0
ff842d9071,DK,none,False,False,0
1aa556c070,DK,none,False,False,0
5548e234ad,DK,none,False,False,0
1b9095312e,DK,none,False,False,0
778170e5bd,DK,none,False,False,0
572357dd12,DK,none,False,False,0
1dc68ddccb,DK,none,False,False,0
3f6dcae6c0,DK,none,False,False,0
1fc405bb32,DK,none,False,False,0
f661fb07a2,DK,none,False,False,0
e0af749ee9,DK,none,False,False,0
6e6912e80c,DK,none,False,False,0
61e9eee6e3,DK,none,False,False,0
33b34df90c,DK,none,False,False,0
4738fc7652,DK,none,False,False,0
9f96459a4d,DK,none,False,False,0
9ffe1cc886,DK,none,False,False,0
6e2d09dc46,DK,none,False,False,0
67eec830ec,DK,none,False,False,0
0b30c910df,DK,none,False,False,0
44088a0df3,DK,none,False,False,0
c261a1cb84,DK,none,False,False,0
7026ac9ca5,DK,none,False,False,0
00597b7703,DK,none,False,False,0
1e6aafe546,DK,none,False,False,0
bae2eedab1,DK,register_qualified,True,False,1
25f17ab5d3,DK,none,False,False,0
655969177a,DK,lei_declared,True,False,1
634b57fe66,DK,none,False,False,0
5021f312c3,DK,none,False,False,0
2e4b85e63a,DK,none,False,False,0
fc3a28c26c,DK,none,False,False,0
209afb57c6,DK,none,False,False,0
f9b8b10bda,DK,none,False,False,0
1f1b8e4423,DK,none,False,False,0
ab14e1e565,DK,none,False,False,0
ad3198cb7a,DK,none,False,False,0
51823471da,DK,none,False,False,0
b0ec66188c,DK,none,False,False,0
92db4bdc0e,DK,none,False,False,0
dd25361a7d,DK,none,False,False,0
c3a73717a1,DK,none,False,False,0
dffeb00ef1,DK,lei_declared,True,False,1
f067ae6645,DK,none,False,False,0
d16729febe,DK,lei_declared,True,False,1
8980abcb6e,DK,none,False,False,0
8c3c44c167,DK,none,False,False,0
81e366df01,DK,none,False,False,0
9c60cd02b6,DK,none,False,False,0
b2a6ade8d0,DK,lei_declared,True,False,1
ce24b7ecd2,DK,none,False,False,0
35675f6fe9,DK,none,False,False,0
0c89667ee2,DK,none,False,False,0
4d55e8d9d9,DK,none,False,False,0
32e67d0b31,DK,none,False,False,0
7b75117f33,DK,none,False,False,0
e486c6e86c,DK,register_qualified,True,False,1
b85b8239f0,DK,none,False,False,0
8e3e9b2c5b,DK,none,False,False,0
6d081e1eb1,DK,none,False,False,0
30241fb1e0,DK,none,False,False,0
8fb2948ab3,DK,none,False,False,0
51d5d22596,DK,none,False,False,0
089112a548,DK,none,False,False,0
04127ac911,DK,none,False,False,0
abc30c9691,DK,none,False,False,0
b0c2238040,DK,none,False,False,0
5137f664b6,DK,none,False,False,0
439901109a,DK,lei_declared,True,False,1
af5aaaed14,DK,register_qualified,True,False,1
c3f09dc590,DK,lei_declared,True,False,1
94732a0588,DK,none,False,False,0
23ed8924b4,DK,none,False,False,0
7b1e17ae53,DK,none,False,False,0
90b774e09f,DK,none,False,False,0
fdad96fa7e,DK,none,False,False,0
095d712887,DK,none,False,False,0
320dda48d0,DK,none,False,False,0
59a4479a52,DK,none,False,False,0
4f9c1a139f,DK,lei_declared,True,False,1
fcde820350,DK,none,False,False,0
6151216fc3,DK,none,False,False,0
55891482a1,DK,none,False,False,0
5c501c052c,DK,none,False,False,0
20bdac12b0,DK,none,False,False,0
dcf51e9d8b,DK,none,False,False,0
fb24eeeaa4,DK,none,False,False,0
87fe560e91,DK,none,False,False,0
6f572f24a7,DK,none,False,False,0
761e6cf022,DK,none,False,False,0
790bd766b5,DK,register_qualified,True,False,1
b31227174e,DK,none,False,False,0
3f9dec71b4,DK,none,False,False,0
1ad010422c,DK,none,False,False,0
637995d18a,DK,none,False,False,0
fd6ea94caf,DK,none,False,False,0
50d8085a85,DK,none,False,False,0
4cb107d7de,DK,none,False,False,0
89426b3345,DK,none,False,False,0
f4cf033136,DK,none,False,False,0
bc63fa2b97,DK,none,False,False,0
afd5427d7b,DK,none,False,False,0
a98a393af9,DK,none,False,False,0
ebbaa4280f,DK,none,False,False,0
52f582e61f,DK,none,False,False,0
afcac9566f,DK,none,False,False,0
6bd8f360fc,DK,none,False,False,0
745ad30cb7,DK,register_qualified,True,False,1
e5aa3c59be,DK,none,False,False,0
331e5c6c84,DK,register_qualified,True,False,1
fdf614ad5c,DK,none,False,False,0
2e3698071d,DK,none,False,False,0
0c12c83d3e,DK,none,False,False,0
b3a99dce4b,DK,none,False,False,0
abf5502148,DK,none,False,False,0
3b8b4d4ed9,DK,none,False,False,0
e95246545b,DK,none,False,False,0
a11f10ff8a,DK,none,False,False,0
3bacbaef9d,DK,none,False,False,0
a1429db15e,DK,lei_declared,True,False,1
90ebd905e5,DK,none,False,False,0
05f91d075d,DK,lei_declared,True,False,1
301be8daac,DK,none,False,False,0
3280ff06c4,DK,lei_declared,True,False,1
f93ea2e4d2,DK,lei_declared,True,False,1
a1134cd7c5,DK,none,False,False,0
f9aae80bec,DK,register_qualified,True,False,1
0b11fb267b,DK,register_qualified,True,False,1
7f12e375bf,DK,none,False,False,0
c1f6fb6dd6,DK,none,False,False,0
d7b68bcd58,DK,none,False,False,0
e37844a437,DK,none,False,False,0
8fbc5cfbde,DK,none,False,False,0
d7cb5f83b4,DK,none,False,False,0
bb7449b233,DK,none,False,False,0
3e2fac0be1,DK,none,False,False,0
8a5ca3843d,DK,none,False,False,0
ad24ebaae1,DK,none,False,False,0
c448acb3ba,DK,register_qualified,True,False,1
ded3104bdb,DK,none,False,False,0
a4355abe5b,DK,register_qualified,True,False,1
f30906a871,DK,none,False,False,0
8836499e89,DK,none,False,False,0
a1f34e723c,DK,register_qualified,True,False,1
fd1797ff5e,DK,none,False,False,0
2b04af2c3c,DK,none,False,False,0
bbe7970c1f,DK,register_qualified,True,False,1
5af71480ee,DK,none,False,False,0
d9ebf44be0,DK,none,False,False,0
1cc3206561,DK,none,False,False,0
2cdf61677f,DK,none,False,False,0
5a8f019bc2,DK,none,False,False,0
9b63e1a543,DK,none,False,False,0
c5cc001d74,DK,none,False,False,0
7599df7a05,DK,register_qualified,True,False,1
eb99e9f052,DK,none,False,False,0
3ab9cfccba,DK,none,False,False,0
cc89fc1e63,DK,none,False,False,0
f61cb70dd0,DK,none,False,False,0
ecaa57449e,DK,register_qualified,True,False,1
0d259dd415,DK,lei_declared,True,False,1
3befb0a248,DK,lei_declared,True,False,1
0c8e0724b2,DK,none,False,False,0
307c197c84,DK,none,False,False,0
756e80ad75,DK,none,False,False,0
dd69875303,DK,lei_declared,True,False,1
be16627f08,DK,none,False,False,0
1bcb9e7cdc,DK,none,False,False,0
af2f9513f5,DK,none,False,False,0
9e8370b2e0,DK,register_qualified,True,False,1
497638551e,DK,register_qualified,True,False,1
1fc3b38f72,DK,none,False,False,0
69c53d2ea0,DK,none,False,False,0
1fb2f5d0fd,DK,none,False,False,0
6a17066afa,DK,none,False,False,0
fde15baf7b,DK,none,False,False,0
f6e7989984,DK,none,False,False,0
27c4fea9d8,DK,none,False,False,0
0bb6b98254,DK,none,False,False,0
de2e702cfd,DK,none,False,False,0
feb571e343,DK,register_qualified,True,False,1
cd7beb9279,DK,none,False,False,0
542f63e9ad,DK,none,False,False,0
8eb60344c8,DK,none,False,False,0
dbf1ef06b8,DK,none,False,False,0
152a951bd3,DK,none,False,False,0
e4490931e6,DK,register_qualified,True,False,1
5f5c4cf64a,DK,none,False,False,0
5b7fcfd3eb,DK,register_qualified,True,False,1
67325ef56e,DK,none,False,False,0
4702433a61,DK,none,False,False,0
83a7bb9143,DK,none,False,False,0
ce7e3df813,DK,none,False,False,0
026943920e,DK,none,False,False,0
0a5f86aba6,DK,lei_declared,True,False,1
4b0966cd5c,DK,register_qualified,True,False,1
f97b3d3386,DK,register_qualified,True,False,1
4c62534bb6,DK,none,False,False,0
2171bbc1cd,DK,none,False,False,0
821b62de17,DK,register_qualified,True,False,1
4b31e36a1b,DK,register_qualified,True,False,1
d8869ffc0e,DK,none,False,False,0
25f203b7e6,DK,none,False,False,0
e0910e5a2e,DK,none,False,False,0
42f7bc8a6a,DK,none,False,False,0
71d7489986,DK,none,False,False,0
d5ea0007a5,DK,none,False,False,0
e5ab59c395,DK,register_qualified,True,False,1
9a66a39943,DK,none,False,False,0
cdfbaa8696,DK,none,False,False,0
ecfbe10d42,DK,lei_declared,True,False,1
87dad1d129,DK,none,False,False,0
6f7fe7c3c8,DK,none,False,False,0
a092fe4945,DK,none,False,False,0
011088bcb9,DK,register_qualified,True,False,1
b85df29b1a,DK,none,False,False,0
6a02100892,DK,none,False,False,0
6e911ed24b,DK,none,False,False,0
5c415aa2f2,DK,none,False,False,0
16941cadbd,DK,none,False,False,0
9baf05534a,DK,none,False,False,0
63d4e4146b,DK,none,False,False,0
db67a8511d,DK,none,False,False,0
d9196b0a65,DK,none,False,False,0
3b1cb6e53f,DK,none,False,False,0
f1e16b0956,DK,register_qualified,True,False,1
e2de82ebca,DK,none,False,False,0
817a1321ca,DK,none,False,False,0
f4468ca29d,DK,none,False,False,0
4d8c58d9fb,DK,none,False,False,0
fedb1bac00,DK,none,False,False,0
c07d29522d,DK,none,False,False,0
522d6e08e8,DK,none,False,False,0
bacdd25bfc,DK,none,False,False,0
620ed5af4a,DK,none,False,False,0
ee2b251c17,DK,none,False,False,0
9421d85d08,DK,lei_declared,True,False,1
e7b992e8d9,DK,none,False,False,0
f52c3a8139,DK,none,False,False,0
14106b930a,DK,none,False,False,0
ea6b35ac17,DK,none,False,False,0
ff966217af,DK,none,False,False,0
fa9d038fbc,DK,none,False,False,0
85fd46c396,DK,none,False,False,0
57bf26b045,DK,none,False,False,0
1e2a046ca7,DK,none,False,False,0
b785d20e9a,DK,register_qualified,True,False,1
91461706c4,DK,none,False,False,0
ecc7a99ea3,DK,none,False,False,0
dbb612bfa8,DK,none,False,False,0
3192bbca35,DK,none,False,False,0
73e9d3ab96,DK,none,False,False,0
7bb0824f36,DK,none,False,False,0
931faa7d8d,DK,none,False,False,0
89bdb16491,DK,none,False,False,0
d4d14be06f,DK,none,False,False,0
fc28cf6653,DK,none,False,False,0
47a49dd21f,DK,none,False,False,0
186dc2fde0,DK,none,False,False,0
2a7f8f2950,DK,none,False,False,0
19c2f966a5,DK,none,False,False,0
60632e6225,DK,none,False,False,0
74b98302b2,DK,none,False,False,0
4694a57e6a,DK,none,False,False,0
7a809dc59b,DK,none,False,False,0
69b3a72918,DK,none,False,False,0
dea47a7709,DK,none,False,False,0
36e5c1c07c,DK,none,False,False,0
267df5cec1,DK,register_qualified,True,False,1
7ad58cfbf5,DK,none,False,False,0
4a5d6b2638,DK,none,False,False,0
6462f086bd,DK,none,False,False,0
f9d492fa01,DK,none,False,False,0
ce9cf302c7,DK,none,False,False,0
0c7953ed82,DK,none,False,False,0
70b3b508b5,DK,none,False,False,0
0ca2edee23,DK,none,False,False,0
c2e6bb7bad,DK,none,False,False,0
6babe05586,DK,none,False,False,0
449fd53ba6,DK,none,False,False,0
4e894fd55d,DK,register_qualified,True,False,1
d76365c90d,DK,none,False,False,0
b17dd0158c,DK,none,False,False,0
4b2e68cf47,DK,none,False,False,0
9d4100faa8,DK,none,False,False,0
8292bdb532,DK,none,False,False,0
b67bbbafbd,DK,none,False,False,0
ea99adfbe7,DK,none,False,False,0
6e9f78051b,DK,register_qualified,True,False,1
274964c9ad,DK,none,False,False,0
501c2b9054,DK,none,False,False,0
a1179a0f6e,DK,none,False,False,0
c421d1a8af,DK,none,False,False,0
5a198e1b4b,DK,none,False,False,0
9d0b720e7b,DK,none,False,False,0
6798cfe23c,DK,none,False,False,0
ae982eb292,DK,none,False,False,0
b3d2790b7d,DK,none,False,False,0
d42c340c20,DK,register_qualified,True,False,1
ac7aa284be,DK,register_qualified,True,False,1
4819e69f4a,DK,none,False,False,0
04ad53752c,DK,none,False,False,0
374a2e632d,DK,none,False,False,0
deb1983869,DK,register_qualified,True,False,1
7e0d830e87,DK,lei_declared,True,False,1
b3249b4035,DK,none,False,False,0
d61f1618f1,DK,none,False,False,0
13aa4d852f,DK,none,False,False,0
9900943970,DK,none,False,False,0
cfc8545074,DK,none,False,False,0
8e40ee831d,DK,none,False,False,0
62fc6ccb85,DK,none,False,False,0
2ef85581e2,DK,none,False,False,0
8e8c40c750,DK,none,False,False,0
432832f7db,DK,none,False,False,0
a332af232d,DK,none,False,False,0
90a9ba72ef,DK,none,False,False,0
44d2e19714,DK,none,False,False,0
b1cc359fa6,DK,none,False,False,0
89f9f2cad3,DK,register_qualified,True,False,1
4d135758a1,DK,none,False,False,0
31d88a33ad,DK,none,False,False,0
04a6ddb015,DK,none,False,False,0
56627d1899,DK,register_qualified,True,False,1
7fdc7172ad,DK,register_qualified,True,False,1
2bc9346fa5,DK,none,False,False,0
7bf073a378,DK,none,False,False,0
6b54609067,DK,lei_declared,True,False,1
ed42e29929,DK,none,False,False,0
619b54fa76,DK,none,False,False,0
fb17b9c545,DK,none,False,False,0
4ce1241bf5,DK,none,False,False,0
aa1e906fc6,DK,none,False,False,0
aa7c74d602,DK,none,False,False,0
20447bc710,DK,none,False,False,0
c97da41c68,DK,none,False,False,0
35a570105f,DK,none,False,False,0
bc036d936c,DK,none,False,False,0
bc60d84811,DK,register_qualified,True,False,1
ee12640bc3,DK,register_qualified,True,False,1
4b525cc5fb,DK,none,False,False,0
fc5be80b60,DK,none,False,False,0
f86dc1e101,DK,none,False,False,0
24fbb17d09,DK,none,False,False,0
04ce8cab7e,DK,none,False,False,0
dbec9cb8ac,DK,none,False,False,0
12c9eb32fe,DK,none,False,False,0
197e7879fb,DK,none,False,False,0
9ecb9dfb85,DK,none,False,False,0
238e919764,DK,none,False,False,0
f736af7906,DK,none,False,False,0
ae13b5d8ee,DK,none,False,False,0
58512ea529,DK,none,False,False,0
0835123517,DK,none,False,False,0
5114e41bed,DK,none,False,False,0
12e1423ef7,DK,none,False,False,0
1d143983fc,DK,none,False,False,0
af27dac91e,DK,none,False,False,0
c348a21799,DK,none,False,False,0
6f9c7629af,DK,none,False,False,0
68091dde85,DK,none,False,False,0
ed63bd3afa,DK,none,False,False,0
7c209b1024,DK,none,False,False,0
c4248d412f,DK,none,False,False,0
adde297ea4,DK,none,False,False,0
e1bcc9e242,DK,none,False,False,0
bfa70800e0,DK,none,False,False,0
50929e83a3,DK,none,False,False,0
767e50208e,DK,none,False,False,0
1c66c8b77d,DK,none,False,False,0
8902c8d87e,DK,none,False,False,0
c74dec93ee,DK,none,False,False,0
42e7cd7dce,DK,none,False,False,0
64c5d38df1,DK,none,False,False,0
4b8ff4051c,DK,none,False,False,0
c47663ba9e,DK,none,False,False,0
8c6dcc0298,DK,register_qualified,True,False,1
0c443f0700,DK,none,False,False,0
27907074bd,DK,none,False,False,0
1a751d637c,DK,none,False,False,0
4434400c41,DK,none,False,False,0
ba6fa3ff4b,DK,none,False,False,0
ade8c9b062,DK,none,False,False,0
5f25af2649,DK,none,False,False,0
b8d789bd7e,DK,none,False,False,0
c55421452e,DK,none,False,False,0
69a0a950f8,DK,register_qualified,True,False,1
c6d98714ea,DK,register_qualified,True,False,1
2d64f4c522,DK,none,False,False,0
82a0d71fb6,DK,register_qualified,True,False,1
3fe6aaa19e,DK,register_qualified,True,False,1
77d6ff997f,DK,none,False,False,0
02d6175561,DK,lei_declared,True,False,1
badec0bca2,DK,register_qualified,True,False,1
a8f1d90f0d,DK,none,False,False,0
1c0d2ae964,DK,none,False,False,0
4da2a48d69,DK,none,False,False,0
a003fb653a,DK,register_qualified,True,False,1
265f682452,DK,lei_declared,True,False,1
85ad3eaedb,DK,register_qualified,True,False,1
86944cd4e8,DK,register_qualified,True,False,1
664ce240ca,DK,register_qualified,True,False,1
52144f214e,DK,register_qualified,True,False,1
505e985444,DK,none,False,False,0
65e466a36f,DK,none,False,False,0
d2b8a384c0,DK,register_qualified,True,False,1
e11ff9d80a,DK,register_qualified,True,False,1
dd325ae2a7,DK,none,False,False,0
ab84c20d1d,DK,none,False,False,0
d913d86b5e,DK,none,False,False,0
6a6cdfeb5c,DK,none,False,False,0
5ea8528148,DK,none,False,False,0
6dcbb45791,DK,none,False,False,0
10e3bf3403,DK,none,False,False,0
9a770554be,DK,none,False,False,0
43ab94fb1e,DK,none,False,False,0
199453c511,DK,none,False,False,0
5f23071894,DK,none,False,False,0
28ec8a2343,DK,none,False,False,0
431cddd45b,DK,none,False,False,0
dddd74a455,DK,none,False,False,0
1c52388bc9,DK,none,False,False,0
65175b7daa,DK,none,False,False,0
33b647f2de,DK,none,False,False,0
0b068baf16,DK,none,False,False,0
66dfc82518,DK,none,False,False,0
9b83bdca20,DK,register_qualified,True,False,1
fd7b836077,DK,lei_declared,True,False,1
9b658387ca,DK,none,False,False,0
2ca89a5895,DK,none,False,False,0
dec022ef47,DK,none,False,False,0
d19028251a,DK,none,False,False,0
cb65745235,DK,none,False,False,0
a14ed1008b,DK,none,False,False,0
ff553f7ff0,DK,none,False,False,0
aa47108773,DK,none,False,False,0
f79e757d76,DK,register_qualified,True,False,1
637bf1d0a2,DK,none,False,False,0
0ed781f57f,DK,none,False,False,0
5d3da0ad00,DK,register_qualified,True,False,1
cd2b808112,DK,none,False,False,0
2319b47e70,DK,none,False,False,0
75f988d43f,DK,none,False,False,0
d02b020c10,DK,none,False,False,0
404f72a0fd,DK,none,False,False,0
3edd5ca4b8,DK,none,False,False,0
8b423edb12,DK,register_qualified,True,False,1
d69affb31b,DK,none,False,False,0
a49e73b85d,DK,register_qualified,True,False,1
78761a48c4,DK,register_qualified,True,False,1
e2a4b0c93b,DK,none,False,False,0
41d93140cf,DK,none,False,False,0
917ebc83ec,DK,none,False,False,0
eebc1cd987,DK,none,False,False,0
a0dc2b3d9b,DK,none,False,False,0
161e54412d,DK,none,False,False,0
54adf9a44d,DK,none,False,False,0
dba58202e5,DK,none,False,False,0
a0bfe8d4a4,DK,register_qualified,True,False,1
adc68a3757,DK,register_qualified,True,False,1
00d6ae24d5,DK,none,False,False,0
44bba50ab4,DK,none,False,False,0
b024fe8de1,DK,none,False,False,0
895111ba62,DK,none,False,False,0
d2d0484476,DK,none,False,False,0
09d34fb834,DK,none,False,False,0
5295c4cd99,DK,none,False,False,0
6d0bcc88a0,DK,none,False,False,0
22012ae7b4,DK,none,False,False,0
08ac5750fa,DK,none,False,False,0
9ef04ce2ca,DK,none,False,False,0
1c8968d71d,DK,lei_declared,True,False,1
7e657fe7ea,DK,lei_declared,True,False,1
5a444eb138,DK,none,False,False,0
4818541194,DK,none,False,False,0
1c9aa2102f,DK,register_qualified,True,False,1
e2309e62a3,DK,none,False,False,0
4a6c9138dc,DK,none,False,False,0
b199fb9208,DK,none,False,False,0
d96fa3507b,DK,none,False,False,0
cf77848f5c,DK,none,False,False,0
73d68bb829,DK,none,False,False,0
f3e2ec7811,DK,none,False,False,0
5cba34dab3,DK,none,False,False,0
64ba438195,DK,none,False,False,0
98b87a5d14,DK,none,False,False,0
f76ab22345,DK,none,False,False,0
f52bdf5757,DK,none,False,False,0
cf2deffa7a,DK,none,False,False,0
936ea3f710,DK,none,False,False,0
c483bda0d1,DK,none,False,False,0
a16cfaa911,DK,none,False,False,0
f57f89e352,DK,none,False,False,0
fca01409b8,DK,none,False,False,0
9e06c42462,DK,none,False,False,0
7cb4163574,DK,none,False,False,0
c8f57aa7d7,DK,none,False,False,0
dde98fe0a3,DK,lei_declared,True,False,1
b1c7769568,DK,none,False,False,0
f96d48b57c,DK,none,False,False,0
8dbb91ac0f,DK,none,False,False,0
32e7c4d285,DK,none,False,False,0
c70068e6d8,DK,none,False,False,0
607580ce1a,DK,none,False,False,0
a0ea241e22,DK,none,False,False,0
584349f594,DK,none,False,False,0
e167ccc330,DK,none,False,False,0
56da35a97a,DK,none,False,False,0
6ed6351eda,DK,none,False,False,0
297bdeabf3,DK,none,False,False,0
1593b9a2c4,DK,register_qualified,True,False,1
db934f28b1,DK,none,False,False,0
b21bdcdf43,DK,none,False,False,0
2e9961d30f,DK,none,False,False,0
cda4175b4e,DK,none,False,False,0
866e8b145e,DK,none,False,False,0
9b696c4ab4,DK,none,False,False,0
1dcf259273,DK,none,False,False,0
a039500452,DK,none,False,False,0
fb054804f3,DK,none,False,False,0
2699e62d73,DK,none,False,False,0
6ce95faba3,DK,none,False,False,0
6fca703575,DK,register_qualified,True,False,1
e2c04be7bf,DK,none,False,False,0
9b2e6efdf6,DK,register_qualified,True,False,1
9bd1a25747,DK,none,False,False,0
c4c3642177,DK,lei_declared,True,False,1
ee8c8fe98a,DK,register_qualified,True,False,1
3cd19276f7,DK,register_qualified,True,False,1
2d4a5150b9,DK,none,False,False,0
0389f29a47,DK,none,False,False,0
9076c410fd,DK,register_qualified,True,False,1
d838862329,DK,none,False,False,0
b7625c61b9,DK,lei_declared,True,False,1
6193e8df64,DK,none,False,False,0
dd30e8cce3,DK,none,False,False,0
127900b427,DK,none,False,False,0
acdb63d47a,DK,none,False,False,0
626d4d8c8d,DK,none,False,False,0
61f229804f,DK,none,False,False,0
1495c54343,DK,none,False,False,0
17c7191fdd,DK,none,False,False,0
78374f3f5f,DK,none,False,False,0
20d28c2575,DK,none,False,False,0
27c89dd012,DK,none,False,False,0
59da745999,DK,none,False,False,0
2db7903d24,DK,none,False,False,0
b8db19bbd6,DK,none,False,False,0
e7cc2d1b4c,DK,none,False,False,0
c642f97905,DK,none,False,False,0
faf0592bfe,DK,none,False,False,0
e7cce2ca0d,DK,none,False,False,0
50e8e166b7,DK,none,False,False,0
d469e31329,DK,none,False,False,0
f53812e899,DK,none,False,False,0
66695afaea,DK,none,False,False,0
f145143647,DK,none,False,False,0
46dd25cf10,DK,none,False,False,0
841e5b35ae,DK,none,False,False,0
c371dd880b,DK,none,False,False,0
e16fe387cb,DK,none,False,False,0
eb69f7be74,DK,none,False,False,0
3eb696515e,DK,none,False,False,0
de54345d8a,DK,none,False,False,0
7048497b89,DK,register_qualified,True,False,1
7eef9b3ebd,DK,register_qualified,True,False,1
6ea30a1c41,DK,lei_declared,True,False,1
afccbdce6f,DK,none,False,False,0
fc98444ee2,DK,none,False,False,0
5ba4bf83cf,DK,none,False,False,0
a153e548dc,DK,none,False,False,0
6fce2815fd,DK,none,False,False,0
398dad2bf2,DK,register_qualified,True,False,1
a614cb6099,DK,none,False,False,0
58addc3eb1,DK,none,False,False,0
0fb737fd78,DK,none,False,False,0
9bec43f290,DK,none,False,False,0
a2da0476f2,DK,none,False,False,0
d12af8d08c,DK,none,False,False,0
6fb0e0455b,DK,none,False,False,0
4bac56239d,DK,none,False,False,0
88e42e1b86,DK,none,False,False,0
4744ed82c1,DK,lei_declared,True,False,1
90928c1789,DK,none,False,False,0
81fedd455d,DK,none,False,False,0
df6eb969a2,DK,lei_declared,True,False,1
4c29bc4bc8,DK,lei_declared,True,False,1
c4c89266a1,DK,none,False,False,0
905a0dbdc2,DK,lei_declared,True,False,1
aa8a8e88f5,DK,none,False,False,0
e0c24ad139,DK,none,False,False,0
9b524c538c,DK,none,False,False,0
b27d46cd86,DK,none,False,False,0
ed115279d3,DK,none,False,False,0
d5edfc9c23,DK,register_qualified,True,False,1
36c381b8d7,DK,none,False,False,0
89c05c83db,DK,none,False,False,0
b4238ef8d7,DK,none,False,False,0
b130858bde,DK,register_qualified,True,False,1
e7ee3b9d12,DK,none,False,False,0
58cf9ff7cc,DK,none,False,False,0
c37fd2ea49,DK,none,False,False,0
86e5e3d5ee,DK,register_qualified,True,False,1
b1c8d388a8,DK,none,False,False,0
42c41d010b,DK,none,False,False,0
fc298329aa,DK,none,False,False,0
941ee80bfd,DK,none,False,False,0
a5059996c3,DK,register_qualified,True,False,1
0320672ae1,DK,none,False,False,0
dac38cc6bb,DK,none,False,False,0
1311db7857,DK,none,False,False,0
451b8ba337,DK,register_qualified,True,False,1
66b6f42c33,DK,register_qualified,True,False,1
aca6639730,DK,register_qualified,True,False,1
f229d57722,DK,none,False,False,0
3a77b7cd09,DK,none,False,False,0
0c55617da5,DK,register_qualified,True,False,1
2257ff8655,DK,lei_declared,True,False,1
039fbb2caa,DK,none,False,False,0
793ce2d5b7,DK,register_qualified,True,False,1
dd5dd2ff3a,DK,none,False,False,0
e230cc29d3,DK,none,False,False,0
97e7d3765c,DK,none,False,False,0
3d44c94028,DK,none,False,False,0
e2d30e319d,DK,register_qualified,True,False,1
a4d275ae9b,DK,none,False,False,0
6e6e874960,DK,register_qualified,True,False,1
3cbd4639b6,DK,lei_declared,True,False,1
9e38adcd53,DK,register_qualified,True,False,1
12b5b48585,DK,register_qualified,True,False,1
f2da6d6a71,DK,register_qualified,True,False,1
b085345ee5,DK,none,False,False,0
3c9a1a976b,DK,none,False,False,0
c94e306d41,DK,none,False,False,0
718899ec1a,DK,none,False,False,0
0c234d516b,DK,none,False,False,0
4a9d51976e,DK,register_qualified,True,False,1
717cc64dd9,DK,register_qualified,True,False,1
7aee7d01fe,DK,none,False,False,0
cbe5ea1783,DK,none,False,False,0
1c7961dbfb,DK,register_qualified,True,False,1
872db787e2,DK,none,False,False,0
b790cf633c,DK,none,False,False,0
fc776201d5,DK,none,False,False,0
284049ae51,DK,none,False,False,0
b4cc895c13,DK,none,False,False,0
8d4b8c4699,DK,lei_declared,True,False,1
1a36c84507,DK,lei_declared,True,False,1
4afa8363b5,DK,none,False,False,0
f3625059c3,DK,register_qualified,True,False,1
906f6d722f,DK,none,False,False,0
fa5cd86aaf,DK,none,False,False,0
2d1056b3b8,DK,none,False,False,0
04674e0557,DK,none,False,False,0
8c7b69e8fe,DK,none,False,False,0
5407ed7c4c,DK,none,False,False,0
4dfea16ea9,DK,none,False,False,0
525083a265,DK,none,False,False,0
ab2bf9518a,DK,none,False,False,0
4272b0bbb7,DK,none,False,False,0
7c6c1ed35c,DK,none,False,False,0
09c93022b9,DK,none,False,False,0
b9eba748a4,DK,none,False,False,0
90ece19de4,DK,none,False,False,0
b43a3c12e2,DK,none,False,False,0
3a461e479f,DK,none,False,False,0
ff48e3aff5,DK,register_qualified,True,False,1
91031bfddc,DK,none,False,False,0
456a16527a,DK,none,False,False,0
4fc71bf4a8,DK,lei_declared,True,False,1
6cdd228b21,DK,none,False,False,0
122325f11d,DK,none,False,False,0
5b313d2901,DK,none,False,False,0
eb49b5a04f,DK,none,False,False,0
12532825fb,DK,none,False,False,0
05df986a35,DK,none,False,False,0
ae0410dc3c,DK,none,False,False,0
9e754c9f7e,DK,none,False,False,0
553d7884ce,DK,none,False,False,0
75d5d5d260,DK,register_qualified,True,False,1
89a4b182f6,DK,none,False,False,0
2a94c0a50c,DK,none,False,False,0
739f489caf,DK,none,False,False,0
3f622c553c,DK,none,False,False,0
6e6e6c41aa,DK,none,False,False,0
2ead7ca09f,DK,lei_declared,True,False,1
9189161e46,DK,none,False,False,0
6292c994f0,DK,none,False,False,0
6d096da71a,EE,none,False,False,0
5a19f7a2bb,EE,none,False,False,0
eaa5bff4db,EE,none,False,False,0
f3aad2a0cb,EE,none,False,False,0
6e09dbf305,EE,none,False,False,0
42bf927fc3,EE,register_qualified,True,False,1
27e7644144,EE,none,False,False,0
5211784a9b,EE,none,False,False,0
00496f1bab,EE,register_qualified,True,False,1
8f4f608e80,EE,register_qualified,True,False,1
d1dc240f15,EE,register_qualified,True,False,1
88ce2a6146,EE,none,False,False,0
9ba96aa703,EE,register_qualified,True,False,1
3a26102160,EE,lei_declared,True,False,1
f0f375ddad,EE,lei_declared,True,False,1
56fd7a7363,EE,none,False,False,0
53d654eddf,EE,register_qualified,True,False,1
43c0d74fcb,EE,register_qualified,True,False,1
04d5b6e384,EE,register_qualified,True,False,1
8c733dc8e9,EE,none,False,False,0
8ffb639b05,EE,none,False,False,0
d2122ea0fa,EE,none,False,False,0
cd3ef8ef70,EE,lei_declared,True,False,1
e37142249c,EE,none,False,False,0
145dea7b61,EE,none,False,False,0
e6689a3af2,EE,none,False,False,0
959ac8e870,EE,none,False,False,0
94830ebc2d,EE,none,False,False,0
9dbeb56551,EE,none,False,False,0
c8b7aebc6e,EE,none,False,False,0
559c00cada,EE,register_qualified,True,False,1
5b40dc37a5,EE,lei_declared,True,False,1
92e846c11b,EE,register_qualified,True,False,1
db47a0d850,EE,register_qualified,True,False,1
b650ca7405,EE,lei_declared,True,False,1
fbdec97add,EE,register_qualified,True,False,1
250ad2e3dc,EE,register_qualified,True,False,1
f3ca6ae28d,EE,none,False,False,0
375fea1ae8,EE,register_qualified,True,False,1
b7969994f8,EE,none,False,False,0
9626f188a2,EE,none,False,False,0
3e07f8bb83,EE,none,False,False,0
56ad9dd1ca,EE,none,False,False,0
97a40f677c,EE,none,False,False,0
3a6336324d,EE,none,False,False,0
b666cab383,EE,none,False,False,0
c65d0b34c1,EE,none,False,False,0
6855d7e568,EE,register_qualified,True,False,1
d3b62bafdc,EE,register_qualified,True,False,1
ca4fe15945,EE,register_qualified,True,False,1
05b55e1ab0,EE,none,False,False,0
ad6684ab89,EE,none,False,False,0
59d8a26b6f,EE,register_qualified,True,False,1
f933fa7965,EE,none,False,False,0
afdc2f044b,EE,none,False,False,0
0f7b84f5b9,EE,none,False,False,0
5b548b8154,EE,none,False,False,0
803765fe1d,EE,none,False,False,0
5fcdf3c939,EE,none,False,False,0
d799e0e9ac,EE,none,False,False,0
3381fc762e,EE,register_qualified,True,False,1
b9f4f7df2f,EE,none,False,False,0
73586bf87e,EE,register_qualified,True,False,1
045de9115d,EE,register_qualified,True,False,1
90b4a7a459,EE,none,False,False,0
9772af8547,EE,register_qualified,True,False,1
68c5326195,EE,register_qualified,True,False,1
05304e4eb6,EE,none,False,False,0
5b47923bcf,EE,register_qualified,True,False,1
19479eca54,EE,none,False,False,0
0dab54505a,EE,none,False,False,0
afc0c05d2b,EE,register_qualified,True,False,1
352bde68c1,EE,register_qualified,True,False,1
0837d215b1,EE,lei_declared,True,False,1
71601e9902,EE,none,False,False,0
d5794e0ee0,EE,register_qualified,True,False,1
a7858dd1f6,EE,none,False,False,0
a264632eba,EE,none,False,False,0
98c81a48bf,EE,none,False,False,0
835c6420ff,EE,none,False,False,0
ea6b781028,EE,none,False,False,0
efdc33fba9,EE,none,False,False,0
86135ff85b,EE,none,False,False,0
2c7cd7fab1,EE,none,False,False,0
6ed3b7701f,EE,none,False,False,0
2183c17867,EE,none,False,False,0
90f36c1d17,EE,register_qualified,True,False,1
b5ff0517ec,EE,register_qualified,True,False,1
5ebea7cca9,EE,none,False,False,0
5f177d43f2,EE,register_qualified,True,False,1
3186407a0a,EE,none,False,False,0
1065cd0997,EE,none,False,False,0
3d178bc66f,EE,none,False,False,0
db98bced2e,EE,none,False,False,0
d53d3988c6,EE,none,False,False,0
0f29fcc7aa,EE,none,False,False,0
bd0e7fc42f,EE,none,False,False,0
85dfd13eda,EE,none,False,False,0
8304c022f9,EE,none,False,False,0
5cc8bd7dce,EE,none,False,False,0
8227f4a714,EE,none,False,False,0
5d4c129ba3,EE,register_qualified,True,False,1
d92aeffa57,EE,none,False,False,0
06fff4aa1a,EE,register_qualified,True,False,1
9d817c605a,EE,none,False,False,0
3edc9cc7f7,EE,register_qualified,True,False,1
fd3a9ef9ef,EE,none,False,False,0
72933e62d4,EE,none,False,False,0
92aa0ad364,EE,none,False,False,0
561d619235,EE,register_qualified,True,False,1
c05cfc3fad,EE,none,False,False,0
fb9d9ec009,EE,none,False,False,0
b79cb24eac,EE,none,False,False,0
32b994f760,EE,none,False,False,0
7f616811e4,EE,none,False,False,0
ebcd1e7998,EE,none,False,False,0
ca3899a916,EE,none,False,False,0
f549822740,EE,none,False,False,0
549b3e9dd6,EE,register_qualified,True,False,1
4bb0d85aa1,EE,none,False,False,0
e157c65e6f,EE,none,False,False,0
9ac84a61e0,EE,none,False,False,0
f7e8981338,EE,register_qualified,True,False,1
f69fbb6010,EE,none,False,False,0
bf49179f3f,EE,register_qualified,True,False,1
64dca67f8a,EE,register_qualified,True,False,1
ded6e047db,ES,lei_declared,True,False,1
13128a0930,ES,none,False,False,0
b4a153a36a,ES,lei_declared,True,False,1
031b0143fd,ES,none,False,False,0
208fa0628b,ES,none,False,False,0
10cfe6832f,ES,register_qualified,True,False,1
ecbea74373,ES,none,False,False,0
17c52cf0fb,ES,none,False,False,0
33f5898cd9,ES,none,False,False,0
cdc2b28094,ES,none,False,False,0
92bee739b3,ES,register_qualified,True,False,1
b626404243,ES,none,False,False,0
50a9b2fd9e,ES,lei_declared,True,False,1
e841dfe78d,ES,lei_declared,True,False,1
b3c71217d5,ES,none,False,False,0
a8178baa48,ES,none,False,False,0
521e484bcd,ES,none,False,False,0
c90cea1ac2,ES,lei_declared,True,False,1
1bab865698,ES,lei_declared,True,False,1
1911ecd411,ES,lei_declared,True,False,1
805439a5be,ES,lei_declared,True,False,1
15a2ed20a2,ES,lei_declared,True,False,1
c585595e9e,ES,register_qualified,True,False,1
afca23d01c,ES,lei_declared,True,False,1
b7fa6ab37e,ES,none,False,False,0
eb3cdfebf9,ES,none,False,False,0
fd3cca26f3,ES,lei_declared,True,False,1
d0eed08911,ES,none,False,False,0
5b0a89d5e3,ES,none,False,False,0
f1956d0565,ES,none,False,False,0
f66eb6dd76,ES,none,False,False,0
4be4f83fe4,ES,none,False,False,0
6a8ce30695,ES,none,False,False,0
d51a283f31,ES,lei_declared,True,False,1
5407cbc8af,ES,none,False,False,0
d9eb2ef89a,ES,none,False,False,0
96f0ab104b,ES,none,False,False,0
6001b50524,ES,lei_declared,True,False,1
39e2b95421,ES,none,False,False,0
9c12e42d74,ES,none,False,False,0
2182a54426,ES,none,False,False,0
246de29bf3,ES,none,False,False,0
ed306155f0,ES,lei_declared,True,False,1
ea8642f036,ES,none,False,False,0
aa3b382ab9,ES,none,False,False,0
7e96f40659,ES,none,False,False,0
5d0e298cd2,ES,none,False,False,0
3bac85eca5,ES,lei_declared,True,False,1
e98fa38399,ES,none,False,False,0
f420d8aec9,ES,none,False,False,0
2e69d3cf29,ES,lei_declared,True,False,1
8d687b8359,ES,lei_declared,True,False,1
c3d22a170e,ES,lei_declared,True,False,1
8bb636d59a,ES,none,False,False,0
f5d5ee83d3,ES,none,False,False,0
ff14ce8bfb,ES,none,False,False,0
dafa0a18a1,ES,none,False,False,0
d0cc5250bf,ES,none,False,False,0
ae29877668,ES,lei_declared,True,False,1
9cc202f3d1,ES,none,False,False,0
694191322e,ES,none,False,False,0
8c5cad3dff,ES,lei_declared,True,False,1
ea823b4b07,ES,none,False,False,0
1c2532e8b6,ES,none,False,False,0
c345441ccc,ES,lei_declared,True,False,1
2e7f63f927,ES,lei_declared,True,False,1
8f0d345382,ES,none,False,False,0
eb6e0503df,ES,none,False,False,0
e1efee40cf,ES,none,False,False,0
4230477bbd,ES,lei_declared,True,False,1
7386830733,ES,lei_declared,True,False,1
3885d4c918,ES,none,False,False,0
b36e0a3b8e,ES,none,False,False,0
b79798d89e,ES,none,False,False,0
199f9d1cdb,ES,lei_declared,True,False,1
5cb994a6e9,ES,none,False,False,0
cabc6224ea,ES,none,False,False,0
e144c08537,ES,none,False,False,0
80cd33fb19,ES,none,False,False,0
7ebdd8bcba,ES,none,False,False,0
3b91990f60,ES,none,False,False,0
f23c43a23c,ES,none,False,False,0
5c2e3b499b,ES,none,False,False,0
0bf0655c40,ES,none,False,False,0
850c52a042,ES,lei_declared,True,False,1
63d09ba25d,ES,register_qualified,True,False,1
0f37eaa19c,ES,none,False,False,0
19f4f65960,ES,lei_declared,True,False,1
8b17e6b05a,ES,lei_declared,True,False,1
b84cafe459,ES,lei_declared,True,False,1
4c2c69bac2,ES,register_qualified,True,False,1
0943fe848b,ES,lei_declared,True,False,1
89acbbc18b,ES,none,False,False,0
2c0d2f948d,ES,none,False,False,0
c185e47de4,ES,none,False,False,0
cf933242ac,ES,none,False,False,0
ea0acd0890,ES,register_qualified,True,False,1
cb73165439,ES,none,False,False,0
0274856f1d,ES,none,False,False,0
cfac8e97b5,ES,none,False,False,0
2beb8e23bc,ES,none,False,False,0
bf6682aacb,ES,lei_declared,True,False,1
689fe006e3,ES,lei_declared,True,False,1
c0f1b04113,ES,lei_declared,True,False,1
5b7fe3cbe9,ES,none,False,False,0
3dbd80677e,ES,none,False,False,0
73d58e8f43,ES,none,False,False,0
2e0a0ee115,ES,none,False,False,0
2dcb84fec7,ES,none,False,False,0
814181883b,ES,none,False,False,0
c032f8ec06,ES,none,False,False,0
6a08f05bfc,ES,none,False,False,0
7a7d8c0af9,ES,none,False,False,0
f64436e502,ES,none,False,False,0
b80430701e,ES,none,False,False,0
6c770b1c91,ES,none,False,False,0
99e16725ba,ES,lei_declared,True,False,1
4f87e1fdb6,ES,none,False,False,0
fd4d0dcaef,ES,none,False,False,0
d0623ecd49,ES,none,False,False,0
53fb1ec110,ES,none,False,False,0
6e7d2cb3b9,ES,none,False,False,0
36ecf9d7c8,ES,none,False,False,0
2ab5a393e9,ES,none,False,False,0
10df04a1c4,ES,lei_declared,True,False,1
3b0fb11053,ES,lei_declared,True,False,1
283a75caf9,ES,none,False,False,0
57088a9672,ES,lei_declared,True,False,1
fb2517e392,ES,none,False,False,0
a6b310a09f,ES,none,False,False,0
95ed45e4f2,ES,lei_declared,True,False,1
d0b6e40cdf,ES,lei_declared,True,False,1
68ada32ca3,ES,none,False,False,0
6b97ef454f,ES,lei_declared,True,False,1
331c49b34d,ES,none,False,False,0
ee643c6833,ES,none,False,False,0
d148f64a20,ES,none,False,False,0
37d74d0642,ES,none,False,False,0
b2e9d253fb,ES,lei_declared,True,False,1
5b7bd600b0,ES,register_qualified,True,True,2
a147ef8a79,ES,lei_declared,True,False,1
dd5594f284,ES,lei_declared,True,False,1
21d57dbf53,ES,none,False,False,0
ba38b39815,ES,none,False,False,0
656e642558,ES,none,False,False,0
4dfd4a81f8,ES,none,False,False,0
77d160f7f8,ES,none,False,False,0
e0b9aed955,ES,none,False,False,0
160c63ce1d,ES,none,False,False,0
a2930f13fc,ES,none,False,False,0
ef845b3081,ES,none,False,False,0
2ac095dec3,ES,none,False,False,0
eda400a92f,ES,none,False,False,0
5c7cf1dd41,ES,register_qualified,True,False,1
a79f00943b,ES,lei_declared,True,False,1
ebfec70575,ES,none,False,False,0
3e0dc2f608,ES,none,False,False,0
df51be4b49,ES,lei_declared,True,False,1
288d6c0f7e,ES,lei_declared,True,False,1
f21494ad20,ES,lei_declared,True,False,1
13f3093f59,ES,none,False,False,0
769ad4fe20,ES,lei_declared,True,False,1
1018e31c4a,ES,none,False,False,0
4e26fc5bcc,ES,none,False,False,0
408bbbcf46,ES,none,False,False,0
06d7d00edd,ES,lei_declared,True,False,1
33cb8c9245,ES,lei_declared,True,False,1
96371125b0,ES,lei_declared,True,False,1
3bd2ec6ef7,ES,none,False,False,0
f558b9633a,ES,lei_declared,True,False,1
df848ef078,ES,none,False,False,0
0d1420de8a,ES,none,False,False,0
8c75c46e90,ES,lei_declared,True,False,1
f4e5530a4c,ES,register_qualified,True,False,1
3c71b70ada,ES,none,False,False,0
aa28d6f988,ES,lei_declared,True,False,1
edf5a3f1c4,ES,lei_declared,True,False,1
b90374f2b3,ES,none,False,False,0
eb7b991c17,ES,lei_declared,True,False,1
2d93038757,ES,lei_declared,True,False,1
a58e46fc57,ES,lei_declared,True,False,1
b8887fcb90,ES,lei_declared,True,False,1
eeb2da06db,ES,lei_declared,True,False,1
4e9f2f8cb0,ES,none,False,False,0
973e82e3f5,ES,none,False,False,0
cf2c637197,ES,none,False,False,0
b4cf84dffb,ES,none,False,False,0
11f39a835d,ES,lei_declared,True,False,1
9131b8b816,ES,lei_declared,True,False,1
b9f07ba879,ES,lei_declared,True,False,1
52bbf1d523,ES,none,False,False,0
9f88ab9933,ES,lei_declared,True,False,1
94fb142343,ES,none,False,False,0
8dad1afc00,ES,lei_declared,True,False,1
ec8915ea5e,ES,none,False,False,0
80b7ebe108,ES,register_qualified,True,False,1
1440b4e36a,ES,none,False,False,0
24c251d1c1,ES,lei_declared,True,False,1
9bee9dbab7,ES,lei_declared,True,False,1
3e28f67675,ES,lei_declared,True,False,1
b55c147f81,ES,none,False,False,0
1ce6dc0c91,ES,none,False,False,0
a8c2053edf,ES,none,False,False,0
265969de4f,ES,none,False,False,0
a2f88499b3,ES,lei_declared,True,False,1
e8347e29ec,ES,lei_declared,True,False,1
83213d1077,ES,none,False,False,0
6603e2d114,ES,none,False,False,0
fa0c87609d,ES,none,False,False,0
e323875e2c,ES,none,False,False,0
2c285c1399,ES,none,False,False,0
d4eaf43f22,ES,none,False,False,0
eee083a6a9,ES,lei_declared,True,False,1
e4a5a60bc5,ES,lei_declared,True,False,1
18e4482e5c,ES,none,False,False,0
7be77bfb7b,ES,none,False,False,0
bf6e4f04b5,ES,none,False,False,0
94ac62b35d,ES,none,False,False,0
681504d0bb,ES,none,False,False,0
e52b4c90ac,ES,none,False,False,0
9f1aa8e366,ES,none,False,False,0
2a8f519608,ES,none,False,False,0
04a671f12d,ES,none,False,False,0
2a79cc9406,ES,lei_declared,True,False,1
e069dab0e5,ES,lei_declared,True,False,1
1f0961f53d,ES,none,False,False,0
fc7b89908d,ES,lei_declared,True,False,1
1786f21a86,ES,lei_declared,True,False,1
4d463b08b9,ES,none,False,False,0
df965a89a2,ES,lei_declared,True,False,1
80e3d7ce7d,ES,lei_declared,True,False,1
394508982b,ES,lei_declared,True,False,1
87c80bc272,ES,none,False,False,0
ca2c05d030,ES,none,False,False,0
729ea9d705,ES,none,False,False,0
3038fb4243,ES,none,False,False,0
d0c04e54af,ES,lei_declared,True,False,1
9e1eb47295,ES,lei_declared,True,False,1
d7304bfc4b,ES,none,False,False,0
88fcf0484d,ES,none,False,False,0
29a66f9c08,ES,none,False,False,0
185bceeed3,ES,none,False,False,0
029df977f6,ES,none,False,False,0
e104480125,ES,none,False,False,0
71d5a3bda9,ES,none,False,False,0
c5f12a5977,ES,none,False,False,0
2c5a999926,ES,lei_declared,True,False,1
b1017f96b5,ES,none,False,False,0
f65b827ac5,ES,lei_declared,True,False,1
18cf2ec9e8,ES,none,False,False,0
3fbe86833f,ES,none,False,False,0
a5abfaa860,ES,none,False,False,0
7c6297de57,ES,none,False,False,0
811f0c5727,ES,none,False,False,0
1dc6fb1e11,ES,lei_declared,True,False,1
0e1f9e029c,ES,none,False,False,0
b0dbe6bd0d,ES,none,False,False,0
113d1a310d,ES,lei_declared,True,False,1
a7bdc534a5,ES,none,False,False,0
368cfe134c,ES,none,False,False,0
6ba8772733,ES,none,False,False,0
2c92ee0923,ES,none,False,False,0
35c3305b06,ES,none,False,False,0
01d49e7000,ES,none,False,False,0
34ea701f10,ES,none,False,False,0
7498e1d426,ES,lei_declared,True,False,1
74cc601218,ES,none,False,False,0
c6fb750d3e,ES,none,False,False,0
5ac729ee60,ES,none,False,False,0
e03b0d67d9,ES,none,False,False,0
d40e02e00b,ES,register_qualified,True,False,1
156f0fd4e3,ES,lei_declared,True,False,1
24bf7e15ac,ES,none,False,False,0
08703d1c14,ES,lei_declared,True,False,1
443889f4d6,ES,lei_declared,True,False,1
78a78215fe,ES,register_qualified,True,False,1
1193bdc49b,ES,none,False,False,0
ec8e4de5f1,ES,none,False,False,0
4fa71615cf,ES,lei_declared,True,False,1
eecb236046,ES,lei_declared,True,False,1
6bf29e6781,ES,none,False,False,0
cc06aab346,ES,lei_declared,True,False,1
648f5d1b0f,ES,lei_declared,True,False,1
89d836d216,ES,none,False,False,0
869ee63306,ES,lei_declared,True,False,1
68f6b72f1b,ES,lei_declared,True,False,1
11924da28d,ES,lei_declared,True,False,1
769a7f387f,ES,lei_declared,True,False,1
5b9d2a6995,ES,none,False,False,0
d7a788a254,ES,none,False,False,0
69add6d26c,ES,none,False,False,0
82da8431f9,ES,lei_declared,True,False,1
d08d3ae6e0,ES,none,False,False,0
193e648730,ES,none,False,False,0
2bc3063d0d,ES,none,False,False,0
b1351dc16c,ES,lei_declared,True,False,1
ab48c8210a,ES,lei_declared,True,False,1
1795bb37d3,ES,none,False,False,0
f2c96029bd,ES,none,False,False,0
25a6b01d10,ES,none,False,False,0
96d8e4dbfa,ES,lei_declared,True,False,1
d4322db7b5,ES,none,False,False,0
0cf50cda5e,ES,lei_declared,True,False,1
d61f372a05,ES,none,False,False,0
cdb20a3246,ES,none,False,False,0
977881021e,ES,none,False,False,0
e5736ae4c6,ES,none,False,False,0
cc76ac2d8b,ES,lei_declared,True,False,1
f1da499f64,ES,none,False,False,0
3ece3995fe,ES,none,False,False,0
591076bbfb,ES,none,False,False,0
eef307bc18,ES,none,False,False,0
f9cb0cf199,ES,none,False,False,0
6592461c52,ES,none,False,False,0
3c27fd1332,ES,lei_declared,True,False,1
dc3a5ba76e,ES,none,False,False,0
77b5296779,ES,none,False,False,0
306fb43625,ES,register_qualified,True,False,1
1ad9125dcf,ES,none,False,False,0
3669fe2ae5,ES,none,False,False,0
6d3edfbdcb,ES,none,False,False,0
dcd6be66db,ES,lei_declared,True,False,1
d51038dd95,ES,lei_declared,True,False,1
2421dc58b4,ES,none,False,False,0
090cb0c1d1,ES,none,False,False,0
9dcd4cc187,ES,lei_declared,True,False,1
a379c49b24,ES,none,False,False,0
78a579f01d,ES,none,False,False,0
8cc361a5ce,ES,lei_declared,True,False,1
6a7609f8fd,ES,lei_declared,True,False,1
c36dd7e41d,ES,lei_declared,True,False,1
f4369c4f05,ES,lei_declared,True,False,1
73d63ff182,ES,none,False,False,0
aeae27b77d,ES,none,False,False,0
c8d567a373,ES,none,False,False,0
cbe4c812f8,ES,none,False,False,0
7bb213c3ca,ES,register_qualified,True,False,1
ef802db745,ES,register_qualified,True,False,1
52a98856e8,ES,register_qualified,True,False,1
1c3eabda6a,ES,lei_declared,True,False,1
c0db07a761,ES,none,False,False,0
a4b17081fc,ES,none,False,False,0
c483a2a5f2,ES,none,False,False,0
93e47a564e,ES,lei_declared,True,False,1
100e1bd8b0,ES,none,False,False,0
ccde826998,ES,none,False,False,0
f60d901b19,ES,none,False,False,0
f0c369555e,ES,none,False,False,0
9957b30d33,ES,none,False,False,0
f332d27c9e,ES,none,False,False,0
c6f268b4f5,ES,none,False,False,0
c778230a61,ES,lei_declared,True,False,1
4f7faa8057,ES,none,False,False,0
85b5432ccf,ES,none,False,False,0
0e7d01c1e5,ES,none,False,False,0
9aaa33d973,ES,none,False,False,0
31d1240ab2,ES,none,False,False,0
d2e793975d,ES,none,False,False,0
3ca3c1a206,ES,none,False,False,0
7ff31c4d55,ES,lei_declared,True,False,1
3ae7305096,ES,lei_declared,True,False,1
ed7e1becb5,ES,none,False,False,0
b68fae6c19,ES,lei_declared,True,False,1
25b83189a2,ES,none,False,False,0
ac94ebad55,ES,none,False,False,0
c7a42372db,ES,none,False,False,0
631133eb8c,ES,none,False,False,0
26b4104078,ES,none,False,False,0
e5a00b0e1b,ES,lei_declared,True,False,1
53cd3f0e9f,ES,none,False,False,0
8410201269,ES,none,False,False,0
0106608e75,ES,lei_declared,True,False,1
2e4bcde7ef,ES,none,False,False,0
fcfb9a3a76,ES,none,False,False,0
2737352a3b,ES,none,False,False,0
dbae9c52c7,ES,none,False,False,0
abc4df448c,ES,none,False,False,0
958d486cac,ES,register_qualified,True,False,1
50999596d0,ES,none,False,False,0
bf9fa79d05,ES,none,False,False,0
283cf5a815,ES,none,False,False,0
f401353047,ES,none,False,False,0
ae7646f843,ES,none,False,False,0
7664614747,ES,none,False,False,0
ea6468a11c,ES,none,False,False,0
4435a08f20,ES,none,False,False,0
cc72bbfe75,ES,none,False,False,0
fee8365540,ES,none,False,False,0
1292e5807c,ES,none,False,False,0
0f1b2408fc,ES,lei_declared,True,False,1
147281b679,ES,lei_declared,True,False,1
08fd67c335,ES,none,False,False,0
bf799a3bc4,ES,register_qualified,True,False,1
76aa591abf,ES,none,False,False,0
6544677b9c,ES,none,False,False,0
ae2b2d222f,ES,none,False,False,0
073802d539,ES,none,False,False,0
8e6a643ec3,ES,none,False,False,0
16ab69b654,ES,lei_declared,True,False,1
eac5d3b37d,ES,none,False,False,0
07b6e08431,ES,lei_declared,True,False,1
8fae833fcd,ES,none,False,False,0
21efc752cd,ES,none,False,False,0
e4655562b8,ES,none,False,False,0
20c52105f0,ES,none,False,False,0
47c8b10c73,ES,none,False,False,0
b45d90c34d,ES,none,False,False,0
906beee519,ES,none,False,False,0
206f320103,ES,none,False,False,0
b158672768,ES,lei_declared,True,False,1
877094f64d,ES,none,False,False,0
17209bcea6,ES,lei_declared,True,False,1
d3ad9e4851,ES,none,False,False,0
4afb52ec16,ES,none,False,False,0
06d1389c5f,ES,none,False,False,0
b090f283d8,ES,none,False,False,0
43d49feaeb,ES,lei_declared,True,False,1
057f34af89,ES,none,False,False,0
d94a2443ab,ES,none,False,False,0
f46a54b2e4,ES,none,False,False,0
644e9dddfd,ES,none,False,False,0
e5c6157771,ES,lei_declared,True,False,1
c2ca18fe46,ES,none,False,False,0
5b7c532a20,ES,none,False,False,0
4962c3c2fd,ES,none,False,False,0
ce629a20b3,ES,none,False,False,0
f0c11dc8ec,ES,none,False,False,0
d2df837b39,ES,none,False,False,0
00eef3c722,ES,none,False,False,0
a9a8b8a040,ES,lei_declared,True,False,1
d354d36d47,ES,none,False,False,0
d9f2bd624c,ES,none,False,False,0
b60b8ff29d,ES,none,False,False,0
9b2197f6db,ES,none,False,False,0
1db8a29ad4,ES,none,False,False,0
4e9293dcf2,ES,none,False,False,0
001866398e,ES,lei_declared,True,False,1
200f0953e6,ES,none,False,False,0
11e9c3a5c0,ES,none,False,False,0
631e94216e,ES,none,False,False,0
e51bd7b184,ES,none,False,False,0
f4433107ac,ES,lei_declared,True,False,1
4abf449552,ES,none,False,False,0
45dd1fe317,ES,none,False,False,0
46b7ed3f60,ES,none,False,False,0
c21a878630,ES,none,False,False,0
8d13ab16d5,ES,none,False,False,0
31eefc0704,ES,lei_declared,True,False,1
2b277487bb,ES,none,False,False,0
a550af379d,ES,none,False,False,0
bd8403099e,ES,lei_declared,True,False,1
d3774b8624,ES,none,False,False,0
f0e7ddf4b7,ES,lei_declared,True,False,1
827c29b1e8,ES,none,False,False,0
d615e31785,ES,none,False,False,0
7368809305,ES,none,False,False,0
ec55ec2578,ES,none,False,False,0
8ef6b18dd6,ES,none,False,False,0
5d3bea0a09,ES,register_qualified,True,False,1
fc585eed23,ES,none,False,False,0
10f6e3e3dd,ES,lei_declared,True,False,1
459de2e066,ES,none,False,False,0
17ea60e5a4,ES,lei_declared,True,False,1
408b968106,ES,lei_declared,True,False,1
07bcb28071,ES,register_qualified,True,False,1
5cd1408210,ES,none,False,False,0
20f94be8a3,ES,lei_declared,True,False,1
87381e6945,ES,lei_declared,True,False,1
19868fa096,ES,none,False,False,0
e756fc546c,ES,none,False,False,0
24d06a2f4d,ES,lei_declared,True,False,1
3249687de9,ES,none,False,False,0
a5f86cff95,ES,none,False,False,0
082891edca,ES,none,False,False,0
354fff773f,ES,lei_declared,True,False,1
1b4d553a3f,ES,none,False,False,0
9026d5acf5,ES,none,False,False,0
ac3005536f,ES,none,False,False,0
a74c762c4b,ES,register_qualified,True,True,2
a6f5e8f072,ES,lei_declared,True,False,1
1e8e782039,ES,none,False,False,0
b2f555b946,ES,none,False,False,0
1265c87137,ES,lei_declared,True,False,1
40c7bcc0a8,ES,none,False,False,0
d0fc5c9d67,ES,none,False,False,0
3269c599ba,ES,none,False,False,0
7c7ac5193a,ES,none,False,False,0
e0f14fc702,ES,lei_declared,True,False,1
e52d08b7a1,ES,lei_declared,True,False,1
9867d2b146,ES,lei_declared,True,False,1
d9d96c9de6,ES,none,False,False,0
1d299d8178,ES,lei_declared,True,False,1
4161274448,ES,lei_declared,True,False,1
c38f19c915,ES,lei_declared,True,False,1
a1c2fe9947,ES,none,False,False,0
fb54c78bf6,ES,none,False,False,0
c48419426c,ES,none,False,False,0
6052ed00d9,ES,none,False,False,0
af3bbe1353,ES,none,False,False,0
bcce0a2f0e,ES,none,False,False,0
eaccba728a,ES,none,False,False,0
57eb581408,ES,none,False,False,0
a29cee12b3,ES,none,False,False,0
2a3f24c407,ES,none,False,False,0
ab4ea8bfee,ES,none,False,False,0
c9b03ec9f2,ES,none,False,False,0
cfa0c907d2,ES,none,False,False,0
e7040e4eb4,ES,lei_declared,True,False,1
35dd957d5d,ES,none,False,False,0
7849b73af6,ES,none,False,False,0
30dcee1700,ES,lei_declared,True,False,1
f98db15cf3,ES,lei_declared,True,False,1
84bc1a17de,ES,lei_declared,True,False,1
2a4d71abd2,ES,none,False,False,0
1b7d021d5a,ES,none,False,False,0
23396a1048,ES,none,False,False,0
81158ae66f,ES,none,False,False,0
ffc1ee866c,ES,none,False,False,0
68099a9342,ES,none,False,False,0
5b0ffb4cac,ES,none,False,False,0
ddd1fadf9d,ES,none,False,False,0
4f498f5c69,ES,none,False,False,0
3faaa2576a,ES,none,False,False,0
551d57d3cb,ES,none,False,False,0
aececf33a4,ES,none,False,False,0
e4d337e8ba,ES,none,False,False,0
f596c0fbd1,ES,none,False,False,0
27aa2e00f9,ES,none,False,False,0
c781b51cd9,ES,none,False,False,0
68d1e9f568,ES,lei_declared,True,False,1
e248da52ca,ES,lei_declared,True,False,1
969fefc1b7,ES,lei_declared,True,False,1
c6f045b26b,ES,none,False,False,0
b29da5391e,ES,none,False,False,0
b0f360c34b,ES,none,False,False,0
b39e336018,ES,none,False,False,0
565cc4c6d6,ES,none,False,False,0
0ac950943c,ES,none,False,False,0
506af59278,ES,none,False,False,0
7b12907554,ES,none,False,False,0
5a2a2b1347,ES,lei_declared,True,False,1
eb9fdf1419,ES,none,False,False,0
22e9cc5d4c,ES,none,False,False,0
7fc5cd8305,ES,lei_declared,True,False,1
b0332ca397,ES,none,False,False,0
e408da0df1,ES,none,False,False,0
694040dfb2,ES,none,False,False,0
23dbe3f390,ES,none,False,False,0
ebe865c0df,ES,lei_declared,True,False,1
a25030db4f,ES,register_qualified,True,False,1
1432ab75e5,ES,lei_declared,True,False,1
155f6dd312,ES,none,False,False,0
d34400d584,ES,none,False,False,0
6d73b09038,ES,lei_declared,True,False,1
f4ab3109bb,ES,lei_declared,True,False,1
062896b3d2,ES,none,False,False,0
85c70333f7,ES,none,False,False,0
aa939a00f2,ES,none,False,False,0
9990c17382,ES,none,False,False,0
6c623c5597,ES,none,False,False,0
55367d69eb,ES,none,False,False,0
945a9bce7e,ES,lei_declared,True,False,1
bdbc7e1b62,ES,none,False,False,0
6723320f8a,ES,lei_declared,True,False,1
e134cb985a,ES,lei_declared,True,False,1
eb3d259a9a,ES,register_qualified,True,False,1
9bae13dfd7,ES,register_qualified,True,False,1
86ca63badd,ES,none,False,False,0
8a13820e49,ES,lei_declared,True,False,1
4ebc8eea50,ES,lei_declared,True,False,1
6c3225e277,ES,lei_declared,True,False,1
c7094ae07c,ES,lei_declared,True,False,1
987c77c906,ES,none,False,False,0
d1f772f5ff,ES,lei_declared,True,False,1
31bb91934a,ES,none,False,False,0
bc540ab38f,ES,lei_declared,True,False,1
128c72f3d9,ES,lei_declared,True,False,1
4359193b24,ES,lei_declared,True,False,1
ae6a78b82e,ES,none,False,False,0
d783d803bb,ES,none,False,False,0
7b10727e8e,ES,none,False,False,0
57a8d16031,ES,lei_declared,True,False,1
ebf8fa80f5,ES,none,False,False,0
c56f2a6880,ES,none,False,False,0
95f9d5326c,ES,lei_declared,True,False,1
922c69079f,ES,lei_declared,True,False,1
a7d345657d,ES,none,False,False,0
3b8c425c82,ES,lei_declared,True,False,1
a0a183e65e,ES,lei_declared,True,False,1
cc027ceece,ES,lei_declared,True,False,1
f94b42f318,ES,lei_declared,True,False,1
2bb9dde773,ES,lei_declared,True,False,1
53dd55a8cb,ES,lei_declared,True,False,1
d7f0e15875,ES,none,False,False,0
db4ada63b7,ES,lei_declared,True,False,1
4664f8c7c4,ES,none,False,False,0
0b4ace5772,ES,lei_declared,True,False,1
089bdb03c7,ES,lei_declared,True,False,1
5f585044f9,ES,lei_declared,True,False,1
216d163038,ES,none,False,False,0
1117f98e83,ES,none,False,False,0
9ee39f4c4c,ES,none,False,False,0
0930e28a20,ES,none,False,False,0
f46194c528,ES,none,False,False,0
204e07f245,ES,none,False,False,0
570ea58a48,ES,none,False,False,0
205701b9cd,ES,none,False,False,0
f1cb1f5409,ES,none,False,False,0
43dd1ff5a6,ES,none,False,False,0
86ac29c458,ES,none,False,False,0
2a43015cd9,ES,none,False,False,0
3ac407a78b,ES,none,False,False,0
47556c944b,ES,none,False,False,0
54c200d41c,ES,none,False,False,0
283bf7830b,ES,none,False,False,0
a48bee426d,ES,none,False,False,0
7d9bfd956d,ES,none,False,False,0
d76af98afb,ES,none,False,False,0
ced22e4da4,ES,none,False,False,0
9f922cbf48,ES,none,False,False,0
2ef4aec0fc,ES,none,False,False,0
542ac77e26,ES,none,False,False,0
6e6b775ae3,ES,none,False,False,0
64ce390d9f,ES,lei_declared,True,False,1
6f638ca455,ES,lei_declared,True,False,1
d6f0de27f4,ES,lei_declared,True,False,1
7585ff9c54,ES,none,False,False,0
39c73aead0,ES,lei_declared,True,False,1
9699fa2328,ES,lei_declared,True,False,1
a4863fdb23,ES,lei_declared,True,False,1
b367177d5a,ES,lei_declared,True,False,1
14461a8003,ES,none,False,False,0
30892594b1,ES,none,False,False,0
057c16a658,ES,lei_declared,True,False,1
e81d6b4065,ES,none,False,False,0
bcee3a1208,ES,none,False,False,0
3578a16d72,ES,none,False,False,0
5f1d6c31b0,ES,none,False,False,0
78cb63a4bf,ES,lei_declared,True,False,1
eee566e019,ES,lei_declared,True,False,1
953fb58991,ES,none,False,False,0
37cfd37ef8,ES,lei_declared,True,False,1
544ced14b4,ES,none,False,False,0
221a28f979,ES,lei_declared,True,False,1
a0571ad1e4,ES,none,False,False,0
0e38a516f1,ES,none,False,False,0
23328093ec,ES,none,False,False,0
fddaa6d54b,ES,lei_declared,True,False,1
a6f5c593e3,ES,lei_declared,True,False,1
11187009d5,ES,lei_declared,True,False,1
d9d868c8c8,ES,lei_declared,True,False,1
711c6af1c8,ES,none,False,False,0
83713c3766,ES,none,False,False,0
1f569f6bf8,ES,none,False,False,0
cef66c6e09,ES,lei_declared,True,False,1
ffe2194c18,ES,none,False,False,0
04130eeac1,ES,register_qualified,True,False,1
bc225e58be,ES,none,False,False,0
a26986e2f3,ES,none,False,False,0
1ff1eb9890,ES,lei_declared,True,False,1
0576dfc8c3,ES,none,False,False,0
7b07c0cd2b,ES,none,False,False,0
877b442a32,ES,none,False,False,0
a809409410,ES,none,False,False,0
bcb634e296,ES,none,False,False,0
713afcec64,ES,none,False,False,0
b658d515a2,ES,none,False,False,0
f3ca6fbb8d,ES,none,False,False,0
1cf638971c,ES,none,False,False,0
96c7cd2c2b,ES,none,False,False,0
3b9b9fca10,ES,none,False,False,0
cf14e2675f,ES,none,False,False,0
5419a0860e,ES,none,False,False,0
5259b41448,ES,none,False,False,0
95f624e484,ES,none,False,False,0
9ec9886586,ES,none,False,False,0
b28d9ca777,ES,none,False,False,0
dd01bb35dd,ES,none,False,False,0
8fb0b65804,ES,none,False,False,0
cc8a229c88,ES,lei_declared,True,False,1
6ec11040ee,ES,none,False,False,0
40dcb4df14,ES,none,False,False,0
d862948825,ES,lei_declared,True,False,1
39b7fb3315,ES,lei_declared,True,False,1
0a24aceedf,ES,none,False,False,0
38522fa95d,ES,none,False,False,0
c8537bf1b4,ES,none,False,False,0
50aa779db4,ES,lei_declared,True,False,1
d7dc6ae541,ES,lei_declared,True,False,1
4e3461b674,ES,lei_declared,True,False,1
612cd134a8,ES,register_qualified,True,False,1
ec7760db32,ES,register_qualified,True,False,1
1651400328,ES,register_qualified,True,False,1
0e6fc0898f,ES,register_qualified,True,False,1
b1950cf835,ES,lei_declared,True,False,1
9000767309,ES,register_qualified,True,False,1
705e27a491,ES,lei_declared,True,False,1
5854214b3f,ES,register_qualified,True,False,1
ecd7f6f407,ES,none,False,False,0
ac094d83a5,ES,none,False,False,0
d3017a6c9e,ES,none,False,False,0
48290b72e9,ES,none,False,False,0
13d1f0b45f,ES,register_qualified,True,False,1
32429b2982,ES,none,False,False,0
31d30821d2,ES,none,False,False,0
c39c136526,ES,none,False,False,0
84ac04f3c2,ES,none,False,False,0
e35cf7dcbc,ES,none,False,False,0
690b56b650,ES,none,False,False,0
e69df86d02,ES,none,False,False,0
03d5c60747,ES,none,False,False,0
77d8a0a401,ES,none,False,False,0
e87c93704e,ES,none,False,False,0
dad148fd27,ES,lei_declared,True,False,1
6f1c0fb2f3,ES,none,False,False,0
4daad0c940,ES,none,False,False,0
3bc5149a86,ES,none,False,False,0
59c315f308,ES,none,False,False,0
9395108bbb,ES,none,False,False,0
7c9dcdf0e4,ES,none,False,False,0
cb545c001f,ES,lei_declared,True,False,1
13b928fadb,ES,lei_declared,True,False,1
eb2ba60cce,ES,none,False,False,0
ed6ed8a131,ES,lei_declared,True,False,1
3652d759c9,ES,none,False,False,0
ec9890dbe4,ES,none,False,False,0
19bbb341b7,ES,none,False,False,0
a84e92f9b9,ES,lei_declared,True,False,1
1ea3ef6420,ES,none,False,False,0
c9ee4a8138,ES,none,False,False,0
cf143ae095,ES,none,False,False,0
3d0e3261d0,ES,lei_declared,True,False,1
f5592f6682,ES,none,False,False,0
36ba05afd7,ES,none,False,False,0
c429d96155,ES,none,False,False,0
47591b9487,ES,none,False,False,0
e1541998aa,ES,none,False,False,0
faf068046d,ES,none,False,False,0
3b3a3dcd9d,ES,none,False,False,0
c805a3220d,ES,lei_declared,True,False,1
59d417167f,ES,none,False,False,0
f204a05317,ES,none,False,False,0
8b7051d14b,ES,none,False,False,0
74fe09c750,ES,none,False,False,0
39c5fc89ac,ES,none,False,False,0
2dd7e4296b,ES,none,False,False,0
21401927ae,ES,none,False,False,0
e462b221e3,ES,none,False,False,0
7519178be7,ES,none,False,False,0
86bff688ae,ES,register_qualified,True,False,1
c5fd340d81,ES,none,False,False,0
0971507dd2,ES,lei_declared,True,False,1
e78cce4ad1,ES,lei_declared,True,False,1
d61aa0e312,ES,none,False,False,0
1774463c96,ES,none,False,False,0
cd59f420b1,ES,none,False,False,0
e2628900c2,ES,none,False,False,0
5e59a0d796,ES,lei_declared,True,False,1
22b4458305,ES,lei_declared,True,False,1
beebaf4e0b,ES,none,False,False,0
5356e81f59,ES,lei_declared,True,False,1
bb06a917fa,ES,none,False,False,0
0796dc9212,ES,register_qualified,True,False,1
805d6f6000,ES,none,False,False,0
0c971036ac,ES,none,False,False,0
9f6d9d0316,ES,none,False,False,0
a95113d3f2,ES,none,False,False,0
24a59cd614,ES,lei_declared,True,False,1
9cd1a81eb9,ES,lei_declared,True,False,1
ee44af2f30,ES,none,False,False,0
dfda1e49ee,ES,none,False,False,0
73383dbd09,ES,none,False,False,0
32559dc575,ES,lei_declared,True,False,1
315b145386,ES,lei_declared,True,False,1
c4e9952713,ES,register_qualified,True,False,1
1b029bf116,ES,none,False,False,0
e12c74492f,ES,lei_declared,True,False,1
4a040f5cfc,ES,none,False,False,0
dfdd5e713c,ES,none,False,False,0
24a35aa936,ES,lei_declared,True,False,1
5dc53f080c,ES,none,False,False,0
4c02f20adc,ES,none,False,False,0
958a5368fa,ES,lei_declared,True,False,1
91efc03fbc,ES,lei_declared,True,False,1
ea64feeeaa,ES,none,False,False,0
7bc971816c,ES,none,False,False,0
d978d6b96c,ES,lei_declared,True,False,1
82281bd40c,ES,none,False,False,0
843c047b17,ES,none,False,False,0
cf98b6fd03,ES,none,False,False,0
8b297d1b82,ES,lei_declared,True,False,1
08a4323952,ES,none,False,False,0
72c4edd2ef,ES,none,False,False,0
3db87dd8a6,ES,lei_declared,True,False,1
c2cc45f5cb,ES,none,False,False,0
3ebbda8307,ES,none,False,False,0
f7b0160297,ES,none,False,False,0
ab0f3ac1a4,ES,lei_declared,True,False,1
316d23eaf4,ES,none,False,False,0
d7cd9a3c30,ES,lei_declared,True,False,1
33cd26758f,ES,lei_declared,True,False,1
daefeadcea,ES,none,False,False,0
856ba5f55a,ES,lei_declared,True,False,1
8ff62cf0de,ES,none,False,False,0
70f635e3ec,ES,none,False,False,0
418afada9e,ES,lei_declared,True,False,1
591eb0c18d,ES,none,False,False,0
8022dff0d0,ES,none,False,False,0
af3c7e404e,ES,lei_declared,True,False,1
b29071011c,ES,lei_declared,True,False,1
1465339f28,ES,lei_declared,True,False,1
bfa2d4d858,ES,lei_declared,True,False,1
8d8e11eb7a,ES,none,False,False,0
844196da2d,ES,none,False,False,0
0c6a320a15,ES,none,False,False,0
55dec8d259,ES,none,False,False,0
1c19325e86,ES,none,False,False,0
2190e6c9e8,ES,lei_declared,True,False,1
11d399057c,ES,none,False,False,0
8386581872,ES,register_qualified,True,True,2
de7bf07a45,ES,none,False,False,0
7d29ae9628,ES,none,False,False,0
35a962d846,ES,none,False,False,0
b073ac4671,ES,none,False,False,0
1d2b7c5edf,ES,lei_declared,True,False,1
67e0c16709,ES,none,False,False,0
a637ed908b,ES,none,False,False,0
043f92b062,ES,lei_declared,True,False,1
43eefe758f,ES,lei_declared,True,False,1
0007a26997,ES,lei_declared,True,False,1
c8df524cb7,ES,lei_declared,True,False,1
11408b22f2,ES,register_qualified,True,False,1
bd7faaebb6,ES,none,False,False,0
a25e24d344,ES,lei_declared,True,False,1
00274cd8bf,ES,lei_declared,True,False,1
f1782d4d2d,ES,none,False,False,0
1c321b1ac7,ES,lei_declared,True,False,1
87b0c4d8b0,ES,lei_declared,True,False,1
b96260ae19,ES,none,False,False,0
61b3b48960,ES,none,False,False,0
6cdf055dec,ES,lei_declared,True,False,1
59a2720285,ES,lei_declared,True,False,1
ecbfdab895,ES,none,False,False,0
12aed2f073,ES,none,False,False,0
3da030ca16,ES,lei_declared,True,False,1
9123d1c829,ES,none,False,False,0
d911ce7044,ES,none,False,False,0
b16bcbea28,ES,none,False,False,0
3faaa56b33,ES,none,False,False,0
70ce37cdec,ES,none,False,False,0
4ba341b361,ES,lei_declared,True,False,1
35e967d84d,ES,lei_declared,True,False,1
01600e9bfb,ES,lei_declared,True,False,1
250c958918,ES,none,False,False,0
cf10b6ed1a,ES,none,False,False,0
91eb1c3c63,ES,none,False,False,0
d6edde239f,ES,none,False,False,0
3c39f43f32,ES,lei_declared,True,False,1
41d6b4799b,ES,lei_declared,True,False,1
04c575717c,ES,none,False,False,0
fa6ade6789,ES,lei_declared,True,False,1
d55727e717,ES,none,False,False,0
252ed521fd,ES,lei_declared,True,False,1
e51dadf9be,ES,none,False,False,0
1901021041,ES,none,False,False,0
9d75645bbf,ES,none,False,False,0
e60652343e,ES,none,False,False,0
86aa1c3122,ES,none,False,False,0
3e3ce40747,ES,none,False,False,0
d527b314e0,ES,none,False,False,0
e81e544407,ES,none,False,False,0
9dea849766,ES,none,False,False,0
3c20a80d32,ES,none,False,False,0
564601df22,ES,none,False,False,0
be3daf3a83,ES,none,False,False,0
0db9bcad54,ES,lei_declared,True,False,1
389b5f29e0,ES,lei_declared,True,False,1
56996f75d3,ES,lei_declared,True,False,1
c5f387436a,ES,register_qualified,True,False,1
27171aa0ba,ES,none,False,False,0
9e680761cd,ES,none,False,False,0
57f3b681c7,ES,none,False,False,0
84329a632a,ES,none,False,False,0
fa35536c92,ES,none,False,False,0
b046056666,ES,none,False,False,0
38608d9ed5,ES,none,False,False,0
aca609ca47,ES,none,False,False,0
717cd3006e,ES,lei_declared,True,False,1
627cbc75f8,ES,none,False,False,0
47d69add87,ES,lei_declared,True,False,1
bb6f0e804d,ES,none,False,False,0
92f4d33cf4,ES,none,False,False,0
9344046a9a,ES,none,False,False,0
6c99c13ae8,ES,none,False,False,0
77a2a125c1,ES,none,False,False,0
0bc4b31c23,ES,none,False,False,0
0ccc589f13,ES,none,False,False,0
f132c56869,ES,lei_declared,True,False,1
45a82b486a,ES,none,False,False,0
80614b5a23,ES,lei_declared,True,False,1
0b623fe78d,ES,lei_declared,True,False,1
dba9a12fb9,ES,lei_declared,True,False,1
988fe2bb8c,ES,none,False,False,0
2c97e3ab4f,ES,none,False,False,0
a8b0661117,ES,none,False,False,0
e3cfaa8bef,ES,none,False,False,0
781763c4d9,ES,none,False,False,0
0e4d7cfb0d,ES,none,False,False,0
d84ceec7c1,ES,none,False,False,0
cbf440c517,ES,lei_declared,True,False,1
8d2d83514f,ES,none,False,False,0
cbb4ccae43,ES,none,False,False,0
1e8a879cbe,ES,none,False,False,0
bc2b55034d,ES,lei_declared,True,False,1
c43edae88f,ES,lei_declared,True,False,1
99aa493158,ES,lei_declared,True,False,1
fd7eafd093,ES,none,False,False,0
2154f9922e,ES,none,False,False,0
07dcbba09f,ES,none,False,False,0
940184a9b5,ES,none,False,False,0
c0a8cfb4f1,ES,none,False,False,0
a55daeb213,ES,none,False,False,0
c3e7a1a0ba,ES,none,False,False,0
f3551bc520,ES,none,False,False,0
158e150abb,ES,none,False,False,0
ba66d27d3f,ES,none,False,False,0
5f21652156,ES,none,False,False,0
6d5d617c56,ES,none,False,False,0
87ddc734d5,ES,none,False,False,0
af947ded30,ES,none,False,False,0
090cabe632,ES,none,False,False,0
e7740754fb,ES,lei_declared,True,False,1
93b2339c2e,ES,none,False,False,0
461ad0fbd4,ES,lei_declared,True,False,1
dfabeb6dac,ES,none,False,False,0
0c0a3fc365,ES,none,False,False,0
40fc3600f4,ES,none,False,False,0
35caeb1e72,ES,lei_declared,True,False,1
9da937902f,ES,lei_declared,True,False,1
b86c9e5e52,ES,none,False,False,0
55e46fd445,ES,none,False,False,0
b9e72f011f,ES,none,False,False,0
c1098ec8ba,ES,none,False,False,0
8931ef5eec,ES,none,False,False,0
8fdb7f4812,ES,lei_declared,True,False,1
7ce726c8b7,ES,lei_declared,True,False,1
f12ab86e11,ES,lei_declared,True,False,1
84600d0d4e,ES,none,False,False,0
de45e584da,ES,register_qualified,True,True,2
18269ea17b,ES,lei_declared,True,False,1
f6eb93c528,ES,lei_declared,True,False,1
24df72c5bc,ES,none,False,False,0
4d6735cc21,ES,lei_declared,True,False,1
a816139e62,ES,none,False,False,0
e4cbc7fd0d,ES,none,False,False,0
37e0180564,ES,none,False,False,0
ba714c4acb,ES,none,False,False,0
08cdae2520,ES,lei_declared,True,False,1
e3d0c831e4,ES,lei_declared,True,False,1
f0390724c0,ES,register_qualified,True,False,1
c164a1763e,ES,none,False,False,0
647644ceac,ES,none,False,False,0
d67c1ec5b4,ES,none,False,False,0
867d90ef9f,ES,none,False,False,0
dee2f6a9fc,ES,none,False,False,0
5b9c2f4374,ES,lei_declared,True,False,1
69d1c93dd7,ES,lei_declared,True,False,1
36042009fc,ES,none,False,False,0
40adbfd1c7,ES,none,False,False,0
b768654246,ES,none,False,False,0
eb5863b1aa,ES,none,False,False,0
e79355ceed,ES,lei_declared,True,False,1
6adca99940,ES,lei_declared,True,False,1
1417df5995,ES,none,False,False,0
664efe4516,ES,lei_declared,True,False,1
5c068ceb33,ES,lei_declared,True,False,1
0adb5ae2d0,ES,none,False,False,0
54476948df,ES,none,False,False,0
e0ef977ae2,ES,none,False,False,0
0e9bceb765,ES,lei_declared,True,False,1
b6e383730c,ES,none,False,False,0
c092351aef,ES,none,False,False,0
8f28d8fc96,ES,none,False,False,0
04d2bf501d,ES,none,False,False,0
bfc82962a0,ES,none,False,False,0
f2cc58d03c,ES,none,False,False,0
e1c7aae4a3,ES,none,False,False,0
c26dae721a,ES,none,False,False,0
fc1ff6fe9c,ES,none,False,False,0
1edbbc26e0,ES,none,False,False,0
902e32919e,ES,none,False,False,0
baeabb5502,ES,none,False,False,0
b46ff173c0,ES,none,False,False,0
3cce614257,ES,none,False,False,0
0162fb0977,ES,none,False,False,0
173893359a,ES,none,False,False,0
c56ce3633b,ES,none,False,False,0
3d2468b52d,ES,none,False,False,0
5b0696d747,ES,lei_declared,True,False,1
c568449b16,ES,lei_declared,True,False,1
2ff60ef74c,ES,none,False,False,0
ad7266e651,ES,none,False,False,0
0aa812dc89,ES,none,False,False,0
d16205cde4,ES,lei_declared,True,False,1
aa4257f625,ES,none,False,False,0
57081b3e2a,ES,none,False,False,0
340523d0c1,ES,none,False,False,0
acfcb3edae,ES,none,False,False,0
ec72a56981,ES,none,False,False,0
c1239e2234,ES,none,False,False,0
cfd300298a,ES,lei_declared,True,False,1
eb509eceaa,ES,lei_declared,True,False,1
16e8617dcc,ES,lei_declared,True,False,1
a1a0d49a08,ES,none,False,False,0
8b9ef85e74,ES,lei_declared,True,False,1
34e8da3f28,ES,lei_declared,True,False,1
835b489edf,ES,lei_declared,True,False,1
aa39fcf047,ES,none,False,False,0
3e5897c1d8,ES,register_qualified,True,True,2
a07fa4548b,ES,none,False,False,0
b1a8144277,ES,lei_declared,True,False,1
b33679fe69,ES,none,False,False,0
24c0875742,ES,none,False,False,0
2a7fbff2c9,ES,none,False,False,0
c44010a44b,ES,none,False,False,0
77a38bf09a,ES,lei_declared,True,False,1
c70249d927,ES,lei_declared,True,False,1
2844397208,ES,lei_declared,True,False,1
983418ac09,ES,none,False,False,0
b4ae581a27,ES,none,False,False,0
b60f0b86d2,ES,none,False,False,0
4074d51dd0,ES,lei_declared,True,False,1
4ab3520095,ES,none,False,False,0
aa953f973d,ES,none,False,False,0
f3893c6891,ES,none,False,False,0
a268e36b04,ES,none,False,False,0
3982dc69db,ES,none,False,False,0
12d7f85bec,ES,none,False,False,0
dd81b44e3e,ES,none,False,False,0
6c3740d122,ES,none,False,False,0
63134aa6fc,ES,none,False,False,0
832f8e7a9b,ES,none,False,False,0
f3eed50615,ES,none,False,False,0
d740f8ad66,ES,none,False,False,0
0c1e128c9d,ES,none,False,False,0
d200a35fca,ES,none,False,False,0
e77cc030d3,ES,lei_declared,True,False,1
435a28bf7a,ES,none,False,False,0
3bd577d280,ES,register_qualified,True,False,1
d707f2c150,ES,register_qualified,True,False,1
97817ac9b2,ES,none,False,False,0
5710400209,ES,none,False,False,0
58136662cd,ES,lei_declared,True,False,1
59766207dc,ES,lei_declared,True,False,1
8ee8b21ca3,ES,lei_declared,True,False,1
aa37cbe92f,ES,lei_declared,True,False,1
8da228b7fe,ES,none,False,False,0
a4f1306993,ES,lei_declared,True,False,1
43008b6992,ES,register_qualified,True,False,1
99c3a182b0,ES,none,False,False,0
dfc84dc86d,ES,lei_declared,True,False,1
a95fa9240f,ES,none,False,False,0
f45a9ff41d,ES,lei_declared,True,False,1
659853b867,ES,none,False,False,0
a5b3fa8b42,ES,none,False,False,0
91e646935a,ES,none,False,False,0
68585d631f,ES,none,False,False,0
98da3541f4,ES,none,False,False,0
944297916b,ES,none,False,False,0
d44ff077a1,ES,none,False,False,0
2ce978748f,ES,none,False,False,0
6c8fb7aee8,ES,none,False,False,0
4880f1a260,ES,lei_declared,True,False,1
a73c9d7eab,ES,lei_declared,True,False,1
66155ee203,ES,lei_declared,True,False,1
94d4b52e2b,ES,none,False,False,0
78d65b2937,ES,none,False,False,0
5d632d312e,ES,none,False,False,0
c950871412,ES,none,False,False,0
3cc4f20ad5,ES,lei_declared,True,False,1
4a3945d714,ES,lei_declared,True,False,1
2b045950be,ES,none,False,False,0
01e3c88d94,ES,none,False,False,0
a59bfc51f3,ES,none,False,False,0
efda277c26,ES,none,False,False,0
2fceae3e21,ES,none,False,False,0
a4680128e0,ES,none,False,False,0
8fd470e039,ES,none,False,False,0
41d064f2e8,ES,none,False,False,0
0417cab466,ES,none,False,False,0
63bbeedfb1,ES,none,False,False,0
3807d3a467,ES,none,False,False,0
704b498c6f,ES,none,False,False,0
b6887b637d,ES,none,False,False,0
7068cd39b3,ES,none,False,False,0
73a605be24,ES,none,False,False,0
6f018e0340,ES,none,False,False,0
9d3175d7c7,ES,none,False,False,0
2e5d5e1f9c,ES,none,False,False,0
c69e0a1fc6,ES,none,False,False,0
0d3c8d7ad3,ES,none,False,False,0
296a78ecf8,ES,none,False,False,0
d0baeb9c01,ES,none,False,False,0
2231ee40ab,ES,lei_declared,True,False,1
62efdd49fc,ES,none,False,False,0
fc36bbdde4,ES,none,False,False,0
c060b1cc53,ES,lei_declared,True,False,1
7b055fefb8,ES,lei_declared,True,False,1
d0163bb9f2,ES,lei_declared,True,False,1
701f255db0,ES,lei_declared,True,False,1
39ff35a809,ES,none,False,False,0
40f8c98eba,ES,lei_declared,True,False,1
8d4cbe8eeb,ES,lei_declared,True,False,1
4a1ff5a00d,ES,lei_declared,True,False,1
a5b007834c,ES,lei_declared,True,False,1
8096f11097,ES,lei_declared,True,False,1
3afec72efa,ES,lei_declared,True,False,1
3254e759f5,ES,none,False,False,0
c0d29e664f,ES,none,False,False,0
ef4967d6e8,ES,none,False,False,0
e04a11f897,ES,lei_declared,True,False,1
1bb54486c4,ES,none,False,False,0
2d3b360106,ES,lei_declared,True,False,1
a83818924a,ES,lei_declared,True,False,1
6cf44093be,ES,none,False,False,0
098d37349a,ES,none,False,False,0
6214c918f0,ES,none,False,False,0
9665c62d17,ES,lei_declared,True,False,1
a9b3bfea84,ES,none,False,False,0
ff7dfdecbc,ES,none,False,False,0
af2cad9c97,ES,lei_declared,True,False,1
2310f01087,ES,none,False,False,0
28d3e188c6,ES,none,False,False,0
7faf2d9932,ES,lei_declared,True,False,1
b02004b4fc,ES,none,False,False,0
40c3e758ca,ES,none,False,False,0
6b68c21cd3,ES,none,False,False,0
2f42078f39,ES,lei_declared,True,False,1
81c29aec78,ES,lei_declared,True,False,1
b9f8928d8e,ES,none,False,False,0
f02a26d8d5,ES,lei_declared,True,False,1
55de191c80,ES,none,False,False,0
1c884b2e68,ES,none,False,False,0
35f35d3b05,ES,none,False,False,0
fd0f151c24,ES,lei_declared,True,False,1
b562a95223,ES,none,False,False,0
a867d0caa6,ES,none,False,False,0
5dc9df0386,ES,none,False,False,0
a36811d40a,ES,lei_declared,True,False,1
267a5163b8,ES,lei_declared,True,False,1
fca7eaf5f0,ES,lei_declared,True,False,1
7f934afda9,ES,none,False,False,0
eda201aaad,ES,none,False,False,0
86c4cab754,ES,none,False,False,0
f9876752c3,ES,lei_declared,True,False,1
21e92eeca0,ES,lei_declared,True,False,1
27ed4f1f72,ES,lei_declared,True,False,1
34c614e979,ES,none,False,False,0
ba9d07fe25,ES,none,False,False,0
3846bc9e55,ES,none,False,False,0
a6cd58aa31,ES,none,False,False,0
4365965025,ES,lei_declared,True,False,1
f85a9c4091,ES,lei_declared,True,False,1
aea35af427,ES,none,False,False,0
12704e2774,ES,none,False,False,0
7b9281dbb9,ES,lei_declared,True,False,1
7b2a4bf8b3,ES,none,False,False,0
f2e6800814,ES,none,False,False,0
788452e8a3,ES,none,False,False,0
55f2839593,ES,lei_declared,True,False,1
9506e89bad,ES,none,False,False,0
b9569c3037,ES,none,False,False,0
f01c6f9a9e,ES,none,False,False,0
16ba7c7cba,ES,none,False,False,0
e3fc70e7b9,ES,register_qualified,True,False,1
a95405e941,ES,lei_declared,True,False,1
415d023c00,ES,none,False,False,0
8b0eb1d1f0,ES,lei_declared,True,False,1
6ba44ddb4e,ES,lei_declared,True,False,1
e8779310b8,ES,none,False,False,0
53b03f8156,ES,none,False,False,0
c47a1697d9,ES,none,False,False,0
eeeb5c85c0,ES,none,False,False,0
7d5b7ed7e9,ES,none,False,False,0
0679c4aab2,ES,register_qualified,True,False,1
2983c6b640,ES,none,False,False,0
70b7dc1585,ES,none,False,False,0
39ab96097f,ES,register_qualified,True,False,1
38118eeafb,ES,none,False,False,0
736275320b,ES,lei_declared,True,False,1
c4a15fc381,ES,none,False,False,0
23e86e1a39,ES,none,False,False,0
e770e11fc0,ES,none,False,False,0
7d7043107b,ES,none,False,False,0
27772c178e,ES,lei_declared,True,False,1
40d9457bea,ES,none,False,False,0
e43b143730,ES,none,False,False,0
45d2833693,ES,none,False,False,0
65b911da99,ES,none,False,False,0
bf4bad1704,ES,lei_declared,True,False,1
5c5d5177d7,ES,none,False,False,0
f85a94dd3f,ES,none,False,False,0
52e551a580,ES,none,False,False,0
95bd06d25f,ES,none,False,False,0
164d6dcd18,ES,none,False,False,0
4a8922806f,ES,none,False,False,0
d11fb54d39,ES,none,False,False,0
bc55e7c663,ES,lei_declared,True,False,1
6be7b70078,ES,register_qualified,True,False,1
99e55514d7,ES,none,False,False,0
54ef5e28bd,ES,none,False,False,0
16989493c3,ES,none,False,False,0
2fcfd7f07c,ES,none,False,False,0
e2d51e7f6e,ES,register_qualified,True,False,1
0d0a903ce6,ES,none,False,False,0
943786aad1,ES,none,False,False,0
0ba4c1c67e,ES,none,False,False,0
b54804ff7d,ES,none,False,False,0
a13666e86c,ES,none,False,False,0
f45de60cf7,ES,none,False,False,0
c3d84a7376,ES,none,False,False,0
817e848b3b,ES,lei_declared,True,False,1
be814b5b5a,ES,none,False,False,0
a02a7a2b14,ES,none,False,False,0
328332dd91,ES,lei_declared,True,False,1
36dbc07846,ES,none,False,False,0
faac31f55f,ES,lei_declared,True,False,1
017ce96ad5,ES,none,False,False,0
74e69cf818,ES,none,False,False,0
0e31cde9e5,ES,lei_declared,True,False,1
c9ca6ffea9,ES,lei_declared,True,False,1
95ecb64e56,ES,lei_declared,True,False,1
7130351185,ES,lei_declared,True,False,1
a590a3a482,ES,lei_declared,True,False,1
f66d54e207,ES,none,False,False,0
4dd5daea5f,ES,none,False,False,0
0872804a61,ES,none,False,False,0
75e444732f,ES,none,False,False,0
6054ca9071,ES,none,False,False,0
a05a7567c4,ES,none,False,False,0
882daf50bd,ES,none,False,False,0
2a2c95063b,ES,none,False,False,0
a454f7c08f,ES,none,False,False,0
3a32e99cf5,ES,lei_declared,True,False,1
c281b10e6a,ES,none,False,False,0
224f84789d,ES,none,False,False,0
ca1eff5c14,ES,none,False,False,0
536c6ac269,ES,lei_declared,True,False,1
ee922d6979,ES,none,False,False,0
f4c474fad2,ES,register_qualified,True,False,1
41b9206945,ES,none,False,False,0
82cde0d8a4,ES,none,False,False,0
e3aa036fb0,ES,none,False,False,0
d1561eefec,ES,lei_declared,True,False,1
ff51b81029,ES,none,False,False,0
9e9d01f494,ES,none,False,False,0
293bd7893b,ES,none,False,False,0
795f2303cc,ES,none,False,False,0
9ab31b072f,ES,none,False,False,0
ff0c1314fe,ES,lei_declared,True,False,1
8285821368,ES,lei_declared,True,False,1
b6f94c31b4,ES,lei_declared,True,False,1
2f8e0a82cf,ES,none,False,False,0
43020c8941,ES,lei_declared,True,False,1
c9c3f6980e,ES,none,False,False,0
e661be4e14,ES,none,False,False,0
147cf52d2f,ES,lei_declared,True,False,1
243793017d,ES,none,False,False,0
7f6fa80a82,ES,none,False,False,0
dc0d27359a,ES,none,False,False,0
e44617cbbd,ES,none,False,False,0
227d5f4e14,ES,none,False,False,0
5db818bb07,ES,none,False,False,0
1e937f076f,ES,lei_declared,True,False,1
14db3b80f1,ES,none,False,False,0
ed56daf492,ES,none,False,False,0
bc30f66a76,ES,register_qualified,True,False,1
80d7d2bb1b,ES,none,False,False,0
5bb46cae84,ES,lei_declared,True,False,1
4f0450c096,ES,none,False,False,0
49b9f04b84,ES,register_qualified,True,False,1
cf6d623aea,ES,lei_declared,True,False,1
370e5a3863,ES,none,False,False,0
0d07097bc8,ES,none,False,False,0
a365c509c3,ES,none,False,False,0
dc26b6e498,ES,lei_declared,True,False,1
f6003aa05f,ES,none,False,False,0
d1f2c13726,ES,lei_declared,True,False,1
c82bd8aaa8,ES,none,False,False,0
8398ce2582,ES,none,False,False,0
e28681b038,ES,none,False,False,0
a11bb52f94,ES,lei_declared,True,False,1
0a6af406d5,ES,lei_declared,True,False,1
d395964531,ES,none,False,False,0
f446a5162a,ES,none,False,False,0
748df0de31,ES,none,False,False,0
f45331dbf5,ES,none,False,False,0
e0b0886d31,ES,lei_declared,True,False,1
93d7c2b0d5,ES,lei_declared,True,False,1
b66327b150,ES,none,False,False,0
7c5a7b60ee,ES,lei_declared,True,False,1
6b1b0ef29c,ES,none,False,False,0
8cd4c157d5,ES,none,False,False,0
09af0295c0,ES,none,False,False,0
30fafcd1b2,ES,lei_declared,True,False,1
e75e036668,ES,none,False,False,0
e50a9bf879,ES,none,False,False,0
9f96181bed,ES,none,False,False,0
8947f8bb8f,ES,none,False,False,0
0fffcde2b7,ES,none,False,False,0
b5f0a40a0b,ES,none,False,False,0
d149768d8e,ES,none,False,False,0
0e2e57d4a4,ES,lei_declared,True,False,1
c032452779,ES,none,False,False,0
0f22b0bec0,ES,none,False,False,0
91a506710d,ES,none,False,False,0
ec55e85dc7,ES,none,False,False,0
474554f0f5,ES,none,False,False,0
1354e5545e,ES,none,False,False,0
6a172dfed8,ES,none,False,False,0
a114b6fb10,ES,lei_declared,True,False,1
afb0c361a0,ES,lei_declared,True,False,1
839314a9d2,ES,none,False,False,0
973f8478c5,ES,none,False,False,0
a5236b7032,ES,lei_declared,True,False,1
3a8a3df36f,ES,lei_declared,True,False,1
451e1bfa80,ES,none,False,False,0
7e33fa23d4,ES,lei_declared,True,False,1
cbe6518402,ES,none,False,False,0
21eeca4da8,ES,none,False,False,0
a93148c7c3,ES,lei_declared,True,False,1
bdf7c7e47b,ES,none,False,False,0
4c06c9f203,ES,lei_declared,True,False,1
1822486959,ES,none,False,False,0
ee9f0b06d2,ES,none,False,False,0
7b8909671b,ES,none,False,False,0
29de8883bc,ES,none,False,False,0
70e39f32bf,ES,none,False,False,0
e0b7a1a006,ES,none,False,False,0
f02b1a955e,ES,none,False,False,0
db8dbeddc9,ES,lei_declared,True,False,1
ba637e6dbf,ES,none,False,False,0
0276b61df3,ES,none,False,False,0
ac470d32cd,ES,none,False,False,0
06457ca7eb,ES,none,False,False,0
96980858b9,ES,none,False,False,0
53334d59b4,ES,none,False,False,0
a6119a4f75,ES,none,False,False,0
776b646d5e,ES,none,False,False,0
00c0717abc,ES,none,False,False,0
d969dfd820,ES,none,False,False,0
4a6156ccf6,ES,none,False,False,0
9e69089fbf,ES,none,False,False,0
cad9fd96d9,ES,lei_declared,True,False,1
dd3a084b89,ES,none,False,False,0
d0b15d897f,ES,lei_declared,True,False,1
f29268ca62,ES,none,False,False,0
225916d534,ES,none,False,False,0
30a2c5527a,ES,none,False,False,0
9a3ecb188f,ES,none,False,False,0
79a5d3f2ee,ES,none,False,False,0
0cff8d47b9,ES,lei_declared,True,False,1
ed9590f099,ES,none,False,False,0
cd653bf0a5,ES,none,False,False,0
4b0c83eb95,ES,none,False,False,0
a869e04134,ES,lei_declared,True,False,1
fc6b421cd6,ES,lei_declared,True,False,1
cea35cab8d,ES,register_qualified,True,False,1
b3aa0e6475,ES,lei_declared,True,False,1
15a0c6ab9d,ES,none,False,False,0
407e6c8aef,ES,lei_declared,True,False,1
d6cd0b36a3,ES,lei_declared,True,False,1
a548684f5a,ES,none,False,False,0
5093a0aea1,ES,none,False,False,0
4489731d7e,ES,none,False,False,0
48970a28a3,ES,lei_declared,True,False,1
db308e3ea7,ES,lei_declared,True,False,1
b3266418b3,ES,lei_declared,True,False,1
335e1704c2,ES,none,False,False,0
36053143e5,ES,none,False,False,0
8e897b47ad,ES,lei_declared,True,False,1
3c04e45600,ES,none,False,False,0
ca293fad89,ES,none,False,False,0
119e214073,ES,none,False,False,0
cbbb0e55c6,ES,none,False,False,0
f238884b65,ES,lei_declared,True,False,1
36daa74713,ES,none,False,False,0
859a016833,ES,lei_declared,True,False,1
336703d082,ES,lei_declared,True,False,1
689e9a3752,ES,none,False,False,0
ed3ea42560,ES,none,False,False,0
844f62b39b,ES,lei_declared,True,False,1
e629442f29,ES,none,False,False,0
b16923a72b,ES,none,False,False,0
f4e2107861,ES,none,False,False,0
cea75f23c6,ES,none,False,False,0
90349c9eba,ES,none,False,False,0
5e240da682,ES,none,False,False,0
0c62644b96,ES,lei_declared,True,False,1
352b6002c0,ES,lei_declared,True,False,1
a41061f843,ES,lei_declared,True,False,1
d2608fbb61,ES,none,False,False,0
aa75db5ced,ES,none,False,False,0
f7e402da04,ES,none,False,False,0
0fb12d3e45,ES,none,False,False,0
702ea066f1,ES,none,False,False,0
0abfe8c2a4,ES,register_qualified,True,False,1
ec309f59ae,ES,none,False,False,0
8609eaf2ed,ES,none,False,False,0
7d2ab8043d,ES,none,False,False,0
4571c929ce,ES,none,False,False,0
5f155e8fcd,ES,lei_declared,True,False,1
ae984a2f94,ES,none,False,False,0
4a39fdbd28,ES,none,False,False,0
92b5e82b78,ES,lei_declared,True,False,1
14dbeaef53,ES,none,False,False,0
75dca49b49,ES,none,False,False,0
f472b2e9d1,ES,none,False,False,0
08eb247614,ES,lei_declared,True,False,1
39a8cef919,ES,lei_declared,True,False,1
41f52c629b,ES,none,False,False,0
49a2878652,ES,none,False,False,0
6a93350c89,ES,none,False,False,0
cdd06415d2,ES,none,False,False,0
ea5c855c2f,ES,lei_declared,True,False,1
25a4b7ac5f,ES,lei_declared,True,False,1
7da9404cf1,ES,none,False,False,0
6d08e8a0fa,ES,lei_declared,True,False,1
43dd2cd8b6,ES,lei_declared,True,False,1
cf41f04932,ES,none,False,False,0
cd70c5f8c4,ES,none,False,False,0
69b851cb7d,ES,none,False,False,0
da07a8e36f,ES,none,False,False,0
0a0c85c15f,ES,lei_declared,True,False,1
e6156b2d9b,ES,lei_declared,True,False,1
4b1b952c53,ES,none,False,False,0
f8e22b72c2,ES,none,False,False,0
43d16c934e,ES,lei_declared,True,False,1
edc74b137a,ES,none,False,False,0
353d1b9682,ES,none,False,False,0
5171270245,ES,none,False,False,0
f94cdb55d1,ES,lei_declared,True,False,1
a10fd31d56,ES,lei_declared,True,False,1
eba96bfdbf,ES,lei_declared,True,False,1
6f819e8c30,ES,lei_declared,True,False,1
20ce701a77,ES,none,False,False,0
4363399d6b,ES,lei_declared,True,False,1
abba724ff3,ES,lei_declared,True,False,1
5e61e144b9,ES,lei_declared,True,False,1
34f38a71b0,ES,lei_declared,True,False,1
fde5dab234,ES,none,False,False,0
8a7d51d38a,ES,lei_declared,True,False,1
3355e76c32,ES,lei_declared,True,False,1
b9884719f2,ES,none,False,False,0
5ccfde665b,ES,none,False,False,0
03a4f21ea4,ES,none,False,False,0
271586cb37,ES,none,False,False,0
1d988caaef,ES,lei_declared,True,False,1
015767cff4,ES,lei_declared,True,False,1
f131a75b04,ES,none,False,False,0
326287b0af,ES,none,False,False,0
ecf81fbe60,ES,none,False,False,0
c702bd33e7,ES,none,False,False,0
29633943d8,ES,none,False,False,0
517f570d10,ES,lei_declared,True,False,1
722575ff75,ES,lei_declared,True,False,1
0ae33f08d2,ES,none,False,False,0
2c3e57e5ae,ES,none,False,False,0
dc48f8ee03,ES,none,False,False,0
ee290e0577,ES,none,False,False,0
9db687dcd9,ES,none,False,False,0
390fc85e44,ES,none,False,False,0
a1472e9df8,ES,none,False,False,0
fbaba50beb,ES,lei_declared,True,False,1
d267505352,ES,none,False,False,0
d495b6cc10,ES,none,False,False,0
3e20256fee,ES,lei_declared,True,False,1
f845895b2b,ES,none,False,False,0
3edee24370,ES,none,False,False,0
9b9f4bc630,ES,register_qualified,True,False,1
ee59f8b95f,ES,lei_declared,True,False,1
48895ba7f5,ES,lei_declared,True,False,1
f4f0ee4ea6,ES,none,False,False,0
198fce3aa6,ES,register_qualified,True,False,1
8e5f1de0db,ES,none,False,False,0
40c8698633,ES,none,False,False,0
f927575b4c,ES,lei_declared,True,False,1
cd14f991bf,ES,lei_declared,True,False,1
874fa9a5b9,ES,lei_declared,True,False,1
839dd846a6,ES,lei_declared,True,False,1
abba502b7b,ES,none,False,False,0
b1ae898e39,ES,none,False,False,0
dc73ba9615,ES,none,False,False,0
c1af8002c9,ES,none,False,False,0
73776efbfb,ES,none,False,False,0
203dd652dc,ES,none,False,False,0
292f5015ad,ES,none,False,False,0
6f0b5f074f,ES,register_qualified,True,False,1
c2b5f88371,ES,none,False,False,0
8a45865c27,ES,none,False,False,0
8a7d8e9009,ES,lei_declared,True,False,1
59122799ce,ES,none,False,False,0
007cd1b0c3,ES,none,False,False,0
a8358d6cc6,ES,none,False,False,0
e1412ea3dc,ES,none,False,False,0
11b1107dc7,ES,none,False,False,0
3c52cb0ce8,ES,none,False,False,0
9da4adce10,ES,none,False,False,0
7b949e7244,ES,none,False,False,0
f5e9cc158a,ES,register_qualified,True,False,1
a8a1894512,ES,none,False,False,0
aa6c82ab5a,ES,none,False,False,0
3339da4292,ES,none,False,False,0
70cd223ac6,ES,none,False,False,0
9fea5a7e24,ES,none,False,False,0
dfa3666c37,ES,lei_declared,True,False,1
11d78f2db5,ES,lei_declared,True,False,1
4579a53f97,ES,lei_declared,True,False,1
5fd86931aa,ES,none,False,False,0
2139391cd9,ES,lei_declared,True,False,1
6be45560b6,ES,none,False,False,0
6b81b12e93,ES,none,False,False,0
0ecf2afced,ES,none,False,False,0
97cb8df6d5,ES,none,False,False,0
4aefe99c26,ES,none,False,False,0
b797be2edf,ES,none,False,False,0
e282116b34,ES,lei_declared,True,False,1
d1c543e153,ES,none,False,False,0
4b24e51519,ES,none,False,False,0
a273104850,ES,none,False,False,0
fc0935d67f,ES,none,False,False,0
366ffcdf74,ES,none,False,False,0
255588f168,ES,none,False,False,0
46436fff8a,ES,none,False,False,0
5350f95487,ES,none,False,False,0
4dbde2e167,ES,none,False,False,0
b62e8c2ebd,ES,none,False,False,0
d070697824,ES,none,False,False,0
c965839fd9,ES,lei_declared,True,False,1
c79b42040c,ES,none,False,False,0
9776fa9f9b,ES,none,False,False,0
f60f20416d,ES,none,False,False,0
acce51c006,ES,lei_declared,True,False,1
a1998ac5b0,ES,lei_declared,True,False,1
957e35c663,ES,none,False,False,0
b8fcb020cc,ES,lei_declared,True,False,1
2b9539595d,ES,lei_declared,True,False,1
e485bfe409,ES,none,False,False,0
c78f27fa02,ES,register_qualified,True,False,1
7e6d36e67a,ES,lei_declared,True,False,1
9730465627,ES,lei_declared,True,False,1
0ba7eb72fc,ES,lei_declared,True,False,1
ab1f741936,ES,none,False,False,0
da2ecdb1a7,ES,none,False,False,0
46f9591423,ES,register_qualified,True,False,1
3c448428af,ES,none,False,False,0
63a8552562,ES,lei_declared,True,False,1
4dba67cd1d,ES,none,False,False,0
bc7df94739,ES,none,False,False,0
922077489c,ES,lei_declared,True,False,1
60738988a1,ES,none,False,False,0
d5630eee78,ES,lei_declared,True,False,1
2133a4f1d1,ES,none,False,False,0
47d8f65546,ES,none,False,False,0
f10edcb423,ES,lei_declared,True,False,1
da5019ea67,ES,none,False,False,0
61e7791f8c,ES,lei_declared,True,False,1
f07a3ae9a6,ES,lei_declared,True,False,1
c55361d31c,ES,none,False,False,0
78dae84ba5,ES,none,False,False,0
3d04048fb1,ES,none,False,False,0
41a55a737e,ES,register_qualified,True,False,1
9d480236a3,ES,none,False,False,0
0a6a49ca16,ES,lei_declared,True,False,1
962752541d,ES,none,False,False,0
b29405b5b6,ES,none,False,False,0
4dcf2bc889,ES,register_qualified,True,False,1
ae90ac44d4,ES,none,False,False,0
9ae72e8628,ES,lei_declared,True,False,1
4ce9577665,ES,register_qualified,True,False,1
f00be130ab,ES,none,False,False,0
d345c77261,ES,lei_declared,True,False,1
f2f1925abc,ES,none,False,False,0
709368c4d5,ES,none,False,False,0
d7e48335d0,ES,none,False,False,0
878d64e05e,ES,lei_declared,True,False,1
36481575f0,ES,register_qualified,True,False,1
91bf5b2d6e,ES,none,False,False,0
5566d9e2af,ES,none,False,False,0
b6b22c3bf3,ES,none,False,False,0
967f61d5c2,ES,lei_declared,True,False,1
bcb2145aa2,ES,none,False,False,0
d5643cd289,ES,none,False,False,0
ab857d00ef,ES,none,False,False,0
8dbc475a83,ES,lei_declared,True,False,1
1bff9fc385,ES,none,False,False,0
a18ae18af5,ES,none,False,False,0
8572ced1ee,ES,lei_declared,True,False,1
7ec2739d97,ES,lei_declared,True,False,1
5de97655f6,ES,lei_declared,True,False,1
3e4178365b,ES,lei_declared,True,False,1
80765790be,ES,lei_declared,True,False,1
f6d62feef1,ES,lei_declared,True,False,1
1dd2f43c60,ES,none,False,False,0
c40bcf7ce4,ES,none,False,False,0
d442e7f11e,ES,none,False,False,0
047aa6cecc,ES,none,False,False,0
2e365aa7c1,ES,none,False,False,0
7e16b69a52,ES,none,False,False,0
e39796b460,ES,lei_declared,True,False,1
bd9c3ca1c0,ES,none,False,False,0
43b8b9bb3a,ES,none,False,False,0
1084eedf55,ES,none,False,False,0
bef7337769,ES,lei_declared,True,False,1
0ecbe5df84,ES,lei_declared,True,False,1
470257d12f,ES,none,False,False,0
c70b5bcc52,ES,none,False,False,0
49493831e7,ES,lei_declared,True,False,1
87c21148ae,ES,none,False,False,0
56dbc55220,ES,lei_declared,True,False,1
8f1847c861,ES,none,False,False,0
8912ce595f,ES,none,False,False,0
c1c4a0d286,ES,none,False,False,0
991a026098,ES,none,False,False,0
3a47c16b9a,ES,none,False,False,0
f2855a0146,ES,lei_declared,True,False,1
7089e14b83,ES,none,False,False,0
e5be3f45ff,ES,none,False,False,0
68c50beb8b,ES,none,False,False,0
6b1864a559,ES,none,False,False,0
3f9bcdd9ca,ES,none,False,False,0
35b3546775,ES,none,False,False,0
f1f2490335,ES,none,False,False,0
96408b61ce,ES,none,False,False,0
08872179d0,ES,lei_declared,True,False,1
e5328aacc7,ES,lei_declared,True,False,1
b8a18f3261,ES,none,False,False,0
0b77c08225,ES,register_qualified,True,False,1
efdb198118,ES,lei_declared,True,False,1
20a3f6ba9c,ES,lei_declared,True,False,1
b35bfd417e,ES,none,False,False,0
e60030007a,ES,none,False,False,0
8a532217f6,ES,none,False,False,0
f290037230,ES,none,False,False,0
02eee343d5,ES,lei_declared,True,False,1
0b7581e9fc,ES,lei_declared,True,False,1
c596e1243c,ES,none,False,False,0
c1db8b1d01,ES,none,False,False,0
20ffb82d6a,ES,none,False,False,0
fddca277d2,ES,lei_declared,True,False,1
a40a29a141,ES,none,False,False,0
fb1915d028,ES,lei_declared,True,False,1
5ad5add457,ES,lei_declared,True,False,1
9129d88e43,ES,none,False,False,0
b28d12798e,ES,none,False,False,0
aac0598441,ES,lei_declared,True,False,1
8156f1ce9b,ES,none,False,False,0
c651d4e0f4,ES,lei_declared,True,False,1
cc89381ff3,ES,lei_declared,True,False,1
d5f584bc0d,ES,none,False,False,0
10dc966abc,ES,lei_declared,True,False,1
3b727d0369,ES,lei_declared,True,False,1
40ae7f56ac,ES,none,False,False,0
503e4c8c39,ES,none,False,False,0
3f57ef6378,ES,register_qualified,True,False,1
7712edea8e,ES,lei_declared,True,False,1
7488cd9b5d,ES,register_qualified,True,True,2
a374841270,ES,none,False,False,0
6148cc600d,ES,lei_declared,True,False,1
d086d34e12,ES,lei_declared,True,False,1
678666c30b,ES,none,False,False,0
e84bc468ac,ES,lei_declared,True,False,1
145c16a191,ES,lei_declared,True,False,1
395b8b81e6,ES,lei_declared,True,False,1
5c3c7022d2,ES,lei_declared,True,False,1
53ee749886,ES,none,False,False,0
6285a96279,ES,lei_declared,True,False,1
5b4be9fc9c,ES,lei_declared,True,False,1
97f375dc97,ES,lei_declared,True,False,1
8cc932254f,ES,none,False,False,0
7fe98109f9,ES,lei_declared,True,False,1
643df9685d,ES,register_qualified,True,False,1
26763a5a08,ES,none,False,False,0
a78137648b,ES,none,False,False,0
01f36cf21e,ES,none,False,False,0
682965a80c,ES,none,False,False,0
1ff56659e3,ES,lei_declared,True,False,1
8c3fecefd5,ES,none,False,False,0
e937759edd,ES,lei_declared,True,False,1
26b8df9685,ES,lei_declared,True,False,1
5372308cdd,ES,lei_declared,True,False,1
9432c0a996,ES,lei_declared,True,False,1
2deda354d7,ES,lei_declared,True,False,1
246f1fcbce,ES,lei_declared,True,False,1
dd0ab0e5ee,ES,lei_declared,True,False,1
7aa713673c,ES,none,False,False,0
f9375a2b64,ES,none,False,False,0
02951491f9,ES,none,False,False,0
11912752f8,ES,none,False,False,0
cffe458c02,ES,lei_declared,True,False,1
ced6cd15cf,ES,none,False,False,0
b962882fee,ES,none,False,False,0
cfa830a37f,ES,none,False,False,0
f93ff1f198,ES,none,False,False,0
468e5529b5,ES,lei_declared,True,False,1
2fa4414f79,ES,none,False,False,0
507198922b,ES,lei_declared,True,False,1
d28993b49b,ES,lei_declared,True,False,1
324e4d1925,ES,none,False,False,0
e3f4017740,ES,none,False,False,0
1125ed0940,ES,none,False,False,0
ecda020342,ES,none,False,False,0
a088ed28bd,ES,lei_declared,True,False,1
2e990bc6f7,ES,lei_declared,True,False,1
76ff546296,ES,lei_declared,True,False,1
d7beee0fa6,ES,lei_declared,True,False,1
ed0ada68f2,ES,register_qualified,True,False,1
29c1dadf66,ES,none,False,False,0
a0abce4df6,ES,none,False,False,0
f4c2cbdb0d,ES,none,False,False,0
64827bd23c,ES,lei_declared,True,False,1
117dd8b18d,ES,none,False,False,0
ca901de7b4,ES,none,False,False,0
427f62f406,ES,none,False,False,0
8337d20fd2,ES,lei_declared,True,False,1
b08bb33dac,ES,register_qualified,True,False,1
db804ed157,ES,lei_declared,True,False,1
072fa54928,ES,lei_declared,True,False,1
a21235154b,ES,none,False,False,0
e1d1f8cd12,ES,lei_declared,True,False,1
1b29c009b1,ES,none,False,False,0
2c449f0cdd,ES,lei_declared,True,False,1
f7374183ed,ES,none,False,False,0
d83b77e97b,ES,none,False,False,0
92edbd077a,ES,lei_declared,True,False,1
5d8d23ce6b,ES,none,False,False,0
054701f8b2,ES,lei_declared,True,False,1
ad786db2c5,ES,none,False,False,0
001630f7c1,ES,none,False,False,0
b2c6fb1d79,ES,none,False,False,0
5bfa44fe19,ES,lei_declared,True,False,1
a5793cb2f1,ES,lei_declared,True,False,1
1f01502e44,ES,none,False,False,0
dd3c842c5a,ES,none,False,False,0
d60cf654d4,ES,none,False,False,0
cba5684ea4,ES,none,False,False,0
d52bf0ea90,ES,none,False,False,0
c1e20a9feb,ES,none,False,False,0
1b02b17f7d,ES,none,False,False,0
43eeaa6ac3,ES,none,False,False,0
60da613f2a,ES,none,False,False,0
e3bab857b5,ES,none,False,False,0
0106355aca,ES,none,False,False,0
898fcd60f4,ES,none,False,False,0
594f1f265b,ES,lei_declared,True,False,1
2027f1b188,ES,none,False,False,0
f89bbac3cd,ES,lei_declared,True,False,1
0632305da9,ES,none,False,False,0
71f28a9db1,ES,lei_declared,True,False,1
0ef2c0efaa,ES,lei_declared,True,False,1
5ee9497c6e,ES,none,False,False,0
e3e7464307,ES,none,False,False,0
beac818b82,ES,lei_declared,True,False,1
7c5918ca87,ES,none,False,False,0
972c8b3fb3,ES,none,False,False,0
3679d803ca,ES,none,False,False,0
482c7f4399,ES,none,False,False,0
d6c27cfb14,ES,none,False,False,0
2da343e07a,ES,none,False,False,0
8db14a8911,ES,none,False,False,0
9af4aef712,ES,none,False,False,0
e7c33b8704,ES,none,False,False,0
5d8938cf29,ES,none,False,False,0
d060ee6ad4,ES,none,False,False,0
ea720fb61a,ES,none,False,False,0
579989bdcb,ES,none,False,False,0
7d7cc9025c,ES,none,False,False,0
c918a232f1,ES,none,False,False,0
97f45d402e,ES,none,False,False,0
c54289b485,ES,lei_declared,True,False,1
01f1254301,ES,none,False,False,0
72ee21087f,ES,none,False,False,0
c469d935fa,ES,none,False,False,0
9f941b5378,ES,lei_declared,True,False,1
310835bc05,ES,none,False,False,0
dd95ad51a6,ES,lei_declared,True,False,1
a457641afa,ES,none,False,False,0
cbb96ca496,ES,lei_declared,True,False,1
a4375b96f1,ES,lei_declared,True,False,1
9184e596d0,ES,none,False,False,0
83a0408160,ES,lei_declared,True,False,1
e8bbdff1e2,ES,none,False,False,0
7261692b42,ES,none,False,False,0
14e9c087a7,ES,none,False,False,0
fe562fb83e,ES,none,False,False,0
2b1502c8e8,ES,none,False,False,0
00126b543f,ES,lei_declared,True,False,1
bd26adb5f3,ES,none,False,False,0
8072a5e2bf,ES,none,False,False,0
275c3a7c35,ES,none,False,False,0
8a616530ed,ES,none,False,False,0
23e6c92ae9,ES,none,False,False,0
edc7ebaa4b,ES,none,False,False,0
128faf85c8,ES,none,False,False,0
4041cde111,ES,none,False,False,0
8cbb17b7e7,ES,none,False,False,0
93842ab93e,ES,none,False,False,0
f0ac804229,ES,none,False,False,0
c8c8318159,ES,none,False,False,0
3555b64f3e,ES,none,False,False,0
9b309da961,ES,none,False,False,0
6c9a01a4c6,ES,none,False,False,0
d451fff30e,ES,none,False,False,0
6a5d698a81,ES,none,False,False,0
edd318bb32,ES,none,False,False,0
fc9fe3b9e7,ES,none,False,False,0
a5d6929125,ES,none,False,False,0
cf4b8e1e54,ES,none,False,False,0
51f9abe4cf,ES,none,False,False,0
66a1e3fffa,ES,none,False,False,0
fb8b2a225c,ES,none,False,False,0
095c87d31a,ES,none,False,False,0
148f87a168,ES,none,False,False,0
7e479d8109,ES,none,False,False,0
9e97eb55b9,ES,lei_declared,True,False,1
baf6771f8f,ES,lei_declared,True,False,1
1ccc289214,ES,none,False,False,0
1beb55870e,ES,none,False,False,0
a964e1ecb3,ES,none,False,False,0
a8a3666208,ES,none,False,False,0
b8de173184,ES,lei_declared,True,False,1
8dce5b3ec3,ES,lei_declared,True,False,1
69e4d9f76d,ES,lei_declared,True,False,1
92cdac2f91,ES,none,False,False,0
e1f440dc02,ES,none,False,False,0
d0049ab94c,ES,none,False,False,0
08fff7fc83,ES,none,False,False,0
a8ae689f54,ES,none,False,False,0
d7b1e4ddce,ES,none,False,False,0
c2fa1a75a9,ES,none,False,False,0
984490bde5,ES,none,False,False,0
812c22c63f,ES,none,False,False,0
7b0c60ac84,ES,lei_declared,True,False,1
c9b9ade346,ES,none,False,False,0
97b8fb1e40,ES,none,False,False,0
0d47ff29f4,ES,none,False,False,0
01fe9e1d15,ES,none,False,False,0
6584d745a9,ES,lei_declared,True,False,1
552e56a0cc,ES,register_qualified,True,False,1
b1921baca9,ES,lei_declared,True,False,1
e28b5c3e2c,ES,none,False,False,0
66148c87fd,ES,none,False,False,0
9d4962efb5,ES,register_qualified,True,False,1
24fd9414ba,ES,lei_declared,True,False,1
454e8aae9a,ES,lei_declared,True,False,1
86ab71838f,ES,register_qualified,True,False,1
8b2a6c57c2,ES,none,False,False,0
1345c9afa8,ES,lei_declared,True,False,1
bcbac04889,ES,lei_declared,True,False,1
158c31dc12,ES,lei_declared,True,False,1
adea100c5c,ES,lei_declared,True,False,1
fc00aa71e9,ES,lei_declared,True,False,1
5d9e93bb12,ES,lei_declared,True,False,1
4e4debf5e2,ES,lei_declared,True,False,1
31b08bc6de,ES,lei_declared,True,False,1
7b86d6dc8c,ES,none,False,False,0
480a4cd5b5,ES,lei_declared,True,False,1
1d1e1151be,ES,lei_declared,True,False,1
f71b7fcfb2,ES,none,False,False,0
efffd7f3c6,ES,lei_declared,True,False,1
6d4983dafb,ES,none,False,False,0
a19ec07cf1,ES,none,False,False,0
f69c0a3b61,ES,lei_declared,True,False,1
5a63bb5bde,ES,none,False,False,0
d9cbf06718,ES,none,False,False,0
41a10cebec,ES,none,False,False,0
22a29eb507,ES,none,False,False,0
02a11c3344,ES,none,False,False,0
01f13550f9,ES,none,False,False,0
782a239817,ES,none,False,False,0
6f7e58280c,ES,none,False,False,0
0b0edb6a3b,ES,none,False,False,0
5e1fbaa411,ES,none,False,False,0
8e8f37b5ea,ES,none,False,False,0
513cef4cff,ES,none,False,False,0
5825cb33fb,ES,none,False,False,0
4c9556e309,ES,none,False,False,0
5417e52181,ES,none,False,False,0
29188b8e5e,ES,none,False,False,0
e08e0d01ff,ES,none,False,False,0
0187f436d6,ES,none,False,False,0
eaa34dd6c5,ES,none,False,False,0
a5c5b94311,ES,none,False,False,0
83009d8e25,ES,none,False,False,0
6527471695,ES,none,False,False,0
a2dae2e2c5,ES,none,False,False,0
ca722d5085,ES,none,False,False,0
38e82dd039,ES,none,False,False,0
2f4a8ad0c1,ES,none,False,False,0
c61fcc1705,ES,none,False,False,0
0227dba8ff,ES,none,False,False,0
3de0a1b692,ES,none,False,False,0
e053e3030f,ES,none,False,False,0
7b7cca7d7b,ES,none,False,False,0
f5f7d595de,ES,none,False,False,0
54b81d0feb,ES,none,False,False,0
8737193307,ES,none,False,False,0
dd6f369115,ES,none,False,False,0
48d787f04b,ES,none,False,False,0
a5fe469e95,ES,lei_declared,True,False,1
e9f2ede2c6,ES,none,False,False,0
34fefdfa58,ES,none,False,False,0
90858bdb3c,ES,none,False,False,0
191302d47d,ES,none,False,False,0
a82e816c67,ES,none,False,False,0
19126c4ca8,ES,none,False,False,0
9f1f69fa87,ES,none,False,False,0
f3bed4322a,ES,none,False,False,0
3ddafff2e1,ES,none,False,False,0
71c3c912ce,ES,lei_declared,True,False,1
caadeb222d,ES,none,False,False,0
558c5c68bf,ES,none,False,False,0
ba659ce298,ES,none,False,False,0
dbc68505b6,ES,lei_declared,True,False,1
ab32a15b00,ES,none,False,False,0
c33862e256,ES,lei_declared,True,False,1
88fef6710d,ES,none,False,False,0
6995451d55,ES,none,False,False,0
2cdb0738a6,ES,none,False,False,0
dbd8498e3b,ES,none,False,False,0
d73cdc2218,ES,lei_declared,True,False,1
470270dd6d,ES,lei_declared,True,False,1
a12d99915a,ES,lei_declared,True,False,1
2379288717,ES,none,False,False,0
cd843e4a5f,ES,none,False,False,0
17228bf020,ES,lei_declared,True,False,1
af177e9161,ES,none,False,False,0
ccb29432c1,ES,none,False,False,0
a3799bc738,ES,none,False,False,0
0500722cf1,ES,none,False,False,0
f4d0e4a69a,ES,none,False,False,0
54d1554651,ES,none,False,False,0
f27420bd1e,ES,none,False,False,0
de8b94030d,ES,none,False,False,0
d8c505bf74,ES,none,False,False,0
1bbd76866b,ES,none,False,False,0
8bbed85473,ES,none,False,False,0
1d8fa23641,ES,none,False,False,0
b127e7cc83,ES,none,False,False,0
236814275d,ES,none,False,False,0
313a58a96c,ES,none,False,False,0
0e7820eaf4,ES,lei_declared,True,False,1
316f9ac6de,ES,lei_declared,True,False,1
951e951286,ES,none,False,False,0
10c02e1485,ES,none,False,False,0
e9c3f18cdd,ES,none,False,False,0
4896604e8a,ES,none,False,False,0
33befac7fd,ES,register_qualified,True,False,1
f364975916,ES,lei_declared,True,False,1
a79b5996c9,ES,none,False,False,0
07e1d801d7,ES,none,False,False,0
1e50fe2eed,ES,none,False,False,0
8fbf439733,ES,none,False,False,0
c950009fcd,ES,lei_declared,True,False,1
04edc20ae5,ES,none,False,False,0
954e60ce65,ES,none,False,False,0
dfbf6182f3,ES,none,False,False,0
c54a962a58,ES,lei_declared,True,False,1
e0656a8312,ES,none,False,False,0
c6342c0e7c,ES,register_qualified,True,False,1
35aa5aa73a,ES,lei_declared,True,False,1
afd3e08b2f,ES,none,False,False,0
12128bb9a3,ES,lei_declared,True,False,1
02afb5836f,ES,none,False,False,0
2aa90a77db,ES,lei_declared,True,False,1
595dfc6e1b,ES,lei_declared,True,False,1
0921ba4bf7,ES,lei_declared,True,False,1
d7f184bb50,ES,none,False,False,0
c5c058dbe4,ES,none,False,False,0
17522e1d3a,ES,lei_declared,True,False,1
3baea76464,ES,none,False,False,0
1fb4b5125c,ES,none,False,False,0
7c422d013e,ES,none,False,False,0
63d50f2517,ES,lei_declared,True,False,1
3815ab3503,ES,none,False,False,0
b9e1a485df,ES,lei_declared,True,False,1
97614fd964,ES,none,False,False,0
b4cf33f2f9,ES,none,False,False,0
e57044005a,ES,none,False,False,0
b5da162483,ES,lei_declared,True,False,1
6d06289014,ES,lei_declared,True,False,1
2278bfd28d,ES,none,False,False,0
64242c7772,ES,lei_declared,True,False,1
290521363c,ES,none,False,False,0
19702014f9,ES,none,False,False,0
d1598faf7f,ES,none,False,False,0
374974e232,ES,none,False,False,0
e93bc0ca61,ES,none,False,False,0
d954f9323c,ES,none,False,False,0
a00c5028e5,ES,none,False,False,0
3bd098e9c6,ES,none,False,False,0
203fa09778,ES,lei_declared,True,False,1
42dd96a3f9,ES,none,False,False,0
000e9c84c8,ES,none,False,False,0
9bd5b76f58,ES,lei_declared,True,False,1
f3f090e23f,ES,none,False,False,0
fbcccf365c,ES,none,False,False,0
8e6894624a,ES,none,False,False,0
0c97fea311,ES,lei_declared,True,False,1
25600e3399,ES,lei_declared,True,False,1
64972e25e9,ES,none,False,False,0
09ffe05152,ES,none,False,False,0
99f4aa83b7,ES,none,False,False,0
7701e83c11,ES,none,False,False,0
24f204daed,ES,none,False,False,0
70b1a573ab,ES,lei_declared,True,False,1
70d88f950a,ES,lei_declared,True,False,1
078d460639,ES,lei_declared,True,False,1
1bb37b9cf0,ES,none,False,False,0
d1ff016a90,ES,none,False,False,0
8efa2f94ea,ES,register_qualified,True,False,1
c2e1e468fe,ES,none,False,False,0
4bc099bc06,ES,register_qualified,True,False,1
acbe238331,ES,none,False,False,0
124952a7ed,ES,none,False,False,0
f7b8567abc,ES,lei_declared,True,False,1
2b64620d88,ES,none,False,False,0
934c3f3382,ES,none,False,False,0
de55289b21,ES,none,False,False,0
870c8cf448,ES,none,False,False,0
574438cd0e,ES,none,False,False,0
80547066ea,ES,none,False,False,0
218030243a,ES,none,False,False,0
0aa34ba328,ES,none,False,False,0
8d57216489,ES,none,False,False,0
e3a5a39fa8,ES,none,False,False,0
981ae98309,ES,none,False,False,0
03ac88bdc5,ES,none,False,False,0
1e0848645d,ES,none,False,False,0
1b8c65880b,ES,none,False,False,0
61d955af0f,ES,none,False,False,0
1778985f6e,ES,lei_declared,True,False,1
f2a792df1e,ES,none,False,False,0
94f20c6f9d,ES,lei_declared,True,False,1
d6dc319e86,ES,none,False,False,0
1fb66160f2,ES,none,False,False,0
14dbc7e1e5,ES,lei_declared,True,False,1
814f09d7c7,ES,none,False,False,0
f9f5df5907,ES,lei_declared,True,False,1
d1512359a5,ES,none,False,False,0
5e50c583fc,ES,none,False,False,0
e7bd6e758a,ES,none,False,False,0
4f6c14e8ed,ES,none,False,False,0
edac3bd5fe,ES,lei_declared,True,False,1
7034d7dede,ES,none,False,False,0
fee04d264e,ES,none,False,False,0
e645671991,ES,none,False,False,0
e95d30818b,ES,register_qualified,True,False,1
9d554dcb9a,ES,none,False,False,0
c0e8fed520,ES,lei_declared,True,False,1
4bdb87302b,ES,none,False,False,0
90553dc4de,ES,lei_declared,True,False,1
6d575e891a,ES,none,False,False,0
a2b3e0f499,ES,lei_declared,True,False,1
bed62e9d80,ES,none,False,False,0
510d2d4632,ES,none,False,False,0
393be67a27,ES,none,False,False,0
35fb503a8f,ES,none,False,False,0
5a8d53045b,ES,none,False,False,0
0eb73521a3,ES,none,False,False,0
48194b4a3d,ES,none,False,False,0
ab4f5f7ca5,ES,none,False,False,0
fa0e350d40,ES,none,False,False,0
0b96976f3c,ES,lei_declared,True,False,1
c83f1cccea,ES,none,False,False,0
9ed2d0f04c,ES,register_qualified,True,False,1
baf29b3038,ES,none,False,False,0
c3f0b31bc0,ES,none,False,False,0
545e903357,ES,none,False,False,0
fc873c5c1e,ES,none,False,False,0
64ba96b09d,ES,lei_declared,True,False,1
0fb7e8ea31,ES,none,False,False,0
4b8f983fa4,ES,none,False,False,0
33b1a9516d,ES,none,False,False,0
bce6788f83,ES,none,False,False,0
eea79631f4,ES,none,False,False,0
7d658f55c1,ES,none,False,False,0
0a88a253b7,ES,none,False,False,0
76eacda6d9,ES,lei_declared,True,False,1
432cbd5030,ES,none,False,False,0
73fc5babe3,ES,none,False,False,0
cb23fd9781,ES,none,False,False,0
ac84080780,ES,none,False,False,0
0ea5f04faa,ES,none,False,False,0
986a4e73ed,ES,none,False,False,0
775aed28cb,ES,none,False,False,0
3645a8bee3,ES,none,False,False,0
1bdaea06a6,ES,lei_declared,True,False,1
1637c40587,ES,lei_declared,True,False,1
b0ce433e1e,ES,lei_declared,True,False,1
f21cb02ae4,ES,lei_declared,True,False,1
d8dc08831e,ES,lei_declared,True,False,1
8cd1437ae1,ES,none,False,False,0
e8fd9b9095,ES,none,False,False,0
41d8842384,ES,lei_declared,True,False,1
33b8df6de0,ES,none,False,False,0
7e62620eb3,ES,lei_declared,True,False,1
cbf7863e29,ES,lei_declared,True,False,1
33375660b7,ES,lei_declared,True,False,1
34649ef3bc,ES,none,False,False,0
bb3e980d6c,ES,none,False,False,0
25eb54785f,ES,none,False,False,0
c14cc5533e,ES,none,False,False,0
a421573bf9,ES,none,False,False,0
d7e23cb463,ES,none,False,False,0
e425fc4ef7,ES,register_qualified,True,False,1
97a4938302,ES,none,False,False,0
783b4802ec,ES,none,False,False,0
4482a12ce5,ES,none,False,False,0
da84ab4dca,ES,none,False,False,0
86babcf60f,ES,none,False,False,0
7a7d12f4fc,ES,none,False,False,0
b543d6beb4,ES,none,False,False,0
f5949d5dbf,ES,none,False,False,0
d51298d13c,ES,lei_declared,True,False,1
7602381046,ES,none,False,False,0
3b4fe28ecd,ES,none,False,False,0
4681847ac2,ES,none,False,False,0
eb9f340000,ES,lei_declared,True,False,1
169efa6e6a,ES,none,False,False,0
e6c0ee45fb,ES,none,False,False,0
3e5fa9e0a4,ES,register_qualified,True,False,1
a6b8cb871c,ES,lei_declared,True,False,1
e4ac1013d8,ES,none,False,False,0
16c3d7592b,ES,none,False,False,0
186b71fdac,ES,lei_declared,True,False,1
7fceebc4e9,ES,none,False,False,0
4d5f63d95e,ES,none,False,False,0
65e1f4b0b7,ES,none,False,False,0
28d60aecc3,ES,none,False,False,0
299a72a9bd,ES,none,False,False,0
786b8a9a01,ES,none,False,False,0
59603b829a,ES,none,False,False,0
3e29087a6d,ES,none,False,False,0
929c98749f,ES,none,False,False,0
6643319f4c,ES,lei_declared,True,False,1
91ebe5a1e4,ES,none,False,False,0
324888565c,ES,none,False,False,0
83ac24dfea,ES,none,False,False,0
44153f46ae,ES,none,False,False,0
ee1b2abb0a,ES,lei_declared,True,False,1
7928d576e1,ES,none,False,False,0
ee1582f868,ES,lei_declared,True,False,1
37a2fed403,ES,none,False,False,0
4c2da9e5b4,ES,none,False,False,0
43a2ec406d,ES,lei_declared,True,False,1
c83e8a18fa,ES,none,False,False,0
26b4bdd312,ES,none,False,False,0
12e63abbb0,ES,none,False,False,0
8c98534417,ES,none,False,False,0
db1cbb2bd9,ES,none,False,False,0
ce411c3b40,ES,none,False,False,0
40032c8538,ES,none,False,False,0
437e530f76,ES,none,False,False,0
4a5d946dcc,ES,none,False,False,0
9775f93f39,ES,none,False,False,0
1956a4cd9e,ES,none,False,False,0
0bc2b74e1a,ES,none,False,False,0
f18ab1e91f,ES,none,False,False,0
cdee82a934,ES,lei_declared,True,False,1
a7753e39ce,ES,none,False,False,0
2c4fe20f72,ES,lei_declared,True,False,1
b07be6cd54,ES,none,False,False,0
3465a86b49,ES,none,False,False,0
c9c24402c3,ES,none,False,False,0
69212ac17f,ES,none,False,False,0
7524781b79,ES,none,False,False,0
a6d4dba897,ES,register_qualified,True,False,1
b27eb97df1,ES,none,False,False,0
df6e4e2b35,ES,lei_declared,True,False,1
cedcb001ab,ES,none,False,False,0
90da27bd3d,ES,none,False,False,0
f74ab1d062,ES,none,False,False,0
75dbe9e326,ES,none,False,False,0
bce9a8f816,ES,none,False,False,0
91fb3d0eda,ES,none,False,False,0
b836200d87,ES,none,False,False,0
c557ee2b9d,ES,none,False,False,0
3ee553fe46,ES,none,False,False,0
1df28ca38f,ES,none,False,False,0
7c185be58b,ES,none,False,False,0
5159716a78,ES,none,False,False,0
ad7ffbbc64,ES,none,False,False,0
532056a602,ES,none,False,False,0
304b3ade93,ES,lei_declared,True,False,1
6cc3805893,ES,register_qualified,True,False,1
e02b9cac00,ES,none,False,False,0
87f3b760e1,,none,False,False,0
e56b45e3ad,,none,False,False,0
c85e46f0a2,,none,False,False,0
91db04a9de,FI,register_qualified,True,False,1
def0d1dcb1,FI,none,False,False,0
6e4d67fc06,FI,none,False,False,0
f583d9f187,FI,lei_declared,True,False,1
6866095a6b,FI,register_qualified,True,False,1
78aacd2f6b,FI,register_qualified,True,False,1
a0f2ce931f,FI,register_qualified,True,False,1
f10bab68df,FI,register_qualified,True,False,1
328ca7fcc5,FI,register_qualified,True,False,1
71b528aa3a,FI,none,False,False,0
cce8c623be,FI,register_qualified,True,False,1
263bc38f6b,FI,register_qualified,True,False,1
361aa2476f,FI,lei_declared,True,False,1
fb947819c9,FI,none,False,False,0
26c69a9d8b,FI,none,False,False,0
fad10aee7a,FI,lei_declared,True,False,1
95f804e823,FI,register_qualified,True,False,1
d5a170dff8,FI,none,False,False,0
1acaf3ecf1,FI,none,False,False,0
b157eb2e69,FI,none,False,False,0
ff7f4abb8d,FI,none,False,False,0
d0de628d01,FI,none,False,False,0
b4dae44000,FI,register_qualified,True,False,1
195531f9fc,FI,none,False,False,0
abb54c5c72,FI,none,False,False,0
aab66117e9,FI,none,False,False,0
3eb81355a0,FI,register_qualified,True,False,1
d06daf33d6,FI,register_qualified,True,False,1
7dcc80e8fb,FI,register_qualified,True,False,1
2c7c8c583a,FI,none,False,False,0
bcf6560b98,FI,none,False,False,0
3c4357a848,FI,none,False,False,0
daa0e7b654,FI,none,False,False,0
a265e9427c,FI,none,False,False,0
55c346d12b,FI,register_qualified,True,False,1
6a3c749dfc,FI,lei_declared,True,False,1
4d70613966,FI,none,False,False,0
ef9447b148,FI,lei_declared,True,False,1
460cbc6b56,FI,none,False,False,0
7f68316da3,FI,none,False,False,0
9a383b9ba3,FI,none,False,False,0
aa2d72c2b1,FI,none,False,False,0
c72ea83bfa,FI,register_qualified,True,False,1
f031572e14,FI,none,False,False,0
63f3f69d4f,FI,register_qualified,True,False,1
417947704c,FI,none,False,False,0
6694c2841c,FI,register_qualified,True,False,1
90bb3e2097,FI,none,False,False,0
a48fd7da27,FI,none,False,False,0
63901ace38,FI,none,False,False,0
30e39294fe,FI,register_qualified,True,False,1
ede0c09b64,FI,none,False,False,0
a070c16b91,FI,none,False,False,0
cb1111c01b,FI,lei_declared,True,False,1
8d2055115d,FI,none,False,False,0
d671adc821,FI,none,False,False,0
281226ebd8,FI,lei_declared,True,False,1
c06c1dcb78,FI,register_qualified,True,False,1
5226740e6d,FI,register_qualified,True,False,1
9e9d18b2cf,FI,lei_declared,True,False,1
b8044fca43,FI,none,False,False,0
fe797daede,FI,register_qualified,True,False,1
cebd1dffe1,FI,register_qualified,True,False,1
a487cde227,FI,register_qualified,True,False,1
7e66db0c8f,FI,none,False,False,0
b4de0ac860,FI,none,False,False,0
409c55d4a2,FI,lei_declared,True,False,1
658c4f8d08,FI,register_qualified,True,False,1
90a6c04e9b,FI,register_qualified,True,False,1
a4a59ecf2b,FI,lei_declared,True,False,1
55949814da,FI,register_qualified,True,False,1
b5f5c78b64,FI,none,False,False,0
141a907db0,FI,none,False,False,0
9aa064fff1,FI,register_qualified,True,False,1
c965abbbb4,FI,register_qualified,True,False,1
11eb5c0df8,FI,lei_declared,True,False,1
d5236c8fe3,FI,lei_declared,True,False,1
a199da166b,FI,lei_declared,True,False,1
0d4c788420,FI,lei_declared,True,False,1
d038194ef5,FI,lei_declared,True,False,1
494eeac13e,FI,lei_declared,True,False,1
23a71d3272,FI,register_qualified,True,False,1
3d4e31f341,FI,lei_declared,True,False,1
8452573a2d,FI,lei_declared,True,False,1
d62145407d,FI,lei_declared,True,False,1
9f2b05dfb3,FI,lei_declared,True,False,1
d656432b52,FI,register_qualified,True,False,1
7c22d30f3d,FI,none,False,False,0
5d939a603d,FI,lei_declared,True,False,1
49844a6c1b,FI,none,False,False,0
96fc1682b9,FI,lei_declared,True,False,1
2258fc3c62,FI,none,False,False,0
74c229f31a,FI,register_qualified,True,False,1
4e925284c7,FI,none,False,False,0
b61ba6794d,FI,none,False,False,0
0a24760ca7,FI,none,False,False,0
a3366974ea,FI,lei_declared,True,False,1
21044966d8,FI,none,False,False,0
86fb5fbde8,FI,lei_declared,True,False,1
e0bdea2455,FI,register_qualified,True,False,1
56339864ac,FI,lei_declared,True,False,1
9660e52b13,FI,register_qualified,True,False,1
a177c260f3,FI,lei_declared,True,False,1
69e8a971d9,FI,register_qualified,True,False,1
955055cdb2,FI,lei_declared,True,False,1
33bb7d7a8d,FI,none,False,False,0
c3a792f463,FI,register_qualified,True,False,1
f1e74c1c5c,FI,none,False,False,0
86742a2ee7,FI,none,False,False,0
110e8e51b2,FI,lei_declared,True,False,1
2cb3599c23,FI,lei_declared,True,False,1
87eeffc2fb,FI,lei_declared,True,False,1
538e519e99,FI,register_qualified,True,False,1
5c90d20197,FI,register_qualified,True,False,1
959cfc622d,FI,none,False,False,0
d943972cd1,FI,none,False,False,0
8077982fa6,FI,none,False,False,0
950c5a0682,FI,lei_declared,True,False,1
b3edb55961,FI,lei_declared,True,False,1
2fb2715cf6,FI,none,False,False,0
236b3149e4,FI,register_qualified,True,False,1
e86382bb31,FI,lei_declared,True,False,1
5f583578cf,FI,none,False,False,0
5bbaee64de,FI,lei_declared,True,False,1
eba51a8abc,FI,lei_declared,True,False,1
595364a982,FI,lei_declared,True,False,1
80da0aa1fc,FI,none,False,False,0
93af097b68,FI,lei_declared,True,False,1
c4ce7d59bf,FI,register_qualified,True,False,1
4740288a0f,FI,lei_declared,True,False,1
954c4cf2c7,FI,lei_declared,True,False,1
d3d201ef84,FI,none,False,False,0
0a9c825e7a,FI,register_qualified,True,False,1
8bfadc5ca9,FI,lei_declared,True,False,1
f6427b0d99,FI,register_qualified,True,False,1
28f03c0be1,FI,register_qualified,True,False,1
12a5cde965,FI,lei_declared,True,False,1
ab52e23d63,FI,none,False,False,0
13117d1df6,FI,register_qualified,True,False,1
4e208f7bcc,FI,register_qualified,True,False,1
8c0207a825,FI,lei_declared,True,False,1
ea4f5124ac,FI,register_qualified,True,False,1
bc5fd34185,FI,register_qualified,True,False,1
65cfaa491e,FI,register_qualified,True,False,1
eecc9a4b0a,FI,register_qualified,True,False,1
90250a0d18,FI,register_qualified,True,False,1
701a7faa53,FI,lei_declared,True,False,1
5e510d496e,FI,register_qualified,True,False,1
d20e9bf983,FI,lei_declared,True,False,1
9f21df9892,FI,lei_declared,True,False,1
5d9d46b53a,FI,none,False,False,0
e42d3b9f8d,FI,none,False,False,0
3af850d791,FI,register_qualified,True,False,1
f1fa6b78c1,FI,none,False,False,0
8576f39071,FI,register_qualified,True,False,1
0e3ce7ffcd,FI,lei_declared,True,False,1
0a19db6e3f,FI,register_qualified,True,False,1
76b6688b45,FI,lei_declared,True,False,1
5bc2092286,FI,lei_declared,True,False,1
ecbc2f6e3b,FI,none,False,False,0
5a5e5d88f8,FI,register_qualified,True,False,1
cebca65391,FI,register_qualified,True,False,1
1adcc5d20b,FI,register_qualified,True,False,1
f5a9a3a6ab,FI,register_qualified,True,False,1
812313f003,FI,register_qualified,True,False,1
52f185874f,FI,lei_declared,True,False,1
e18ab40f74,FI,none,False,False,0
c63a15a7c3,FI,lei_declared,True,False,1
d58107795c,FI,none,False,False,0
54cd93ba0a,FI,register_qualified,True,False,1
f3aa3128ac,FI,register_qualified,True,False,1
ba01b6ea10,FI,register_qualified,True,False,1
037afcf44f,FI,none,False,False,0
b6ab384192,FI,lei_declared,True,False,1
150e662463,FI,lei_declared,True,False,1
2c4ba35691,FI,register_qualified,True,False,1
d5f6e2b137,FI,lei_declared,True,False,1
9af8d6f54c,FI,lei_declared,True,False,1
f5a2cdf983,FI,lei_declared,True,False,1
5c6358e8ca,FI,lei_declared,True,False,1
1e6220a63b,FI,lei_declared,True,False,1
9c27f45e59,FI,none,False,False,0
2c59504eaa,FI,register_qualified,True,False,1
68c4212557,FI,register_qualified,True,False,1
5f03cc41d6,FI,lei_declared,True,False,1
a82a2b62ab,FI,none,False,False,0
b6874b9ebb,FI,lei_declared,True,False,1
3975529ad5,FI,none,False,False,0
c885e413b0,FI,none,False,False,0
f078cf917c,FI,lei_declared,True,False,1
aa041e0c31,FI,register_qualified,True,False,1
262fa24b83,FI,lei_declared,True,False,1
8fb0ad98cb,FI,register_qualified,True,False,1
e0fe202e8b,FI,none,False,False,0
1a187a9c30,FI,none,False,False,0
2f77832481,FI,lei_declared,True,False,1
bf9773fa2e,FI,lei_declared,True,False,1
cb3ec57599,FI,lei_declared,True,False,1
7c2adf10f8,FI,lei_declared,True,False,1
bfa0ead20a,FI,lei_declared,True,False,1
a24a48b8ad,FI,register_qualified,True,False,1
4dbc3121fb,FI,lei_declared,True,False,1
afa6c81c50,FI,lei_declared,True,False,1
09a9cf2270,FI,none,False,False,0
f4da27bbf2,FI,lei_declared,True,False,1
a550d1bc91,FI,register_qualified,True,False,1
60e5b21044,FI,none,False,False,0
abd1025829,FI,register_qualified,True,False,1
ed28bdca94,FI,lei_declared,True,False,1
1364e53f83,FI,lei_declared,True,False,1
06395e0269,FI,lei_declared,True,False,1
f9ccb06ad5,FI,register_qualified,True,False,1
4868cb1c67,FI,lei_declared,True,False,1
083a5a24a7,FI,lei_declared,True,False,1
6b5e86f187,FI,register_qualified,True,True,2
3b3078c799,FI,lei_declared,True,False,1
31f5edc2ed,FI,none,False,False,0
819ef191b9,FI,none,False,False,0
96aac698dd,FI,none,False,False,0
d14f6fe1c4,FI,register_qualified,True,False,1
e0f7b5d7c1,FI,none,False,False,0
db427961e9,FI,none,False,False,0
dc18815e3d,FI,none,False,False,0
b5d9441ce0,FI,none,False,False,0
91904ac29f,FI,register_qualified,True,False,1
363d50e550,FI,register_qualified,True,False,1
910411909d,FI,register_qualified,True,False,1
373bffae71,FI,register_qualified,True,False,1
b51fb01b18,FI,lei_declared,True,False,1
3cd91f33f3,FI,none,False,False,0
2753dd124d,FI,register_qualified,True,False,1
91913c39d1,FI,register_qualified,True,False,1
c97a3c88d7,FI,none,False,False,0
9acf0c0b4b,FI,lei_declared,True,False,1
a1a2da801b,FI,lei_declared,True,False,1
5a685d1cb6,FI,lei_declared,True,False,1
767f338cc8,FI,register_qualified,True,False,1
e953c1a90d,FI,register_qualified,True,False,1
10398f3cd5,FI,register_qualified,True,False,1
8323a7bd0a,FI,none,False,False,0
897c8bf224,FI,lei_declared,True,False,1
4b9ad0c516,FI,register_qualified,True,False,1
2fa98a8d0e,FI,lei_declared,True,False,1
dfab878f04,FI,register_qualified,True,False,1
fbbb248485,FI,register_qualified,True,False,1
9785b93eae,FI,lei_declared,True,False,1
f7c91b577f,FI,register_qualified,True,False,1
0035410968,FI,lei_declared,True,False,1
627b8402a5,FI,none,False,False,0
94922645c7,FI,none,False,False,0
1a3ee397e0,FI,lei_declared,True,False,1
af52b216d0,FI,register_qualified,True,False,1
f0b2f49030,FI,register_qualified,True,False,1
98d437b5a8,FI,lei_declared,True,False,1
daf35b8b1e,FI,none,False,False,0
6959f6360e,FI,register_qualified,True,False,1
bb8c616d11,FI,lei_declared,True,False,1
676c5712d1,FI,lei_declared,True,False,1
9db7f06aca,FI,lei_declared,True,False,1
534ae9b90e,FI,lei_declared,True,False,1
895992c402,FI,lei_declared,True,False,1
92de1c33f6,FI,lei_declared,True,False,1
81e4f6999f,FI,none,False,False,0
0b96e68196,FI,lei_declared,True,False,1
cb246bae3d,FI,register_qualified,True,False,1
6203de98ab,FI,none,False,False,0
fd29ea576c,FI,none,False,False,0
63646d7036,FI,register_qualified,True,False,1
c86307b134,FI,none,False,False,0
735e7335d3,FI,register_qualified,True,False,1
12d8791205,FI,none,False,False,0
7190d58c7d,FI,lei_declared,True,False,1
7bdf329a3d,FI,register_qualified,True,False,1
3c4756ddda,FI,register_qualified,True,False,1
ddf602d3f6,FI,register_qualified,True,False,1
913232c8b1,FI,none,False,False,0
f0ed87670b,FI,lei_declared,True,False,1
7c73237d95,FI,lei_declared,True,False,1
7241c70f76,FI,register_qualified,True,False,1
7e871400fe,FI,register_qualified,True,False,1
4c97e98691,FI,register_qualified,True,False,1
dd04bb3574,FI,register_qualified,True,False,1
d2697fc51c,FI,register_qualified,True,False,1
90c22cdadd,FI,none,False,False,0
b3ab48a9ab,FI,none,False,False,0
9bc61fa104,FI,none,False,False,0
1821e96731,FI,register_qualified,True,False,1
0561b5e89c,FI,register_qualified,True,False,1
c62abf720e,FI,none,False,False,0
96181c20de,FI,none,False,False,0
ae4550e205,FI,register_qualified,True,False,1
44aa3b97af,FI,register_qualified,True,False,1
bf4d8832eb,FI,lei_declared,True,False,1
9fd3b6075e,FI,none,False,False,0
79a0146fa7,FI,lei_declared,True,False,1
6663bdbced,FI,none,False,False,0
298468200d,FI,lei_declared,True,False,1
06b66718f8,FI,register_qualified,True,False,1
1a1061eb72,FI,none,False,False,0
7244ee1134,FI,register_qualified,True,False,1
a592a79e94,FI,lei_declared,True,False,1
6b3e6c9086,FI,none,False,False,0
420c97e17f,FI,none,False,False,0
303ed33f74,FI,register_qualified,True,False,1
3d68c990fd,FI,register_qualified,True,False,1
b7fdaa8013,FI,none,False,False,0
83044c1f86,FI,none,False,False,0
73eacfb43a,FI,none,False,False,0
03861d4085,FI,lei_declared,True,False,1
0f78f5dba7,FI,none,False,False,0
c2c9c8bc61,FI,none,False,False,0
6a572bd02b,FI,none,False,False,0
a3e7f64b6b,FI,register_qualified,True,False,1
80df43c4b2,FI,register_qualified,True,False,1
77f3cd4d82,FI,register_qualified,True,False,1
049217dcc3,FI,lei_declared,True,False,1
6caac39e7d,FI,lei_declared,True,False,1
1fa3e852bd,FI,none,False,False,0
c91550aaef,FI,register_qualified,True,False,1
99690263a4,FI,none,False,False,0
5c37cad47d,FI,register_qualified,True,False,1
a40d0f166f,FI,lei_declared,True,False,1
54d94c2793,FI,register_qualified,True,False,1
06bc24fa61,FI,lei_declared,True,False,1
b8a10399f6,FI,register_qualified,True,False,1
9050d8925c,FI,register_qualified,True,False,1
61c8e7a120,FI,lei_declared,True,False,1
8b561fc7e5,FI,lei_declared,True,False,1
a79e9d95cf,FI,lei_declared,True,False,1
5e23895c63,FI,lei_declared,True,False,1
00076c776e,FI,lei_declared,True,False,1
6c9c79b4a8,FI,none,False,False,0
9226585e14,FI,lei_declared,True,False,1
d7272c152e,FI,lei_declared,True,False,1
0189b0db9f,FI,lei_declared,True,False,1
15bb913519,FI,register_qualified,True,False,1
6b2ae4b2f9,FI,lei_declared,True,False,1
f9f2c0b27d,FI,none,False,False,0
bd5ca08f63,FI,lei_declared,True,False,1
d497179e60,FI,none,False,False,0
b376ce379c,FI,lei_declared,True,False,1
5c4e1ebdfb,FI,lei_declared,True,False,1
010937a0f6,FI,lei_declared,True,False,1
a86e3201fd,FI,lei_declared,True,False,1
cd0a31f8bb,FI,register_qualified,True,True,2
5279d7af9c,FI,register_qualified,True,False,1
ae16bf6b08,FI,register_qualified,True,False,1
1781d064fc,FI,lei_declared,True,False,1
8350fd7574,FI,lei_declared,True,False,1
516e4a20c1,FI,lei_declared,True,False,1
48cd506d79,FI,register_qualified,True,False,1
8de8dd0804,FI,none,False,False,0
63cf2d7fe3,FI,none,False,False,0
f9c28d55d1,FR,none,False,False,0
b06edd65e9,FR,register_qualified,True,False,1
7d82512663,FR,none,False,False,0
d8239db3b7,FR,none,False,False,0
ce5169e33a,FR,none,False,False,0
845d3bbd02,FR,register_qualified,True,False,1
ff040f00aa,FR,none,False,False,0
b71458a117,FR,none,False,False,0
5bda0aa18e,FR,none,False,False,0
2438fa5e7d,FR,none,False,False,0
7ae1e5d886,FR,register_qualified,True,False,1
70f5c0d4e5,FR,register_qualified,True,False,1
8f234a1710,FR,none,False,False,0
a4ca55add3,FR,register_qualified,True,False,1
f0b0ce74c1,FR,none,False,False,0
c7e439de97,FR,none,False,False,0
09f34234f0,FR,register_qualified,True,False,1
e847d73009,FR,register_qualified,True,False,1
ae2742abf4,FR,none,False,False,0
7d83e4fbfc,FR,register_qualified,True,False,1
bfee9de038,FR,register_qualified,True,False,1
cf350ec980,FR,register_qualified,True,False,1
deb3ee87f1,FR,none,False,False,0
17642a7b76,FR,none,False,False,0
4ea53f7434,FR,none,False,False,0
521869fdab,FR,none,False,False,0
3b5521c717,FR,none,False,False,0
12d127c048,FR,register_qualified,True,False,1
6d73ae53db,FR,register_qualified,True,False,1
858988ffb1,FR,none,False,False,0
661ec5cb92,FR,register_qualified,True,False,1
73bb092ae4,FR,none,False,False,0
805b575064,FR,none,False,False,0
89d78eb7b5,FR,register_qualified,True,False,1
452b64417d,FR,register_qualified,True,False,1
c46ad976a5,FR,register_qualified,True,False,1
204de7561a,FR,none,False,False,0
667f3c75fe,FR,none,False,False,0
939756146b,FR,register_qualified,True,False,1
26bd28029d,FR,none,False,False,0
6f18149acf,FR,none,False,False,0
6a7f2ad4ee,FR,register_qualified,True,False,1
d81069bacd,FR,none,False,False,0
2d039067b8,FR,register_qualified,True,False,1
f9e618b959,FR,none,False,False,0
4ee61f0942,FR,none,False,False,0
5e59dae69a,FR,register_qualified,True,False,1
7145202321,FR,register_qualified,True,False,1
afb66902e3,FR,none,False,False,0
8c8fb89be6,FR,none,False,False,0
e892b11734,FR,none,False,False,0
6eb545c004,FR,none,False,False,0
ded0ce3f3a,FR,none,False,False,0
f799ea5e98,FR,none,False,False,0
1f4ecab76e,FR,register_qualified,True,False,1
8db2166360,FR,register_qualified,True,False,1
b9aba7a014,FR,none,False,False,0
4ed69372a7,FR,register_qualified,True,False,1
3ee2f21749,FR,register_qualified,True,False,1
f243961667,FR,register_qualified,True,False,1
59d1037b36,FR,register_qualified,True,False,1
7f46e41ac0,FR,none,False,False,0
9bc7237d74,FR,none,False,False,0
ebba0e59b4,FR,none,False,False,0
ffef217f64,FR,none,False,False,0
9cc4cc3494,FR,none,False,False,0
f2ae27910e,FR,register_qualified,True,False,1
7bae9b7078,FR,none,False,False,0
ec5e92ab7d,FR,none,False,False,0
56822a9230,FR,none,False,False,0
27fa3559f7,FR,none,False,False,0
f989e5f3b1,FR,none,False,False,0
d043f18098,FR,none,False,False,0
20b7e15c8f,FR,none,False,False,0
276b285b3e,FR,register_qualified,True,False,1
4412cb43cb,FR,none,False,False,0
bcdfc63df5,FR,register_qualified,True,False,1
eb68dc9cef,FR,register_qualified,True,False,1
f16b402aa0,FR,none,False,False,0
aa90f427c9,FR,register_qualified,True,False,1
5e3e14447b,FR,register_qualified,True,False,1
dd35731bc3,FR,register_qualified,True,False,1
95fd7b94a2,FR,register_qualified,True,False,1
92e811e589,FR,none,False,False,0
591ac8c474,FR,register_qualified,True,False,1
3049e1f188,FR,none,False,False,0
22597812bd,FR,register_qualified,True,False,1
1c545c35ad,FR,none,False,False,0
be06fbab2d,FR,none,False,False,0
fecb282f1d,FR,none,False,False,0
14ba237d79,FR,none,False,False,0
f5c7739a3b,FR,none,False,False,0
925ed47775,FR,register_qualified,True,False,1
7ee8ba88c9,FR,register_qualified,True,False,1
84b83d9209,FR,register_qualified,True,False,1
dab7723377,FR,register_qualified,True,False,1
f1c1e4a96c,FR,none,False,False,0
378193c7d9,FR,register_qualified,True,False,1
1000ff1aa9,FR,register_qualified,True,False,1
9e93714514,FR,register_qualified,True,False,1
d92c4fca1a,FR,register_qualified,True,False,1
197c0cee8b,FR,none,False,False,0
b4491631a2,FR,none,False,False,0
59b3a6c926,FR,none,False,False,0
c4b4b1b4c2,FR,none,False,False,0
8c331c57f9,FR,register_qualified,True,False,1
f6dfa47ddf,FR,register_qualified,True,False,1
1fdf8fc46a,FR,none,False,False,0
31582cab1d,FR,none,False,False,0
c02e1d826d,FR,none,False,False,0
6cea644cb7,FR,none,False,False,0
f82129aa9a,FR,none,False,False,0
c742731076,FR,none,False,False,0
afdd7c3c8a,FR,none,False,False,0
c9755bba47,FR,register_qualified,True,False,1
d8d08b191b,FR,none,False,False,0
64e00d6731,FR,register_qualified,True,False,1
159b85223e,FR,none,False,False,0
cde8c83822,FR,register_qualified,True,False,1
f2ac854f48,FR,none,False,False,0
46c5cf49cb,FR,none,False,False,0
89bb163607,FR,register_qualified,True,False,1
852937d1c5,FR,register_qualified,True,False,1
e1160c44a6,FR,none,False,False,0
7d3722b754,FR,none,False,False,0
4672425b78,FR,none,False,False,0
d761943739,FR,none,False,False,0
5af5e28d55,FR,register_qualified,True,False,1
f3142f3d67,FR,none,False,False,0
f9524ddd60,FR,register_qualified,True,False,1
91df21b632,FR,register_qualified,True,False,1
143032eaa8,FR,register_qualified,True,False,1
ec314bb5f6,FR,register_qualified,True,False,1
73287e5d5e,FR,register_qualified,True,False,1
7380dbcf6b,FR,register_qualified,True,False,1
d56b2e0acb,FR,register_qualified,True,False,1
3ffdd1bfff,FR,none,False,False,0
0afdacd044,FR,register_qualified,True,False,1
cb96c31587,FR,none,False,False,0
206cbb444d,FR,none,False,False,0
967bac4720,FR,none,False,False,0
8b5f77dd2f,FR,register_qualified,True,False,1
6178c0c682,FR,none,False,False,0
06c584899d,FR,none,False,False,0
0a017ef3bd,FR,none,False,False,0
4823cbb5f4,FR,none,False,False,0
707ea612eb,FR,none,False,False,0
86bdcfa34c,FR,register_qualified,True,False,1
75201ea14c,FR,none,False,False,0
0cb4313ee6,FR,register_qualified,True,False,1
239a6dc7c0,FR,none,False,False,0
70d8a51bfe,FR,none,False,False,0
7ed14ef94a,FR,register_qualified,True,False,1
6b1bf934fd,FR,register_qualified,True,False,1
91455c38db,FR,none,False,False,0
49d467b8b7,FR,none,False,False,0
29e4621dea,FR,register_qualified,True,False,1
68703aea7c,FR,register_qualified,True,False,1
de2f8685e3,FR,none,False,False,0
ef245c165a,FR,none,False,False,0
bd8efa131f,FR,none,False,False,0
d42d3d0ba1,FR,none,False,False,0
1e3ccea53c,FR,none,False,False,0
026c81f753,FR,register_qualified,True,False,1
c861b75c6c,FR,none,False,False,0
2ab311d668,FR,none,False,False,0
7ab2249630,FR,none,False,False,0
ad6f823318,FR,none,False,False,0
2f0adab9ba,FR,none,False,False,0
c4ec7f5a8a,FR,register_qualified,True,False,1
f6e45f9701,FR,none,False,False,0
9513be2ed6,FR,none,False,False,0
c4a9b2a842,FR,register_qualified,True,False,1
37f9a35808,FR,none,False,False,0
687e70ded5,FR,none,False,False,0
0c04857fad,FR,register_qualified,True,False,1
63bf0364d1,FR,none,False,False,0
029679ec66,FR,register_qualified,True,False,1
92505148c5,FR,none,False,False,0
eb4676e5e0,FR,none,False,False,0
c3f26c3c1e,FR,none,False,False,0
3b4633565d,FR,none,False,False,0
3a10bf3277,FR,none,False,False,0
1d4a0320d8,FR,none,False,False,0
4bd9b041fd,FR,none,False,False,0
833ec2d355,FR,register_qualified,True,False,1
2707a267dc,FR,none,False,False,0
b946368d21,FR,none,False,False,0
c84ee55471,FR,none,False,False,0
bb777a5346,FR,lei_declared,True,False,1
67cafbf918,FR,register_qualified,True,False,1
f846b276cd,FR,none,False,False,0
6b0a017479,FR,none,False,False,0
c3fbfc45ae,FR,register_qualified,True,False,1
99024b6c0b,FR,none,False,False,0
6ae38528ac,FR,lei_declared,True,False,1
d8a44265c3,FR,register_qualified,True,False,1
a8b6a33312,FR,none,False,False,0
12f40bb143,FR,none,False,False,0
84f1038d4f,FR,none,False,False,0
f981acfd1f,FR,none,False,False,0
f27db73bd4,FR,lei_declared,True,False,1
c0bc2736f3,FR,none,False,False,0
fa374d3bfc,FR,register_qualified,True,False,1
d58abbc757,FR,none,False,False,0
1f3865a805,FR,register_qualified,True,False,1
5b9ae12997,FR,register_qualified,True,False,1
d47d98055d,FR,lei_declared,True,False,1
70a2b29b76,FR,none,False,False,0
ec70590a7d,FR,none,False,False,0
c5267729e5,FR,none,False,False,0
cb0a076448,FR,none,False,False,0
5831f9358f,FR,register_qualified,True,False,1
a12b9a08b8,FR,register_qualified,True,False,1
30c7b65fb7,FR,none,False,False,0
92b75c0514,FR,none,False,False,0
8a854cbd6d,FR,none,False,False,0
f36ff863e8,FR,register_qualified,True,False,1
7e05173cfe,FR,none,False,False,0
3d104ea57f,FR,none,False,False,0
0bade3d2e2,FR,none,False,False,0
5776bda7d6,FR,register_qualified,True,False,1
2bb4071546,FR,register_qualified,True,False,1
a0a31f9589,FR,register_qualified,True,False,1
9a63be5c82,FR,none,False,False,0
6cae12cb6c,FR,register_qualified,True,False,1
f2848a769f,FR,register_qualified,True,False,1
eb2523453a,FR,register_qualified,True,False,1
a17a90b41b,FR,register_qualified,True,False,1
1ab0a44547,FR,none,False,False,0
87ae0d4a29,FR,none,False,False,0
80c7e8d875,FR,none,False,False,0
67903f99f5,FR,register_qualified,True,False,1
8b645381d0,FR,register_qualified,True,False,1
ec4526a867,FR,register_qualified,True,False,1
b48a441e56,FR,none,False,False,0
892ca39dab,FR,register_qualified,True,False,1
284473f5d1,FR,lei_declared,True,False,1
a1bc48fe54,FR,register_qualified,True,False,1
2a731f70f1,FR,register_qualified,True,False,1
83717b6513,FR,none,False,False,0
574eb541ac,FR,none,False,False,0
7571ea655d,FR,none,False,False,0
1750d36689,FR,none,False,False,0
a8ddf94f17,FR,none,False,False,0
4c54e109e4,FR,none,False,False,0
c83fcefc44,FR,register_qualified,True,False,1
86f7ae232d,FR,register_qualified,True,False,1
9d56e58472,FR,register_qualified,True,False,1
5ab5deab8f,FR,register_qualified,True,False,1
d83e54f34e,FR,none,False,False,0
352542350f,FR,none,False,False,0
8d7a7c8c20,FR,none,False,False,0
162ec33a66,FR,register_qualified,True,False,1
e85f5ee1c2,FR,none,False,False,0
9240002b42,FR,register_qualified,True,False,1
274c13302d,FR,register_qualified,True,False,1
f16480f005,FR,none,False,False,0
a8748440f9,FR,none,False,False,0
45e569dda7,FR,none,False,False,0
34cf20dc41,FR,lei_declared,True,False,1
2af24f60d6,FR,register_qualified,True,False,1
7406fc16f4,FR,register_qualified,True,False,1
d85f30ef76,FR,none,False,False,0
29f8384d29,FR,none,False,False,0
4b7b530396,FR,register_qualified,True,False,1
977e391935,FR,none,False,False,0
f88ff0d84a,FR,none,False,False,0
48a44820c5,FR,none,False,False,0
68ecd83578,FR,register_qualified,True,False,1
207c673e8d,FR,lei_declared,True,False,1
424397578a,FR,none,False,False,0
a8ae45a1c8,FR,register_qualified,True,False,1
53ae93c2bc,FR,none,False,False,0
93169fe805,FR,register_qualified,True,False,1
14f3de8445,FR,lei_declared,True,False,1
84cbc45352,FR,register_qualified,True,False,1
c4882146b1,FR,none,False,False,0
3b6b8b80eb,FR,none,False,False,0
49ae2737a2,FR,none,False,False,0
71bbdafa20,FR,register_qualified,True,False,1
8c7e96b414,FR,register_qualified,True,False,1
b18cc87606,FR,none,False,False,0
5a0de129e0,FR,none,False,False,0
1ee6364b20,FR,none,False,False,0
cfd9c8ffe5,FR,none,False,False,0
8ffaaa6a98,FR,register_qualified,True,False,1
e05fdd29da,FR,register_qualified,True,False,1
82df014996,FR,none,False,False,0
f2122ece19,FR,none,False,False,0
12bc0e9d1e,FR,none,False,False,0
3e1c7d6f49,FR,register_qualified,True,False,1
8635ef473f,FR,none,False,False,0
10a53a88e8,FR,register_qualified,True,False,1
aa0f4e636c,FR,register_qualified,True,False,1
701bfd8c0e,FR,register_qualified,True,False,1
c1b8b6a9a2,FR,none,False,False,0
6fb6c1f50e,FR,none,False,False,0
8ac1ba5f53,FR,none,False,False,0
0b2076a4f8,FR,none,False,False,0
e962cb0dc5,FR,register_qualified,True,False,1
27a97bb534,FR,register_qualified,True,False,1
78b4e4536a,FR,register_qualified,True,False,1
0236b62457,FR,register_qualified,True,False,1
2a45b24413,FR,register_qualified,True,False,1
a1a6553f59,FR,none,False,False,0
568de66ba3,FR,none,False,False,0
46cb9ffe1d,FR,none,False,False,0
2f46f55c96,FR,register_qualified,True,False,1
69fcd81ae4,FR,register_qualified,True,False,1
2645b1a820,FR,register_qualified,True,False,1
5ceed83426,FR,register_qualified,True,False,1
a377e824f0,FR,register_qualified,True,False,1
2ed6d6cb6b,FR,none,False,False,0
4cdc40534c,FR,register_qualified,True,False,1
4971c9f01d,FR,register_qualified,True,False,1
81bc451c77,FR,none,False,False,0
6dbe5dbf08,FR,register_qualified,True,False,1
2bcf55d8bb,FR,register_qualified,True,False,1
bf2cc6d08a,FR,none,False,False,0
a267afcedb,FR,register_qualified,True,False,1
b5a973db59,FR,none,False,False,0
a846b86075,FR,register_qualified,True,False,1
f747a87f27,FR,lei_declared,True,False,1
884b7b5107,FR,lei_declared,True,False,1
0132de3dc2,FR,none,False,False,0
cb93a9cd1b,FR,none,False,False,0
8c382f78fc,FR,none,False,False,0
846e66ed57,FR,none,False,False,0
860ef1b375,FR,register_qualified,True,False,1
cd4fabe0c0,FR,none,False,False,0
1918e1ed79,FR,none,False,False,0
8b48210bb2,FR,register_qualified,True,False,1
1cb1651c89,FR,register_qualified,True,False,1
1d9b6dfd2e,FR,none,False,False,0
ee3e90421c,FR,none,False,False,0
db6e3d7590,FR,none,False,False,0
9ac5b45ae3,FR,register_qualified,True,False,1
32118c0045,FR,register_qualified,True,False,1
cdf9c4a6b3,FR,register_qualified,True,False,1
487dc036eb,FR,register_qualified,True,False,1
130b1bb703,FR,register_qualified,True,False,1
69e723ef33,FR,register_qualified,True,False,1
1c83f76005,FR,none,False,False,0
d8341e0bbc,FR,register_qualified,True,False,1
e0e9d0ba2a,FR,register_qualified,True,False,1
dca8a7db3e,FR,none,False,False,0
dcea221157,FR,register_qualified,True,False,1
3364c03965,FR,register_qualified,True,False,1
ad5ed9ca89,FR,register_qualified,True,False,1
f409f9f436,FR,none,False,False,0
97b99de5af,FR,none,False,False,0
4fb87b5120,FR,register_qualified,True,False,1
f95eab9f9e,FR,none,False,False,0
e854190665,FR,none,False,False,0
2f916337f1,FR,none,False,False,0
d6c315c608,FR,none,False,False,0
7845d0dacd,FR,none,False,False,0
da5bb04ca8,FR,none,False,False,0
848c83cdf9,FR,none,False,False,0
9230b005d1,FR,lei_declared,True,False,1
2b4e72d04f,FR,none,False,False,0
bdda38c120,FR,register_qualified,True,False,1
be5ab0ffec,FR,none,False,False,0
09a8db7cba,FR,none,False,False,0
4bf1498bfa,FR,register_qualified,True,False,1
1093b84ceb,FR,none,False,False,0
bd96451c95,FR,none,False,False,0
692abff327,FR,none,False,False,0
81c3ef61d1,FR,none,False,False,0
e20a09a31f,FR,lei_declared,True,False,1
17dbb95fe3,FR,register_qualified,True,False,1
fc84e1bd61,FR,none,False,False,0
de939248d6,FR,none,False,False,0
4ad1d0cca0,FR,register_qualified,True,False,1
6af82872da,FR,none,False,False,0
d51c6b6cd5,FR,none,False,False,0
0a71ea81ea,FR,none,False,False,0
ba67cd1e7d,FR,none,False,False,0
37b555a978,FR,none,False,False,0
7451b73d72,FR,none,False,False,0
2ed8062633,FR,none,False,False,0
4a7dba09f5,FR,none,False,False,0
00b69452a7,FR,none,False,False,0
0c98f23d96,FR,none,False,False,0
64a2f9b314,FR,none,False,False,0
e488d0159f,FR,register_qualified,True,False,1
169d3d07cc,FR,register_qualified,True,False,1
4d43fecf55,FR,register_qualified,True,False,1
b9861e2f75,FR,none,False,False,0
7b96153ea1,FR,none,False,False,0
919bcc9295,FR,none,False,False,0
5c3778e113,FR,none,False,False,0
f6bc77b38f,FR,none,False,False,0
1dfb728fd9,FR,none,False,False,0
eb1979d4a0,FR,register_qualified,True,False,1
c26f7d0176,FR,none,False,False,0
b49c00ef9a,FR,none,False,False,0
9026c07b3c,FR,register_qualified,True,False,1
1756400a9e,FR,none,False,False,0
198b60e17f,FR,none,False,False,0
2da35ea8fe,FR,none,False,False,0
534b7d8861,FR,none,False,False,0
6db08b70f7,FR,none,False,False,0
e071e16b25,FR,register_qualified,True,True,2
c8f7658138,FR,lei_declared,True,False,1
2018335f47,FR,register_qualified,True,False,1
3c40cafced,FR,lei_declared,True,False,1
d7858d82fe,FR,none,False,False,0
76989909d2,FR,none,False,False,0
7595fc0a53,FR,none,False,False,0
fc5bfc3184,FR,none,False,False,0
d4875db3d0,FR,none,False,False,0
d447d8bb1c,FR,register_qualified,True,False,1
bbaff99ee8,FR,lei_declared,True,False,1
7280507a8b,FR,register_qualified,True,False,1
eab89c054a,FR,none,False,False,0
bd1505ed7f,FR,register_qualified,True,False,1
85fdf0ba15,FR,none,False,False,0
cee38aca4a,FR,register_qualified,True,False,1
5694d81c8f,FR,register_qualified,True,False,1
1fd71ef4d1,FR,none,False,False,0
cd16ed9fa4,FR,none,False,False,0
79dfa51aa3,FR,none,False,False,0
2fcfc5b2f2,FR,none,False,False,0
e62cf944ee,FR,register_qualified,True,False,1
774af5114f,FR,none,False,False,0
5e99822866,FR,register_qualified,True,False,1
851d0d9239,FR,register_qualified,True,False,1
d37780ff44,FR,none,False,False,0
f5faff8b67,FR,none,False,False,0
b416b4e79d,FR,none,False,False,0
64787b55a8,FR,none,False,False,0
474af292a9,FR,register_qualified,True,False,1
0b9fc606f4,FR,register_qualified,True,False,1
c10a9f863d,FR,register_qualified,True,False,1
098f36c3b9,FR,register_qualified,True,False,1
e2118336f6,FR,none,False,False,0
19814185e1,FR,none,False,False,0
5a091c6839,FR,register_qualified,True,False,1
85cb8d309f,FR,none,False,False,0
96ad8c5f35,FR,register_qualified,True,False,1
911f62a28e,FR,lei_declared,True,False,1
bf03013a03,FR,none,False,False,0
e30313d8ee,FR,none,False,False,0
8f765521ba,FR,none,False,False,0
80ba44b3d3,FR,register_qualified,True,False,1
bdf15b88c6,FR,none,False,False,0
f41a0739cd,FR,none,False,False,0
402ae64138,FR,none,False,False,0
408a3a228e,FR,register_qualified,True,False,1
c606bf1bd2,FR,register_qualified,True,False,1
44cd4d2a97,FR,register_qualified,True,False,1
98264e1ab7,FR,register_qualified,True,False,1
ca4405c5a8,FR,none,False,False,0
faeff1d33d,FR,none,False,False,0
1e9c6ce77c,FR,none,False,False,0
a0dbc8f04f,FR,none,False,False,0
a64dc2c3b7,FR,lei_declared,True,False,1
52d202b742,FR,register_qualified,True,False,1
920af7c4ab,FR,none,False,False,0
7af3631296,FR,none,False,False,0
fa49ec021c,FR,none,False,False,0
32555ef32e,FR,none,False,False,0
ce613c16be,FR,none,False,False,0
de20a87123,FR,none,False,False,0
8e87298d8d,FR,register_qualified,True,False,1
95d65b62c5,FR,none,False,False,0
5f91cd9b50,FR,register_qualified,True,False,1
12e8bf031c,FR,register_qualified,True,False,1
967dd33abe,FR,register_qualified,True,False,1
300393ae80,FR,none,False,False,0
1760bddc70,FR,register_qualified,True,False,1
f44614b060,FR,none,False,False,0
1a530595f7,FR,none,False,False,0
5ce6a46bd5,FR,none,False,False,0
cee6f47977,FR,register_qualified,True,False,1
116f12e434,FR,register_qualified,True,False,1
52b6b0a299,FR,register_qualified,True,False,1
4b28d3a72a,FR,none,False,False,0
94f3c0ebd1,FR,none,False,False,0
7015de3b1d,FR,register_qualified,True,False,1
1dbab4bc34,FR,none,False,False,0
bf1a170b24,FR,none,False,False,0
a59f8154d9,FR,none,False,False,0
22b9cf7aa7,FR,none,False,False,0
b3f7c7eddf,FR,register_qualified,True,False,1
28164bc13f,FR,none,False,False,0
ce244c755c,FR,register_qualified,True,False,1
ecd23e5c3f,FR,register_qualified,True,False,1
bb46154926,FR,none,False,False,0
b05f7cb7ec,FR,register_qualified,True,False,1
9fdab0f1a1,FR,none,False,False,0
d8addb421d,FR,none,False,False,0
79e5aa10c4,FR,none,False,False,0
39fbd9b787,FR,none,False,False,0
aaaf3199fc,FR,none,False,False,0
05c0d1b6b5,FR,none,False,False,0
085e129b3e,FR,register_qualified,True,False,1
c3b749fb96,FR,none,False,False,0
d3d1a687b0,FR,none,False,False,0
9981f09a91,FR,register_qualified,True,False,1
71d31fb782,FR,register_qualified,True,False,1
b11b35d44c,FR,register_qualified,True,False,1
1f24691d27,FR,none,False,False,0
48236a5e4d,FR,none,False,False,0
48ddb0ab81,FR,none,False,False,0
bac6cde43a,FR,register_qualified,True,False,1
3f8fb6d09b,FR,none,False,False,0
2ea63668ef,FR,none,False,False,0
2f3b690d48,FR,lei_declared,True,False,1
0e112b7f0a,FR,register_qualified,True,False,1
46f8900531,FR,none,False,False,0
5542be2ee9,FR,none,False,False,0
700c0c863c,FR,register_qualified,True,False,1
e97ffca841,FR,register_qualified,True,False,1
b6f341de16,FR,register_qualified,True,False,1
9b8d8f00b9,FR,none,False,False,0
9d8843e48d,FR,none,False,False,0
fd74d63b90,FR,none,False,False,0
8943af9578,FR,none,False,False,0
4f8b38280c,FR,register_qualified,True,False,1
5540e9d484,FR,none,False,False,0
41decdf52e,FR,none,False,False,0
b53636c588,FR,none,False,False,0
8b1eb34324,FR,none,False,False,0
7751ba62cd,FR,none,False,False,0
1147a99ca4,FR,register_qualified,True,False,1
68cb14f6a1,FR,none,False,False,0
cee07edee7,FR,register_qualified,True,False,1
c556d903dc,FR,none,False,False,0
adc960db5d,FR,none,False,False,0
1634d22cf8,FR,none,False,False,0
d4701f1abd,FR,none,False,False,0
c2df5fe573,FR,none,False,False,0
56e4ebaaa9,FR,none,False,False,0
dc3a77daad,FR,none,False,False,0
3fe5ee7954,FR,none,False,False,0
2b09a78082,FR,none,False,False,0
fe57454232,FR,none,False,False,0
4f2a358039,FR,none,False,False,0
21c5cec5a3,FR,register_qualified,True,False,1
3f31a18b7e,FR,register_qualified,True,False,1
db6155cf3a,FR,none,False,False,0
c7b9a13e56,FR,none,False,False,0
3b574df15c,FR,none,False,False,0
b85e32b669,FR,register_qualified,True,False,1
ba7dda9bec,FR,register_qualified,True,False,1
71fe98979b,FR,none,False,False,0
fcc3349d64,FR,register_qualified,True,False,1
a8c0b3f1c6,FR,none,False,False,0
3eb2296bdc,FR,none,False,False,0
fdf0e7904e,FR,register_qualified,True,True,2
bd7f6fc132,FR,register_qualified,True,False,1
6fbac5166d,FR,register_qualified,True,False,1
55589ce688,FR,none,False,False,0
2842dd1af6,FR,register_qualified,True,False,1
b16457f1c6,FR,register_qualified,True,False,1
e84eb3a2a7,FR,none,False,False,0
1d9ff39e7f,FR,register_qualified,True,False,1
2dd3392a46,FR,none,False,False,0
d6922b341b,FR,register_qualified,True,False,1
8bc9a9027d,FR,register_qualified,True,False,1
23603b0ea5,FR,register_qualified,True,False,1
acd9e1740f,FR,none,False,False,0
283abd8ee9,FR,none,False,False,0
e51ac4f451,FR,register_qualified,True,False,1
d8b52ab474,FR,none,False,False,0
45b2dbf0c2,FR,none,False,False,0
228d3bbb97,FR,none,False,False,0
6637be174b,FR,none,False,False,0
2c26ad30ba,FR,register_qualified,True,False,1
9ca4c56268,FR,none,False,False,0
f1adf299d5,FR,register_qualified,True,False,1
013f2c68a5,FR,none,False,False,0
eb5597f378,FR,register_qualified,True,False,1
da5e1b27cf,FR,none,False,False,0
a6f53d253e,FR,none,False,False,0
fd1d5e2104,FR,none,False,False,0
3da57e8ac0,FR,none,False,False,0
9e981723bf,FR,none,False,False,0
2406517f5c,FR,none,False,False,0
34a617c8bd,FR,none,False,False,0
8373049fbb,FR,register_qualified,True,False,1
b2a66cd55c,FR,register_qualified,True,False,1
e7f2f6e2f9,FR,register_qualified,True,False,1
3a39551f97,FR,register_qualified,True,False,1
98f8d9e0e3,FR,register_qualified,True,False,1
81bbcf37b0,FR,none,False,False,0
5df5c8882e,FR,none,False,False,0
48c10ad653,FR,lei_declared,True,False,1
18b9b1cb95,FR,none,False,False,0
c90fcab275,FR,none,False,False,0
0d14b21481,FR,none,False,False,0
94361c9079,FR,register_qualified,True,False,1
cfb2342d89,FR,none,False,False,0
e2cd235767,FR,none,False,False,0
ef6c5164e4,FR,register_qualified,True,False,1
4f12a91541,FR,register_qualified,True,False,1
4ef1da4c0e,FR,register_qualified,True,False,1
82d93fcf25,FR,register_qualified,True,False,1
d8ecc3d9f7,FR,none,False,False,0
7edfe5f76f,FR,register_qualified,True,False,1
03c126cab4,FR,none,False,False,0
83affa5d6f,FR,none,False,False,0
c64c70cbe5,FR,none,False,False,0
42f5136694,FR,none,False,False,0
eea92a7fa0,FR,register_qualified,True,False,1
8501de71dd,FR,register_qualified,True,False,1
b724380bed,FR,register_qualified,True,False,1
68855ea6bc,FR,none,False,False,0
18a61c6e96,FR,none,False,False,0
75989cd9dc,FR,register_qualified,True,False,1
49ff0e1bc7,FR,register_qualified,True,False,1
0db291fb1c,FR,register_qualified,True,False,1
7be97722d0,FR,register_qualified,True,False,1
876627e14d,FR,none,False,False,0
7f380ec541,FR,none,False,False,0
f170b303c1,FR,register_qualified,True,False,1
4f8a0e5769,FR,register_qualified,True,False,1
a803a03db1,FR,none,False,False,0
c57231bcda,FR,register_qualified,True,False,1
1e0a53328c,FR,register_qualified,True,False,1
f469040c8e,FR,none,False,False,0
fd363dd569,FR,none,False,False,0
14c19db924,FR,none,False,False,0
4a108f7935,FR,none,False,False,0
7573552007,FR,none,False,False,0
8c9e7acdde,FR,none,False,False,0
41fcacd040,FR,register_qualified,True,False,1
34932a749e,FR,none,False,False,0
fe948566e8,FR,none,False,False,0
0c84e515ca,FR,register_qualified,True,False,1
8019a20136,FR,register_qualified,True,False,1
6adac46f8d,FR,register_qualified,True,False,1
3f61e0dffc,FR,register_qualified,True,False,1
e898d3fb44,FR,none,False,False,0
fee7f78cc1,FR,none,False,False,0
d9619bd85c,FR,register_qualified,True,False,1
a1777163a8,FR,register_qualified,True,False,1
63fee3275c,FR,register_qualified,True,False,1
9bfdc84a80,FR,none,False,False,0
93b4722b1a,FR,register_qualified,True,False,1
d22b68478e,FR,register_qualified,True,False,1
981da0a5a9,FR,none,False,False,0
4851f0aab3,FR,register_qualified,True,False,1
3dca7841c7,FR,none,False,False,0
aa2387f174,FR,register_qualified,True,False,1
7657d3344e,FR,none,False,False,0
f362390f2b,FR,register_qualified,True,False,1
7551672630,FR,register_qualified,True,False,1
145a41c70a,FR,none,False,False,0
69a1e6fde5,FR,none,False,False,0
4c1355714e,FR,none,False,False,0
e11277a651,FR,none,False,False,0
ce6e53f35b,FR,none,False,False,0
00017dc45a,FR,register_qualified,True,False,1
70a030b64b,FR,register_qualified,True,False,1
de56cf7640,FR,none,False,False,0
66bcc778cd,FR,none,False,False,0
6fa5c9d935,FR,none,False,False,0
dc29951e6d,FR,lei_declared,True,False,1
54db69feea,FR,none,False,False,0
aa3ed2f38d,FR,none,False,False,0
65a6cc521f,FR,none,False,False,0
56cd8b0d4f,FR,register_qualified,True,False,1
16dab4803e,FR,none,False,False,0
05f9f329b7,FR,none,False,False,0
876f4cabbd,FR,register_qualified,True,False,1
97874cc604,FR,register_qualified,True,False,1
bf03b2295a,FR,none,False,False,0
49a8550456,FR,register_qualified,True,False,1
dd79a5aeb7,FR,register_qualified,True,False,1
52571edd95,FR,register_qualified,True,False,1
5de4da6f1e,FR,none,False,False,0
984462c574,FR,register_qualified,True,False,1
92f60589d2,FR,none,False,False,0
8de1e71205,FR,none,False,False,0
732246e070,FR,none,False,False,0
54f32ee982,FR,none,False,False,0
5404918152,FR,none,False,False,0
49050bb60c,FR,none,False,False,0
9d9f2a4a42,FR,none,False,False,0
3cf9658962,FR,none,False,False,0
bbf6716023,FR,none,False,False,0
02c9ea73f1,FR,register_qualified,True,False,1
5d2b03edb2,FR,none,False,False,0
1cb877bc01,FR,none,False,False,0
681b818514,FR,register_qualified,True,False,1
8be96a3ab7,FR,none,False,False,0
5ce08c44f2,FR,none,False,False,0
efb7e6687c,FR,none,False,False,0
1e34d154f9,FR,register_qualified,True,False,1
94b5996113,FR,none,False,False,0
0998e25a89,FR,register_qualified,True,False,1
67134a84e4,FR,none,False,False,0
2ece927e6c,FR,register_qualified,True,False,1
4da11eb856,FR,none,False,False,0
09f052aa8b,FR,register_qualified,True,False,1
d35a257178,FR,none,False,False,0
b13b27d763,FR,none,False,False,0
b14fb55301,FR,register_qualified,True,False,1
5eb722071d,FR,none,False,False,0
53954fad63,FR,none,False,False,0
d72ddb5cd7,FR,register_qualified,True,False,1
dc1f71adbe,FR,none,False,False,0
0259c95a03,FR,none,False,False,0
2223d9c0e2,FR,none,False,False,0
a996aabde6,FR,register_qualified,True,False,1
40b0771835,FR,none,False,False,0
dea2fe769f,FR,none,False,False,0
6f57b7d559,FR,none,False,False,0
ba0dcd418f,FR,none,False,False,0
fefd947ff2,FR,none,False,False,0
3c693f3ec1,FR,none,False,False,0
4bf7c4e33a,FR,none,False,False,0
ccf42eb14b,FR,register_qualified,True,False,1
08b0dcd84f,FR,none,False,False,0
fc2c8efd30,FR,register_qualified,True,False,1
076b83aff1,FR,none,False,False,0
4fa1b65ae2,FR,register_qualified,True,False,1
c8cfdd2d17,FR,none,False,False,0
effbc6aff6,FR,register_qualified,True,False,1
6bbd9f82e5,FR,register_qualified,True,False,1
e0999b4705,FR,register_qualified,True,False,1
5a16c0cdbb,FR,none,False,False,0
4e91f8d6dd,FR,none,False,False,0
2e6b6d4c7b,FR,none,False,False,0
084031d619,FR,register_qualified,True,False,1
8f54e9b4dc,FR,none,False,False,0
70a10b592a,FR,none,False,False,0
ede634ac2c,FR,none,False,False,0
d1114bbbae,FR,none,False,False,0
e6c9d1aa75,FR,none,False,False,0
c0d37c9e09,FR,none,False,False,0
8e0c8be9ba,FR,none,False,False,0
f8cfb8007f,FR,none,False,False,0
4007b6acbc,FR,none,False,False,0
b400725112,FR,register_qualified,True,False,1
d12afef4a1,FR,register_qualified,True,False,1
d70ffb2717,FR,none,False,False,0
6a081abaa0,FR,register_qualified,True,False,1
ea4fa42051,FR,none,False,False,0
4ee9fd61cb,FR,none,False,False,0
4e8656f659,FR,none,False,False,0
24ca584834,FR,none,False,False,0
8ae037a67d,FR,none,False,False,0
5b78b06059,FR,register_qualified,True,False,1
8c6a9e6b36,FR,none,False,False,0
58eb024a8c,FR,none,False,False,0
700c842996,FR,none,False,False,0
2023606bc7,FR,none,False,False,0
f92f8427a7,FR,register_qualified,True,False,1
5381ca839c,FR,none,False,False,0
926fd1daa0,FR,none,False,False,0
b9d156c908,FR,none,False,False,0
c7f06dac4a,FR,register_qualified,True,False,1
b1c5908bcb,FR,register_qualified,True,False,1
9815e73134,FR,none,False,False,0
27a2f51b02,FR,none,False,False,0
ae476b2f3d,FR,none,False,False,0
a560a68fd0,FR,none,False,False,0
f69b7b62a5,FR,register_qualified,True,False,1
422c1c6c69,FR,register_qualified,True,False,1
2b5b12e488,FR,register_qualified,True,False,1
51693ad1ef,FR,none,False,False,0
5c3970ba52,FR,none,False,False,0
c3513b3203,FR,none,False,False,0
8a4a330b21,FR,none,False,False,0
127f1a26cf,FR,none,False,False,0
e141c25090,FR,none,False,False,0
b99bcf6d69,FR,none,False,False,0
45a1fdfd6e,FR,none,False,False,0
30942b4a22,FR,none,False,False,0
6fa32bffc2,FR,lei_declared,True,False,1
078ce2d18d,FR,none,False,False,0
a597eb45da,FR,register_qualified,True,False,1
637782c813,FR,none,False,False,0
6099448c06,FR,none,False,False,0
3cea655a91,FR,none,False,False,0
5ae34ab511,FR,none,False,False,0
6f83e629cc,FR,none,False,False,0
1ac1c2cb25,FR,none,False,False,0
c2e2a0c2bb,FR,none,False,False,0
39c8ce0d21,FR,none,False,False,0
76cedbdab6,FR,none,False,False,0
985fbc51e2,FR,none,False,False,0
1e2e0be57b,FR,none,False,False,0
c4ecfaf5ec,FR,none,False,False,0
95b9179189,FR,none,False,False,0
936671f892,FR,register_qualified,True,False,1
ee4a96b576,FR,none,False,False,0
cc5dd92a10,FR,register_qualified,True,False,1
5bd90ee9d8,FR,none,False,False,0
7a29f14d22,FR,none,False,False,0
c48dbfa4b5,FR,none,False,False,0
7c4d5e104d,FR,register_qualified,True,False,1
447691f4e9,FR,none,False,False,0
7477f555c6,FR,none,False,False,0
13067baecc,FR,none,False,False,0
6039720a9a,FR,register_qualified,True,False,1
bcf0c790a2,FR,none,False,False,0
a6a8385eba,FR,none,False,False,0
4120aca643,FR,none,False,False,0
d836cf2dc3,FR,none,False,False,0
c4482df062,FR,none,False,False,0
b131dbdbaa,FR,none,False,False,0
e62317a75a,FR,register_qualified,True,False,1
145f0c4350,FR,none,False,False,0
3e831351bc,FR,none,False,False,0
df16275e27,FR,none,False,False,0
28b36adf28,FR,none,False,False,0
4dad0b471a,FR,register_qualified,True,False,1
fe8477359f,FR,register_qualified,True,False,1
ebc78779c6,FR,none,False,False,0
2f0f0f9519,FR,lei_declared,True,False,1
77251fee32,FR,none,False,False,0
fe4e32ca56,FR,none,False,False,0
9c01303ebc,FR,none,False,False,0
87df48f547,FR,register_qualified,True,False,1
9345f00b7f,FR,register_qualified,True,False,1
e788eaa897,FR,register_qualified,True,False,1
e531d69914,FR,register_qualified,True,False,1
e7f2029fa4,FR,none,False,False,0
448ea87e12,FR,register_qualified,True,False,1
23e8c58c54,FR,register_qualified,True,False,1
f60164f304,FR,none,False,False,0
97f178dea4,FR,register_qualified,True,False,1
b43387409e,FR,none,False,False,0
a3593a2ce3,FR,register_qualified,True,False,1
ccb8ffc447,FR,none,False,False,0
1937201e6b,FR,register_qualified,True,False,1
0bab9e9115,FR,none,False,False,0
a0b11d7531,FR,register_qualified,True,False,1
a1ac42b64f,FR,none,False,False,0
0bb9d9b8cb,FR,none,False,False,0
0ad813c295,FR,register_qualified,True,False,1
ae88985887,FR,register_qualified,True,False,1
631fba7709,FR,register_qualified,True,False,1
fcb361a6e3,FR,none,False,False,0
dbac11f626,FR,none,False,False,0
b901595327,FR,register_qualified,True,False,1
4d617ce8fa,FR,register_qualified,True,False,1
100fe79f2d,FR,none,False,False,0
a5015aa6a9,FR,none,False,False,0
efd3e6ce96,FR,register_qualified,True,False,1
dd3e7f1c3a,FR,register_qualified,True,False,1
af786f9ff9,FR,register_qualified,True,False,1
4cf24686ed,FR,register_qualified,True,False,1
e31e7aa22d,FR,none,False,False,0
160556f132,FR,register_qualified,True,False,1
e9eb769d38,FR,none,False,False,0
a168e7a664,FR,none,False,False,0
5756ee1b9f,FR,none,False,False,0
d848e205e2,FR,none,False,False,0
c7fd139efd,FR,register_qualified,True,False,1
18a0efd055,FR,register_qualified,True,False,1
3c62f73d79,FR,register_qualified,True,False,1
48c6caf183,FR,none,False,False,0
4ee2c502ec,FR,none,False,False,0
9822652ce5,FR,none,False,False,0
dc69aa239f,FR,lei_declared,True,False,1
e0105ac61a,FR,none,False,False,0
e5b43de6e3,FR,none,False,False,0
b9569aecb3,FR,none,False,False,0
6ecdb72f02,FR,none,False,False,0
527c3a3fa4,FR,none,False,False,0
69b4cb0241,FR,register_qualified,True,False,1
767e3c8831,FR,none,False,False,0
ac07ae69fa,FR,lei_declared,True,False,1
75d0775c47,FR,none,False,False,0
cc9d2ac340,FR,none,False,False,0
2d76a11c52,FR,none,False,False,0
4301aad2f3,FR,register_qualified,True,False,1
234b4894f3,FR,none,False,False,0
36c00c9415,FR,none,False,False,0
cdfb63c2e8,FR,none,False,False,0
85fdff7137,FR,none,False,False,0
7d5aad4b11,FR,none,False,False,0
f2fe72bb05,FR,none,False,False,0
e93f295975,FR,none,False,False,0
8db28a7371,FR,register_qualified,True,False,1
bbc6b82d1d,FR,none,False,False,0
6398280fab,FR,register_qualified,True,False,1
ddefc60ec9,FR,none,False,False,0
39422a2765,FR,none,False,False,0
1ecf8fe7a0,FR,none,False,False,0
3811aa62ad,FR,none,False,False,0
3177f789d7,FR,lei_declared,True,False,1
c69ec63f3f,FR,none,False,False,0
6d9c419284,FR,none,False,False,0
49b9ab841f,FR,none,False,False,0
88fe42ebbc,FR,register_qualified,True,False,1
8797f4367f,FR,register_qualified,True,False,1
ce4267f972,FR,none,False,False,0
9ec0c2f64d,FR,none,False,False,0
70c3c8f6e6,FR,none,False,False,0
43c12e2c58,FR,none,False,False,0
8502323e66,FR,none,False,False,0
781eed22a6,FR,none,False,False,0
9c4202aaf3,FR,none,False,False,0
6fc9f89c40,FR,register_qualified,True,False,1
435af2b437,FR,none,False,False,0
c44b90e8fb,FR,register_qualified,True,False,1
420f355262,FR,none,False,False,0
d219d162da,FR,register_qualified,True,False,1
6728bbcd78,FR,register_qualified,True,False,1
0855e6c05f,FR,register_qualified,True,False,1
eb2589cc73,FR,none,False,False,0
2d26daed98,FR,register_qualified,True,False,1
8a8c7e0405,FR,none,False,False,0
e3e4d06941,FR,none,False,False,0
7734c5b959,FR,none,False,False,0
fd6b66f116,FR,none,False,False,0
f32de7aa3a,FR,none,False,False,0
2d768d1b13,FR,none,False,False,0
b7e6b2bb84,FR,none,False,False,0
860e1a10d4,FR,none,False,False,0
a18b169c1d,FR,none,False,False,0
0f23cceb45,FR,none,False,False,0
98adc48f2e,FR,register_qualified,True,False,1
f28bf39c24,FR,register_qualified,True,False,1
c43960d25b,FR,none,False,False,0
29ffe62047,FR,none,False,False,0
2073fa41ba,FR,none,False,False,0
3a00377f7a,FR,register_qualified,True,False,1
d58b640943,FR,none,False,False,0
273be44dad,FR,none,False,False,0
dea6b66ba6,FR,none,False,False,0
8e88ab1a29,FR,none,False,False,0
44d491b5fa,FR,none,False,False,0
cf299a505b,FR,none,False,False,0
5b7df55a6f,FR,register_qualified,True,False,1
2157e75ac0,FR,register_qualified,True,False,1
bee4c9b6d0,FR,register_qualified,True,False,1
c855c912bf,FR,register_qualified,True,False,1
702d77bae8,FR,none,False,False,0
2ea3ebb647,FR,register_qualified,True,False,1
593357ccc0,FR,register_qualified,True,False,1
5cbd179155,FR,none,False,False,0
0b2b12a61e,FR,register_qualified,True,False,1
a289c1bf04,FR,register_qualified,True,False,1
a10b80416b,FR,register_qualified,True,False,1
8f649d2699,FR,none,False,False,0
bd992d247d,FR,register_qualified,True,False,1
b442af3cf0,FR,register_qualified,True,False,1
333a89bc73,FR,none,False,False,0
3e75449196,FR,none,False,False,0
c5a9d4e8c5,FR,none,False,False,0
d3b97ee289,FR,register_qualified,True,False,1
270b0c99e1,FR,none,False,False,0
81884c5a56,FR,none,False,False,0
90cdfead73,FR,none,False,False,0
5690513410,FR,register_qualified,True,False,1
943e93427d,FR,none,False,False,0
0a632e8bf5,FR,register_qualified,True,False,1
ce47d4fbe1,FR,none,False,False,0
d8876f20f4,FR,register_qualified,True,False,1
071541a96d,FR,none,False,False,0
72f16c6350,FR,none,False,False,0
a1eeb28ca3,FR,register_qualified,True,False,1
2c5376d7a5,FR,register_qualified,True,False,1
9ec0bcf0e0,FR,register_qualified,True,False,1
1fc428c5e5,FR,register_qualified,True,False,1
2c8cbe8804,FR,register_qualified,True,False,1
28589b193f,FR,none,False,False,0
381a1566bf,FR,register_qualified,True,False,1
8c42f62a7b,FR,none,False,False,0
596a75b4b1,FR,none,False,False,0
d804362e61,FR,none,False,False,0
9da52828be,FR,none,False,False,0
28d197ed5d,FR,register_qualified,True,False,1
ce3edd064c,FR,none,False,False,0
417c0f991e,FR,register_qualified,True,False,1
0f9580cee8,FR,register_qualified,True,False,1
a7d47b759e,FR,none,False,False,0
069f5f6ecf,FR,register_qualified,True,False,1
19466f2043,FR,register_qualified,True,False,1
1dc97aa807,FR,none,False,False,0
7e81067b1f,FR,register_qualified,True,False,1
7fc38234c4,FR,none,False,False,0
c49d2f7d3f,FR,none,False,False,0
3f4b1783e4,FR,none,False,False,0
ddf1bebba7,FR,register_qualified,True,False,1
abfccc336b,FR,none,False,False,0
d9321591a2,FR,none,False,False,0
2675be96b4,FR,none,False,False,0
497715475b,FR,none,False,False,0
f441ebf737,FR,register_qualified,True,False,1
e7c9174d28,FR,register_qualified,True,False,1
900b220c3d,FR,register_qualified,True,False,1
feef16fe59,FR,none,False,False,0
11bb23edd9,FR,register_qualified,True,False,1
55409847b8,FR,register_qualified,True,False,1
a2ba638c0c,FR,none,False,False,0
ae6a30e261,FR,register_qualified,True,False,1
bbdc806bc4,FR,register_qualified,True,False,1
e057f90ba5,FR,none,False,False,0
23a8ae3be4,FR,none,False,False,0
34e0a6d6dd,FR,none,False,False,0
53724239d0,FR,none,False,False,0
0eb3c406c7,FR,none,False,False,0
d57e74651a,FR,none,False,False,0
c602394887,FR,lei_declared,True,False,1
5517f17a2a,FR,lei_declared,True,False,1
f6d57924e2,FR,none,False,False,0
0d5d2a40d6,FR,none,False,False,0
12d3017572,FR,none,False,False,0
2d7d61be7c,FR,none,False,False,0
d530ad8743,FR,register_qualified,True,False,1
dbbe4af66b,FR,register_qualified,True,False,1
93613d8279,FR,none,False,False,0
680895c3ea,FR,none,False,False,0
bfbc567693,FR,register_qualified,True,False,1
30f80c240c,FR,none,False,False,0
8771d4b6c1,FR,register_qualified,True,False,1
4e5eee5a2c,FR,none,False,False,0
1adbcd8567,FR,register_qualified,True,False,1
a20d09e2e9,FR,none,False,False,0
3d672510fa,FR,none,False,False,0
7724ae7a3d,FR,none,False,False,0
0dbf3ba887,FR,none,False,False,0
e8dac11eba,FR,lei_declared,True,False,1
603bc0568c,FR,register_qualified,True,False,1
18c9987f96,FR,none,False,False,0
71d949ff74,FR,none,False,False,0
2a56817c5b,FR,register_qualified,True,False,1
258c199248,FR,register_qualified,True,False,1
6a8229ec51,FR,none,False,False,0
7065017bb1,FR,none,False,False,0
03615f449f,FR,none,False,False,0
52a86528fb,FR,register_qualified,True,False,1
43969875e2,FR,none,False,False,0
1bfbc65541,FR,none,False,False,0
d7bda764b5,FR,none,False,False,0
d5a95a029a,FR,register_qualified,True,False,1
8be746e269,FR,none,False,False,0
78c7b55b8d,FR,none,False,False,0
82f66ce387,FR,none,False,False,0
1a023a088a,FR,none,False,False,0
3ce9451e1a,FR,none,False,False,0
e31ca8d87a,FR,none,False,False,0
629a261793,FR,none,False,False,0
5d8c262e82,FR,none,False,False,0
28e8f85de0,FR,none,False,False,0
8b71de5d8e,FR,none,False,False,0
05f7abe734,FR,none,False,False,0
f56f9256b0,FR,none,False,False,0
9933878690,FR,register_qualified,True,False,1
eb08e0e17f,FR,none,False,False,0
328b61ed5e,FR,none,False,False,0
206c063409,FR,none,False,False,0
306c29964d,FR,register_qualified,True,False,1
e7d63f7eee,FR,none,False,False,0
b87e33618b,FR,none,False,False,0
fda6c878f0,FR,none,False,False,0
4eac54b959,FR,none,False,False,0
c6c084e7b2,FR,none,False,False,0
ecb231e101,FR,none,False,False,0
702c00b2a7,FR,none,False,False,0
d587c272f1,FR,register_qualified,True,False,1
6369b67998,FR,lei_declared,True,False,1
3ca47b3532,FR,lei_declared,True,False,1
55ace9796e,FR,lei_declared,True,False,1
c27e60e024,FR,none,False,False,0
76c5f7e8e3,FR,none,False,False,0
fe39c820a8,FR,none,False,False,0
f0b46a0fad,FR,none,False,False,0
e98d36132a,FR,none,False,False,0
caac8836cc,FR,none,False,False,0
a7ffcca7c3,FR,none,False,False,0
7d0b8f82dd,FR,none,False,False,0
eb5004e9ae,FR,register_qualified,True,False,1
05b4cca6a8,FR,none,False,False,0
5692a2582e,FR,lei_declared,True,False,1
6d096403c6,FR,none,False,False,0
26c9e89c2d,FR,lei_declared,True,False,1
40b0f0fc31,FR,none,False,False,0
961d183d1d,FR,register_qualified,True,False,1
905201d69a,FR,lei_declared,True,False,1
1489bbcb11,FR,register_qualified,True,False,1
0eca3c8a91,FR,none,False,False,0
6670086c97,FR,none,False,False,0
d4575b26f2,FR,none,False,False,0
b04ab6ba87,FR,register_qualified,True,False,1
fff2fd5e68,FR,none,False,False,0
e6b740f567,FR,none,False,False,0
80e1a3d1db,FR,register_qualified,True,False,1
c3ae9550f9,FR,none,False,False,0
5c5b99ca43,FR,register_qualified,True,False,1
da56534c89,FR,none,False,False,0
55b517222c,FR,none,False,False,0
091afd33ea,FR,register_qualified,True,False,1
4889b56c06,FR,none,False,False,0
0452fe359d,FR,none,False,False,0
fc76a0c1a3,FR,none,False,False,0
6ea2fd3870,FR,none,False,False,0
2409de74ef,FR,none,False,False,0
a0ddb11825,FR,register_qualified,True,False,1
0cf0fbe197,FR,none,False,False,0
5890fd1244,FR,register_qualified,True,False,1
09f9e53e6d,FR,register_qualified,True,False,1
e3feb0b36f,FR,none,False,False,0
ab7ecf61a0,FR,none,False,False,0
ed7b90d114,FR,register_qualified,True,False,1
5a746545b1,FR,none,False,False,0
7c3c0e5241,FR,register_qualified,True,False,1
2f44f767d1,FR,none,False,False,0
08a91560a3,FR,none,False,False,0
582ef11357,FR,none,False,False,0
934df8bb4a,FR,none,False,False,0
886dcac6d7,FR,none,False,False,0
b0e5afe6e6,FR,none,False,False,0
7c3cc35b92,FR,none,False,False,0
97beffa091,FR,none,False,False,0
eb5af6bcda,FR,register_qualified,True,False,1
9cd735a78a,FR,none,False,False,0
80eed0ce22,FR,none,False,False,0
36eda1132b,FR,register_qualified,True,False,1
3d0e23d6a2,FR,none,False,False,0
2c3eeddfc4,FR,register_qualified,True,False,1
9ec706f476,FR,none,False,False,0
cd697ff54a,FR,none,False,False,0
5eea6285d3,FR,none,False,False,0
2d48a815af,FR,none,False,False,0
80e19b5a69,FR,none,False,False,0
8010b0e8ed,FR,register_qualified,True,False,1
af58c56a2a,FR,register_qualified,True,False,1
82ac0ed2c5,FR,register_qualified,True,False,1
c39f5cf2e1,FR,register_qualified,True,False,1
df7117107e,FR,register_qualified,True,False,1
76bde2e251,FR,register_qualified,True,False,1
29ab24386d,FR,register_qualified,True,False,1
dd6a523860,FR,none,False,False,0
50c34b79c9,FR,none,False,False,0
36b3f68cc4,FR,none,False,False,0
b03a18facd,FR,register_qualified,True,False,1
3e08e2ebb8,FR,register_qualified,True,False,1
0880854e7a,FR,register_qualified,True,False,1
a80aa7c880,FR,none,False,False,0
4df0c199c0,FR,register_qualified,True,False,1
a21d23c443,FR,register_qualified,True,False,1
f29deb8888,FR,register_qualified,True,False,1
b088344a6c,FR,none,False,False,0
6cba41ad57,FR,none,False,False,0
8b7b0b5c57,FR,none,False,False,0
244f5d2556,FR,none,False,False,0
98af5461dd,FR,none,False,False,0
89a6be7173,FR,register_qualified,True,False,1
37efe3a275,FR,lei_declared,True,False,1
936de466fe,FR,none,False,False,0
037c564914,FR,register_qualified,True,False,1
332621bdec,FR,none,False,False,0
19459192b3,FR,none,False,False,0
2e6aafd39c,FR,none,False,False,0
a6332da756,FR,none,False,False,0
4281f04419,FR,register_qualified,True,False,1
d6557f2cda,FR,register_qualified,True,False,1
68b7633647,FR,none,False,False,0
f1b7039488,FR,register_qualified,True,False,1
c7f07594b6,FR,none,False,False,0
a731baeea2,FR,none,False,False,0
c00bfedfef,FR,none,False,False,0
1fbec0d0c4,FR,register_qualified,True,False,1
8aa981e279,FR,register_qualified,True,False,1
2acd626db8,FR,none,False,False,0
0abf6f27b1,FR,none,False,False,0
cfab9201d2,FR,register_qualified,True,False,1
b4a732cbc0,FR,none,False,False,0
4674a19ad4,FR,none,False,False,0
d088d0c627,FR,none,False,False,0
e2a79a0cb7,FR,none,False,False,0
e42782bf41,FR,register_qualified,True,False,1
36f8e821b8,FR,none,False,False,0
e642e9fd35,FR,register_qualified,True,False,1
58a9d080e9,FR,lei_declared,True,False,1
fe0cbcda68,FR,none,False,False,0
ce16f9aade,FR,none,False,False,0
223476b10a,FR,none,False,False,0
17f6a8b797,FR,register_qualified,True,False,1
0957877d05,FR,none,False,False,0
66207534d7,FR,none,False,False,0
44234a9a62,FR,register_qualified,True,False,1
726e377aed,FR,register_qualified,True,False,1
c70fae8880,FR,none,False,False,0
5989b60b10,FR,register_qualified,True,False,1
5a762f29cb,FR,none,False,False,0
c0731514cb,FR,none,False,False,0
d846f44541,FR,none,False,False,0
fa26fc3a3d,FR,none,False,False,0
2e4fb2391c,FR,register_qualified,True,False,1
ced32e8bae,FR,register_qualified,True,False,1
4c8a195f43,FR,register_qualified,True,False,1
ac41436115,FR,none,False,False,0
6a148a8573,FR,none,False,False,0
19f77687a2,FR,none,False,False,0
ee155ab40e,FR,none,False,False,0
9d2be24a86,FR,none,False,False,0
3e2ea09ef6,FR,none,False,False,0
93510cbe44,FR,register_qualified,True,False,1
d27592ca7b,FR,register_qualified,True,False,1
9edf5ed778,FR,none,False,False,0
e41553702d,FR,none,False,False,0
be6bb59f2b,FR,none,False,False,0
f37c68ece4,FR,lei_declared,True,False,1
607a7597b2,FR,none,False,False,0
52bf2c259e,FR,none,False,False,0
518246fc5f,FR,none,False,False,0
dc4125b991,FR,register_qualified,True,False,1
12ee0bb11f,FR,none,False,False,0
502dd7e924,FR,none,False,False,0
724dc802c6,FR,register_qualified,True,False,1
d1d7ef62e4,FR,register_qualified,True,False,1
73056d88ef,FR,register_qualified,True,False,1
40c10f77a2,FR,register_qualified,True,False,1
5f6c102cec,FR,register_qualified,True,False,1
d1543b090a,FR,none,False,False,0
3306ac2a6d,FR,register_qualified,True,False,1
767d0348e2,FR,none,False,False,0
d6989f5e06,FR,none,False,False,0
890502fbff,FR,register_qualified,True,False,1
1399b391ca,FR,register_qualified,True,False,1
e89386f981,FR,none,False,False,0
999f6929d5,FR,register_qualified,True,False,1
c04be60387,FR,register_qualified,True,False,1
0861d1f4db,FR,register_qualified,True,False,1
91fcad5dbc,FR,none,False,False,0
7281189e78,FR,none,False,False,0
365a3383b1,FR,lei_declared,True,False,1
78ac4ac88f,FR,lei_declared,True,False,1
3a961a9103,FR,none,False,False,0
4bd008c476,FR,register_qualified,True,False,1
8e3ca6bb30,FR,lei_declared,True,False,1
32ff02f9ec,FR,none,False,False,0
f5cb786994,FR,none,False,False,0
1452af0b62,FR,none,False,False,0
bf187fbdac,FR,none,False,False,0
4d53910d00,FR,none,False,False,0
e85572307c,FR,none,False,False,0
537a0922c2,FR,none,False,False,0
38fd0b22ff,FR,register_qualified,True,False,1
9a61ff99af,FR,register_qualified,True,False,1
efa98609f3,FR,lei_declared,True,False,1
03d5cd982b,FR,none,False,False,0
602b54d3c8,FR,none,False,False,0
8dd335f863,FR,register_qualified,True,False,1
c3d5d401a4,FR,none,False,False,0
393fd29675,FR,none,False,False,0
42f4ec6d54,FR,none,False,False,0
6c244441d7,FR,none,False,False,0
dbdeb881ec,FR,none,False,False,0
19c09b588c,FR,register_qualified,True,False,1
0690d6f7c0,FR,none,False,False,0
e735414609,FR,none,False,False,0
9209afb025,FR,none,False,False,0
5da9773f61,FR,none,False,False,0
da4f673f8b,FR,register_qualified,True,False,1
4c58ed1902,FR,none,False,False,0
2ac500e5b1,FR,register_qualified,True,False,1
d06e6484da,FR,none,False,False,0
500e8c98fd,FR,none,False,False,0
e896d1bc21,FR,none,False,False,0
9528e924d6,FR,register_qualified,True,False,1
fafbd2c445,FR,none,False,False,0
02fd9f3946,FR,none,False,False,0
16f5648609,FR,none,False,False,0
acc562be4c,FR,none,False,False,0
0ddbe6b042,FR,none,False,False,0
5fcd31ad05,FR,none,False,False,0
9f300ed0c4,FR,none,False,False,0
73b200b8ec,FR,register_qualified,True,False,1
5ececb4d23,FR,register_qualified,True,False,1
ccae6d2390,FR,none,False,False,0
c62d46fbd3,FR,register_qualified,True,False,1
12a54d2b4a,FR,none,False,False,0
4598483f90,FR,register_qualified,True,False,1
3380a70607,FR,none,False,False,0
cbfb0c7ce2,FR,none,False,False,0
f3bd06cabe,FR,register_qualified,True,True,2
3e40109c57,FR,none,False,False,0
6db537c4cc,FR,none,False,False,0
7946840253,FR,none,False,False,0
013d69af41,FR,none,False,False,0
6608489b8f,FR,none,False,False,0
01b84f794d,FR,none,False,False,0
a06e0739d3,FR,none,False,False,0
0b39c5faf9,FR,none,False,False,0
0189b016fa,FR,register_qualified,True,False,1
7b4255cd7e,FR,none,False,False,0
6ca16a971f,FR,none,False,False,0
89bb67e218,FR,register_qualified,True,False,1
0ffdaa5826,FR,register_qualified,True,False,1
1885e09ef5,FR,none,False,False,0
3f0ab79047,FR,register_qualified,True,False,1
7327892071,FR,none,False,False,0
7b9f41a26d,FR,none,False,False,0
59609d17e7,FR,none,False,False,0
1f00126470,FR,register_qualified,True,False,1
f7b1b4f35d,FR,register_qualified,True,False,1
42a4eddcdd,FR,none,False,False,0
f214d8986b,FR,none,False,False,0
c3ab77843b,FR,register_qualified,True,False,1
94f55e64ae,FR,none,False,False,0
47b82c57cc,FR,register_qualified,True,False,1
5f68d2fcc9,FR,none,False,False,0
86a85f0491,FR,none,False,False,0
b4ad097a30,FR,none,False,False,0
86b49b6436,FR,lei_declared,True,False,1
e335049cfa,FR,none,False,False,0
da568cf1e3,FR,none,False,False,0
262971ba55,FR,none,False,False,0
936c41f688,FR,register_qualified,True,False,1
c2a81f2d27,FR,register_qualified,True,False,1
3ffade7a0f,FR,none,False,False,0
d733eb818e,FR,none,False,False,0
71404c10d3,FR,none,False,False,0
655192c964,FR,none,False,False,0
7828b8e21e,FR,register_qualified,True,False,1
5242ee8770,FR,none,False,False,0
dc6f431f9b,FR,none,False,False,0
fa98b867cc,FR,register_qualified,True,False,1
850752dda6,FR,none,False,False,0
f58907e4b3,FR,none,False,False,0
6bcc0d9e5e,FR,none,False,False,0
06ef9acc3d,FR,register_qualified,True,False,1
36e05e13c7,FR,none,False,False,0
7a29553d39,FR,register_qualified,True,False,1
0f87234da4,FR,none,False,False,0
9a1f916c68,FR,register_qualified,True,False,1
6fea63ef7e,FR,register_qualified,True,False,1
0a96f236c4,FR,none,False,False,0
f68943c668,FR,register_qualified,True,False,1
7183ee8a0d,FR,register_qualified,True,False,1
194f07242b,FR,register_qualified,True,False,1
6848185072,FR,register_qualified,True,False,1
ec655e3028,FR,none,False,False,0
2e8cdc4d05,FR,register_qualified,True,False,1
eec79f5350,FR,register_qualified,True,False,1
61175ad6e3,FR,none,False,False,0
d095d0d935,FR,register_qualified,True,False,1
9efa193193,FR,register_qualified,True,False,1
a8c4e7eb0f,FR,register_qualified,True,False,1
a79a3ccaff,FR,register_qualified,True,False,1
40fe97fa73,FR,none,False,False,0
acd7f0af90,FR,lei_declared,True,False,1
f6d09fc554,FR,register_qualified,True,False,1
2a4d21fa02,FR,none,False,False,0
9051c7a96b,FR,register_qualified,True,False,1
8ba2c9c81f,FR,none,False,False,0
5bc4e42ed1,FR,register_qualified,True,False,1
e9625367b1,FR,register_qualified,True,False,1
38454ac53e,FR,register_qualified,True,False,1
9ae6ebb621,FR,register_qualified,True,False,1
01b1fb9c21,FR,register_qualified,True,False,1
50afe75fca,FR,none,False,False,0
6968ef2b54,FR,none,False,False,0
4bb7e6a4db,FR,none,False,False,0
900c8430c1,FR,register_qualified,True,False,1
46071d7a18,FR,none,False,False,0
c7e2eb0685,FR,lei_declared,True,False,1
ffd4b4f1bc,FR,none,False,False,0
a24c0e869f,FR,none,False,False,0
ccb51c923d,FR,none,False,False,0
4a4388fe3b,FR,none,False,False,0
9279a4f884,FR,none,False,False,0
a76f35ba91,FR,lei_declared,True,False,1
25629d4fdd,FR,register_qualified,True,False,1
4c27098599,FR,none,False,False,0
b915082961,FR,lei_declared,True,False,1
4e61d48c94,FR,register_qualified,True,False,1
ec94abbb88,FR,register_qualified,True,False,1
e2c8098052,FR,register_qualified,True,False,1
7aeec3da88,FR,register_qualified,True,False,1
ed085924fd,FR,register_qualified,True,False,1
7581ad2918,FR,register_qualified,True,False,1
721b8bd01c,FR,register_qualified,True,False,1
9a45df8570,FR,none,False,False,0
a3b683f680,FR,none,False,False,0
aa9313bb5c,FR,register_qualified,True,False,1
8f12825f39,FR,none,False,False,0
959cc7757a,FR,none,False,False,0
d504baa1de,FR,none,False,False,0
0ba021be87,FR,none,False,False,0
0495adbd93,FR,none,False,False,0
b9604056c0,FR,none,False,False,0
917c346637,FR,none,False,False,0
cbdd36ed5d,FR,register_qualified,True,False,1
cc82c0831f,FR,register_qualified,True,False,1
8c7601dc4c,FR,none,False,False,0
d42655d6a4,FR,none,False,False,0
fc32918723,FR,none,False,False,0
0bd91cef37,FR,none,False,False,0
614855761d,FR,register_qualified,True,False,1
e96371c39b,FR,none,False,False,0
be20440225,FR,none,False,False,0
f39eb0b5b6,FR,none,False,False,0
e67070f1f8,FR,none,False,False,0
11090aa3b7,FR,register_qualified,True,False,1
992d0edae8,FR,none,False,False,0
8a3ea54701,FR,register_qualified,True,False,1
02b9b8ab20,FR,none,False,False,0
245932fd57,FR,none,False,False,0
51cf19e31c,FR,none,False,False,0
4dc5675a03,FR,register_qualified,True,False,1
c28ad33813,FR,none,False,False,0
1703549160,FR,none,False,False,0
cd2bffed94,FR,none,False,False,0
5684b6b8d0,FR,none,False,False,0
89b70f6299,FR,none,False,False,0
36f0559136,FR,none,False,False,0
ac66b7c9f4,FR,none,False,False,0
68e096346f,FR,none,False,False,0
bdc3710278,FR,none,False,False,0
ed2ff23114,FR,none,False,False,0
750c1956f6,FR,register_qualified,True,False,1
c3bc75fb7e,FR,none,False,False,0
b38ad5222e,FR,none,False,False,0
b48622b623,FR,none,False,False,0
9ea05a56d1,FR,register_qualified,True,False,1
425fbbd55c,FR,register_qualified,True,False,1
f42c3b4717,FR,register_qualified,True,False,1
1cef6da371,FR,register_qualified,True,False,1
db1a2b4cc0,FR,register_qualified,True,False,1
120b2403de,FR,none,False,False,0
8ebcc61d2d,FR,register_qualified,True,False,1
f7430c67b5,FR,none,False,False,0
bf70eadcae,FR,none,False,False,0
e0b6dd4c66,FR,none,False,False,0
841da878f3,FR,register_qualified,True,False,1
3a62dd52e9,FR,register_qualified,True,True,2
21825c6953,FR,register_qualified,True,False,1
cf55c8fa43,FR,none,False,False,0
afc6d02863,FR,none,False,False,0
beed5f080c,FR,lei_declared,True,False,1
0b61fb5207,FR,register_qualified,True,False,1
b70f918baa,FR,none,False,False,0
b9ab2b9721,FR,none,False,False,0
30b853573b,FR,none,False,False,0
e514b696d5,FR,none,False,False,0
dcdd87861b,FR,none,False,False,0
754d3f1ca8,FR,none,False,False,0
b671f3116c,FR,none,False,False,0
733e96c8bc,FR,none,False,False,0
7b2cceb05c,FR,none,False,False,0
529cebbf34,FR,register_qualified,True,False,1
0af06d7008,FR,register_qualified,True,False,1
6bff0d73b9,FR,none,False,False,0
3b05c0a6e6,FR,none,False,False,0
0d41c1938f,FR,none,False,False,0
0b6b2f3817,FR,register_qualified,True,False,1
cb0df90b9d,FR,none,False,False,0
a68e41ece1,FR,register_qualified,True,False,1
4e6280737f,FR,register_qualified,True,False,1
5c42a71f8c,FR,register_qualified,True,False,1
c8911b317d,FR,none,False,False,0
7fefe49e88,FR,none,False,False,0
e21aca3322,FR,lei_declared,True,False,1
e5ef03b677,FR,register_qualified,True,False,1
3e078e25e2,FR,none,False,False,0
a26bf4a943,FR,none,False,False,0
ac64209efb,FR,none,False,False,0
62f6c4da36,FR,none,False,False,0
ac4e9e9de7,FR,none,False,False,0
80978975e4,FR,none,False,False,0
4271599c0f,FR,none,False,False,0
174600abf5,FR,none,False,False,0
bfde99e2cd,FR,none,False,False,0
1223e7d710,FR,register_qualified,True,False,1
ca3e918db3,FR,register_qualified,True,False,1
c4798e7aa4,FR,none,False,False,0
95a37f1115,FR,none,False,False,0
78491059cc,FR,none,False,False,0
30d4792558,FR,none,False,False,0
af34d55545,FR,none,False,False,0
ab414259a4,FR,none,False,False,0
5d4938686d,FR,none,False,False,0
da0b8e7a3d,FR,none,False,False,0
c438a877cf,FR,register_qualified,True,False,1
1c2ea80f50,FR,none,False,False,0
ba8d6e9200,FR,none,False,False,0
2609a85280,FR,none,False,False,0
830c35cca8,FR,none,False,False,0
1e9c48a89f,FR,none,False,False,0
2e9c62e867,FR,none,False,False,0
7d48e50863,FR,none,False,False,0
ca9f43a2de,FR,none,False,False,0
6869f81554,FR,none,False,False,0
54aed5e918,FR,register_qualified,True,False,1
0495a7c37c,FR,none,False,False,0
8ea28de680,FR,none,False,False,0
262956a357,FR,register_qualified,True,False,1
ea355524af,FR,none,False,False,0
b3c53f2cd5,FR,none,False,False,0
1db2423cc6,FR,register_qualified,True,False,1
f1bad71cf1,FR,register_qualified,True,False,1
e7c0d5a7f7,FR,none,False,False,0
f73fea988e,FR,register_qualified,True,False,1
3d1ad5e7db,FR,register_qualified,True,False,1
a469c72c62,FR,register_qualified,True,False,1
94096ff3ed,FR,register_qualified,True,False,1
e45699ca24,FR,none,False,False,0
a70c179025,FR,none,False,False,0
f1e9755993,FR,none,False,False,0
b93a1b5d68,FR,register_qualified,True,False,1
4c115e5ad7,FR,register_qualified,True,False,1
869ee89ce0,FR,register_qualified,True,False,1
1a3f2317be,FR,register_qualified,True,False,1
64a6cd0fb4,FR,none,False,False,0
8d9ffa47b1,FR,none,False,False,0
9c7573fe52,FR,register_qualified,True,False,1
67c2010cc1,FR,register_qualified,True,False,1
5b8d24b2c7,FR,register_qualified,True,False,1
8acde6f508,FR,register_qualified,True,False,1
0f7ac3ed71,FR,register_qualified,True,False,1
b97b1c3e31,FR,none,False,False,0
14df470519,FR,none,False,False,0
520ed8d636,FR,register_qualified,True,False,1
0039177063,FR,register_qualified,True,False,1
5ad4852532,FR,none,False,False,0
cf6ac3ca3d,FR,none,False,False,0
b9856332bb,FR,none,False,False,0
3e5fec1ad7,FR,none,False,False,0
58285f004d,FR,register_qualified,True,False,1
6cd327fdd3,FR,none,False,False,0
e90b1f19dc,FR,none,False,False,0
b6d9c61bc2,FR,none,False,False,0
4d6ab33cb9,FR,none,False,False,0
6082bb4773,FR,none,False,False,0
75bffcf162,FR,none,False,False,0
1e23f15d24,FR,register_qualified,True,False,1
22fdf430bc,FR,register_qualified,True,False,1
f5a559c0d2,FR,register_qualified,True,False,1
43e1131377,FR,none,False,False,0
0df8cb7bb0,FR,none,False,False,0
0e2c6b2028,FR,register_qualified,True,False,1
f87af14c32,FR,none,False,False,0
ae15560891,FR,none,False,False,0
6779f24f2f,FR,register_qualified,True,False,1
8df88425cb,FR,none,False,False,0
048ee48fbe,FR,none,False,False,0
bc4033d4e4,FR,register_qualified,True,False,1
3891d8ea46,FR,register_qualified,True,False,1
2017c83ccf,FR,register_qualified,True,False,1
abb055acfd,FR,none,False,False,0
57ce64ec99,FR,none,False,False,0
46b7b92cc3,FR,none,False,False,0
e9de53eaeb,FR,none,False,False,0
0c6c32a797,FR,register_qualified,True,False,1
92aef66882,FR,none,False,False,0
93332b62d5,FR,none,False,False,0
cd52cb9a09,FR,none,False,False,0
012c01540b,FR,none,False,False,0
683ef7dea1,FR,register_qualified,True,False,1
f0acfa13af,FR,register_qualified,True,False,1
263dbb4608,FR,register_qualified,True,False,1
16a5aaeb7e,FR,register_qualified,True,False,1
91b284f1af,FR,register_qualified,True,False,1
b85c6962e4,FR,none,False,False,0
2f2650510e,FR,none,False,False,0
cd4df28c7f,FR,none,False,False,0
5ed95805b5,FR,none,False,False,0
fe37d2dd36,FR,register_qualified,True,False,1
44340b187c,FR,none,False,False,0
16979e2d22,FR,none,False,False,0
aa9902b70f,FR,none,False,False,0
748deb5d94,FR,none,False,False,0
d7641b65c4,FR,register_qualified,True,False,1
1a27089167,FR,none,False,False,0
f6306510ce,FR,none,False,False,0
b4b86fd95a,FR,none,False,False,0
8c609f5ed6,FR,register_qualified,True,False,1
ecc947315c,FR,none,False,False,0
397fee00b4,FR,none,False,False,0
12f5cf0fe4,FR,register_qualified,True,False,1
56931f2a6e,FR,none,False,False,0
2efe8558ab,FR,none,False,False,0
b252e96f41,FR,none,False,False,0
07e40a7ae7,FR,register_qualified,True,False,1
e758fcd547,FR,none,False,False,0
bfc1db01be,FR,none,False,False,0
59797ce996,FR,none,False,False,0
2271dbb6df,FR,none,False,False,0
e355f7446f,FR,none,False,False,0
f3441eb797,FR,none,False,False,0
658d118db6,FR,none,False,False,0
da933524b8,FR,none,False,False,0
c6a2c85802,FR,none,False,False,0
a3a08f40a8,FR,none,False,False,0
8c7f66c36c,FR,none,False,False,0
99c187a7d3,FR,none,False,False,0
6560319949,FR,none,False,False,0
91312e501b,FR,none,False,False,0
d376a6305f,FR,none,False,False,0
8fed93a010,FR,none,False,False,0
c3ed07ce2c,FR,none,False,False,0
54725e7179,FR,none,False,False,0
7b9b9fd4a3,FR,register_qualified,True,False,1
12bd70532e,FR,register_qualified,True,False,1
78a8d68b98,FR,none,False,False,0
9cd9a778d0,FR,register_qualified,True,False,1
da6ff27017,FR,lei_declared,True,False,1
1d66c4a318,FR,register_qualified,True,False,1
65b1d2b263,FR,register_qualified,True,False,1
d563d7018a,FR,none,False,False,0
a70f0b86d0,FR,register_qualified,True,False,1
31f5469dcd,FR,register_qualified,True,False,1
172ee27b67,FR,register_qualified,True,False,1
6f4cdc5b56,FR,register_qualified,True,False,1
87ee3175fa,FR,none,False,False,0
990e6e0d09,FR,none,False,False,0
0dee655c6e,FR,none,False,False,0
d2b06b5b24,FR,none,False,False,0
671b5c754b,FR,none,False,False,0
5fa0f7597e,FR,none,False,False,0
5d79623cd9,FR,register_qualified,True,False,1
fa2b34290d,FR,none,False,False,0
8b7db4b611,FR,none,False,False,0
dc3d1c5765,FR,none,False,False,0
6e3b1a9ce6,FR,none,False,False,0
f27f3cef61,FR,none,False,False,0
ad6fff7362,FR,none,False,False,0
2d2e99943e,FR,none,False,False,0
96d11daa5b,FR,none,False,False,0
6632f58197,FR,none,False,False,0
039134a9ed,FR,none,False,False,0
9fa8d5b52c,FR,none,False,False,0
4a6aaa3457,FR,none,False,False,0
185e00fdf0,FR,register_qualified,True,False,1
c095b77494,FR,none,False,False,0
d23398044b,FR,register_qualified,True,False,1
a610b1e48e,FR,register_qualified,True,False,1
2509f50335,FR,none,False,False,0
5302632d08,FR,register_qualified,True,False,1
b68d3b73e8,FR,none,False,False,0
ad12e08bab,FR,register_qualified,True,False,1
06b3e747b5,FR,register_qualified,True,False,1
00fe6cea0b,FR,register_qualified,True,False,1
682f444737,FR,register_qualified,True,False,1
07498c9ff4,FR,register_qualified,True,False,1
339c61a59f,FR,register_qualified,True,False,1
ded44c3053,FR,register_qualified,True,False,1
1da6370b32,FR,register_qualified,True,False,1
1cbf88d213,FR,none,False,False,0
c1d194e7ec,FR,register_qualified,True,False,1
c2cd43ef0d,FR,none,False,False,0
66a404b650,FR,register_qualified,True,False,1
3c6de68b74,FR,none,False,False,0
e997d65644,FR,none,False,False,0
225cddb2d5,FR,lei_declared,True,False,1
48c000c8a8,FR,none,False,False,0
09318bd121,FR,none,False,False,0
dab02824f5,FR,none,False,False,0
8d001c606b,FR,register_qualified,True,False,1
08e204af54,FR,none,False,False,0
eccbb1aec9,FR,none,False,False,0
9af6ef8cd3,FR,register_qualified,True,False,1
969c2d5fe8,FR,none,False,False,0
e96bd1c2b2,FR,none,False,False,0
3c86a7f3c4,FR,register_qualified,True,False,1
d22043304c,FR,none,False,False,0
5822b16285,FR,none,False,False,0
277b4d2f6a,FR,none,False,False,0
1c7e7b6907,FR,register_qualified,True,False,1
e52fdeb926,FR,register_qualified,True,False,1
06402fcec8,FR,none,False,False,0
c9e91efd5a,FR,none,False,False,0
3fb68c3ecd,FR,register_qualified,True,False,1
521f6b3587,FR,none,False,False,0
cf4334162f,FR,register_qualified,True,False,1
3064a62c6a,FR,register_qualified,True,False,1
83deeeeb17,FR,none,False,False,0
35c225f433,FR,none,False,False,0
a6a5276e3b,FR,register_qualified,True,False,1
788f37353d,FR,register_qualified,True,False,1
7c1daaef88,FR,register_qualified,True,False,1
5705680015,FR,none,False,False,0
c5af0d5a62,FR,none,False,False,0
1790d18435,FR,none,False,False,0
8102c69f77,FR,none,False,False,0
9b8dc5faff,FR,register_qualified,True,False,1
9e904489c9,FR,register_qualified,True,False,1
ab333cc1db,FR,none,False,False,0
2294650fc7,FR,register_qualified,True,False,1
881a90444d,FR,none,False,False,0
c4c95d7e8f,FR,register_qualified,True,False,1
578c167f09,FR,none,False,False,0
bf2e83f41f,FR,lei_declared,True,False,1
aac0b367aa,FR,none,False,False,0
4cd4c7d100,FR,lei_declared,True,False,1
6b43eb48ac,FR,register_qualified,True,False,1
c7f43feaf6,FR,none,False,False,0
14bb53bd05,FR,none,False,False,0
94c9c9ff4c,FR,register_qualified,True,False,1
cc3388a89e,FR,none,False,False,0
abb4d1524c,FR,none,False,False,0
97d38f41d6,FR,register_qualified,True,False,1
1588613668,FR,none,False,False,0
7bcfdc9c61,FR,register_qualified,True,False,1
91529626af,FR,none,False,False,0
16332b03b9,FR,none,False,False,0
f5b8f55f68,FR,none,False,False,0
c10eca3827,FR,none,False,False,0
d1fe976331,FR,none,False,False,0
17aa0e041a,FR,none,False,False,0
820f97af95,FR,none,False,False,0
faa6e62018,FR,register_qualified,True,False,1
d705db4464,FR,none,False,False,0
8cd594f818,FR,register_qualified,True,False,1
31aec70614,FR,register_qualified,True,False,1
0f4b41e9b4,FR,none,False,False,0
7df70bd4fd,FR,register_qualified,True,False,1
a3d0ed0d0e,FR,none,False,False,0
90f988171e,FR,none,False,False,0
bb06508d96,FR,register_qualified,True,False,1
ca0801e263,FR,register_qualified,True,False,1
fc28d2124f,FR,none,False,False,0
6108ce22a4,FR,register_qualified,True,False,1
7201600039,FR,register_qualified,True,False,1
e9304f8923,FR,none,False,False,0
b2bdf41e7c,FR,none,False,False,0
89c98624bd,FR,none,False,False,0
0d7ca40214,FR,none,False,False,0
926298550e,FR,none,False,False,0
3c1adbbc1c,FR,none,False,False,0
7d0e789c13,FR,none,False,False,0
3e22268991,FR,none,False,False,0
302327bf82,FR,none,False,False,0
4644a795e7,FR,none,False,False,0
7492ea5970,FR,none,False,False,0
7e164ebb48,FR,none,False,False,0
8484dac895,FR,none,False,False,0
79e348757d,FR,none,False,False,0
04cb4702cf,FR,none,False,False,0
d29b450678,FR,none,False,False,0
e55338ef92,FR,register_qualified,True,False,1
d02ce5b937,FR,register_qualified,True,False,1
7cd236a842,FR,none,False,False,0
09bc682186,FR,register_qualified,True,False,1
d74c141c15,FR,register_qualified,True,False,1
4209af18c7,FR,none,False,False,0
7c244cd878,FR,none,False,False,0
82fa6212f8,FR,none,False,False,0
2222190fca,FR,register_qualified,True,False,1
0cfe5a2fe0,FR,register_qualified,True,False,1
acceab7dec,FR,none,False,False,0
9194a70817,FR,register_qualified,True,False,1
ce344f73a5,FR,none,False,False,0
dd953ff0d4,FR,register_qualified,True,False,1
8df2e7cf89,FR,register_qualified,True,False,1
7685c444e3,FR,register_qualified,True,False,1
0389dd3066,FR,register_qualified,True,False,1
68673f1f2c,FR,register_qualified,True,False,1
5c88fcfe87,FR,none,False,False,0
9c5ad55e52,FR,register_qualified,True,False,1
7743c4a67d,FR,none,False,False,0
79bbf292ee,FR,none,False,False,0
4c3a577a7d,FR,none,False,False,0
86306a4965,FR,lei_declared,True,False,1
b90591ab84,FR,none,False,False,0
daefb957d4,FR,none,False,False,0
33c57657d2,FR,register_qualified,True,False,1
0957578cf9,FR,none,False,False,0
fe3ed9c8e7,FR,none,False,False,0
bb17639814,FR,register_qualified,True,False,1
0f6f224e24,FR,register_qualified,True,False,1
af33ef7c73,FR,register_qualified,True,False,1
3728644dae,FR,none,False,False,0
38fe0f365f,FR,register_qualified,True,False,1
1d14a0764f,FR,register_qualified,True,False,1
2eb01bc4c3,FR,none,False,False,0
0ef10f330c,FR,register_qualified,True,False,1
812afb0686,FR,none,False,False,0
3fb36ec623,FR,none,False,False,0
6a423fac2c,FR,none,False,False,0
e4f18da7e0,FR,none,False,False,0
856dfe0537,FR,none,False,False,0
3a97ca44e3,FR,none,False,False,0
0c5766abcf,FR,register_qualified,True,False,1
86c107f605,FR,register_qualified,True,False,1
f9e8388700,FR,none,False,False,0
02134ed2e8,FR,none,False,False,0
1358da6e39,FR,register_qualified,True,False,1
7410526309,FR,none,False,False,0
3fe8ae1a2c,FR,none,False,False,0
c0f3c64196,FR,none,False,False,0
93b2060679,FR,none,False,False,0
4a1852d026,FR,register_qualified,True,False,1
51b707fade,FR,none,False,False,0
5a60a4623b,FR,none,False,False,0
c06d12ada2,FR,register_qualified,True,False,1
b9f0172c8f,FR,none,False,False,0
558fbb3fbf,FR,none,False,False,0
68eafc36b1,FR,none,False,False,0
771d327257,FR,register_qualified,True,False,1
b7a1186d12,FR,register_qualified,True,False,1
56ba730f97,FR,none,False,False,0
3dc2312839,FR,register_qualified,True,False,1
955a8cafb5,FR,register_qualified,True,False,1
48c6e95649,FR,none,False,False,0
1fd4c797ad,FR,none,False,False,0
69b3623dc0,FR,none,False,False,0
e9d7eb2e19,FR,none,False,False,0
3e58dd2f2b,FR,none,False,False,0
b99887cf1b,FR,register_qualified,True,False,1
3a5b0c1269,FR,none,False,False,0
5ccb184a38,FR,register_qualified,True,False,1
a771279d36,FR,none,False,False,0
5a58c631e6,FR,none,False,False,0
11bc7c885f,GR,none,False,False,0
b444e042d9,GR,none,False,False,0
1dc0fbf501,GR,none,False,False,0
82f868bb39,GR,none,False,False,0
f616eaa4bc,GR,register_qualified,True,False,1
5f7286026e,GR,none,False,False,0
96ab32a2ce,GR,none,False,False,0
fda51aface,GR,none,False,False,0
0982ed2029,GR,none,False,False,0
6662bc20df,GR,none,False,False,0
d32560fd03,GR,none,False,False,0
a7cb3cb30a,GR,none,False,False,0
87c49177aa,GR,none,False,False,0
61c3d81aa8,GR,none,False,False,0
fd17bb21cf,GR,none,False,False,0
c587d1a657,GR,none,False,False,0
5be41f8d64,GR,register_qualified,True,False,1
79b2f6fac9,GR,none,False,False,0
dab720f4a1,GR,none,False,False,0
1252d5e750,GR,none,False,False,0
c7289f13ff,GR,none,False,False,0
612efc94d5,GR,none,False,False,0
d27910c707,GR,none,False,False,0
758bf10ae7,GR,none,False,False,0
e0f8a36b98,GR,none,False,False,0
480c98cd68,GR,none,False,False,0
607e5e9b56,GR,none,False,False,0
59e2fe0ddb,GR,none,False,False,0
e066de6dc8,GR,none,False,False,0
ab11c199fb,GR,none,False,False,0
65ca882000,GR,register_qualified,True,False,1
309ee36616,GR,none,False,False,0
30c410d9f9,GR,none,False,False,0
ccf1d5a6af,GR,none,False,False,0
520207f09b,GR,none,False,False,0
500908691e,GR,none,False,False,0
f9a6ce96d6,GR,none,False,False,0
2c051638b0,GR,none,False,False,0
adb563c56a,GR,none,False,False,0
abfafa7e89,GR,none,False,False,0
837585f062,GR,none,False,False,0
ca85eea35e,GR,none,False,False,0
e42c13f78c,GR,none,False,False,0
5f92f09423,GR,none,False,False,0
18e0cc27fc,GR,none,False,False,0
8cb0e59826,GR,none,False,False,0
afbf4c3c62,GR,none,False,False,0
4cb20dd2fb,GR,none,False,False,0
45bed2e314,GR,none,False,False,0
02e521c7a7,GR,none,False,False,0
f67a8d6424,GR,none,False,False,0
aac5fbaff7,GR,none,False,False,0
98f7b51a9e,GR,none,False,False,0
889bc4c295,GR,none,False,False,0
8a8e77b2ce,GR,register_qualified,True,False,1
763146dc48,GR,none,False,False,0
bc5ba2284d,GR,none,False,False,0
6b0c53ba83,GR,none,False,False,0
efc0aeb415,GR,none,False,False,0
b048ab9d91,GR,none,False,False,0
3c977cfe4d,GR,none,False,False,0
34b79ced64,GR,none,False,False,0
40075ae403,GR,none,False,False,0
7e4360a6cd,GR,none,False,False,0
34c3570a74,GR,none,False,False,0
6bc3532b05,GR,none,False,False,0
8a8713534b,GR,none,False,False,0
3906530bd0,GR,none,False,False,0
52b63c4149,GR,none,False,False,0
086ff0ba69,GR,none,False,False,0
943c6345b3,GR,none,False,False,0
92dbe02dcd,GR,none,False,False,0
c41e42c272,GR,none,False,False,0
490d88eb04,GR,none,False,False,0
4e8c514260,GR,none,False,False,0
9bb91df5a0,GR,none,False,False,0
5cc6ecafbb,GR,none,False,False,0
97090fc1e9,GR,none,False,False,0
323dc98284,GR,none,False,False,0
d7626c93cf,GR,none,False,False,0
3999f0d675,GR,none,False,False,0
2b700c89f5,GR,none,False,False,0
22498add37,GR,none,False,False,0
14491fe614,GR,none,False,False,0
24a1d94f48,GR,none,False,False,0
bc3f31db84,GR,none,False,False,0
2fb954c62c,GR,none,False,False,0
f97a6b535f,GR,none,False,False,0
c847561e26,GR,none,False,False,0
639bd674a6,GR,none,False,False,0
d1cb6dd372,GR,register_qualified,True,False,1
570ae70133,GR,none,False,False,0
a9650e9404,GR,none,False,False,0
5221805537,GR,none,False,False,0
15a11bfad2,GR,none,False,False,0
4bad510ea1,GR,none,False,False,0
ce9b4c9a1b,GR,none,False,False,0
ff267a57a0,GR,none,False,False,0
195ab9b24c,GR,none,False,False,0
9710c7ae71,GR,none,False,False,0
ccc33d8ae1,GR,none,False,False,0
17c3003ad5,GR,none,False,False,0
2143d1cf78,GR,none,False,False,0
94d0285d61,GR,none,False,False,0
19d2c4a0c4,GR,none,False,False,0
8724ece108,GR,none,False,False,0
794ef87282,GR,none,False,False,0
26c80f6d2e,GR,none,False,False,0
10b9a4a406,GR,none,False,False,0
a0901740d5,GR,none,False,False,0
9bb8b37f83,GR,none,False,False,0
8bb65f6189,GR,none,False,False,0
cb09f68a87,GR,none,False,False,0
458e1771a5,GR,none,False,False,0
4995490095,GR,none,False,False,0
9b8b9923be,GR,none,False,False,0
7fe85a52de,GR,none,False,False,0
fa22ac4505,GR,none,False,False,0
7d7664a4a4,GR,none,False,False,0
0a6c07117e,GR,none,False,False,0
5ffc2d216c,GR,none,False,False,0
b21608fa17,GR,none,False,False,0
1c0b6f2f82,GR,none,False,False,0
fdbdb1e093,GR,none,False,False,0
5ac993bac4,GR,none,False,False,0
80dbc9e182,GR,none,False,False,0
76919bfd10,GR,none,False,False,0
968fc5cb94,GR,none,False,False,0
413d56891e,GR,none,False,False,0
f1757ac230,GR,none,False,False,0
a4abd8da9e,GR,none,False,False,0
19d104f6c8,GR,none,False,False,0
704f1c08a3,GR,none,False,False,0
c8c25762c4,GR,none,False,False,0
7e84ca3527,GR,none,False,False,0
bdd53be485,GR,register_qualified,True,False,1
6e507192ee,GR,none,False,False,0
4843d6466a,GR,none,False,False,0
be3cad518d,GR,none,False,False,0
703ac5bab5,GR,none,False,False,0
06734083a1,GR,none,False,False,0
ee6174e82e,GR,register_qualified,True,False,1
dc88e55897,GR,none,False,False,0
a4d8e6af02,GR,none,False,False,0
f0fea6b4e7,GR,none,False,False,0
29984299b6,GR,none,False,False,0
6d29098a69,GR,none,False,False,0
40a1333822,GR,none,False,False,0
889afd32d1,GR,none,False,False,0
9c20730b0b,GR,none,False,False,0
f1462fcc24,GR,none,False,False,0
a84791adc1,GR,none,False,False,0
dcfd488b25,GR,none,False,False,0
528beea700,GR,none,False,False,0
4641a90d89,GR,none,False,False,0
35d8d105d9,GR,none,False,False,0
5a23e2ed45,GR,none,False,False,0
20cf671806,GR,register_qualified,True,False,1
5cab970a93,GR,none,False,False,0
a8631528d7,GR,none,False,False,0
65389ef236,GR,none,False,False,0
a41dc3068b,GR,none,False,False,0
baaec75513,GR,none,False,False,0
82dfb1996e,GR,none,False,False,0
eb06d89fe3,GR,none,False,False,0
e68df8d5ce,GR,none,False,False,0
297a4190ae,GR,register_qualified,True,False,1
bcaa7051f8,GR,none,False,False,0
ca2776a5ba,GR,none,False,False,0
ca5686f19c,GR,none,False,False,0
8ebdedc253,GR,none,False,False,0
3525b81eb6,GR,none,False,False,0
fc8858daf1,GR,none,False,False,0
158b2c6fc2,GR,none,False,False,0
af630ea909,GR,none,False,False,0
63b2495b60,GR,none,False,False,0
89f2a1a675,GR,none,False,False,0
acdc038115,GR,none,False,False,0
f8eb9b38a0,GR,none,False,False,0
89b4a5b422,GR,none,False,False,0
06c4c23a0c,GR,none,False,False,0
672131f20e,GR,none,False,False,0
cc10d08ae5,GR,none,False,False,0
7bcaac9afc,GR,none,False,False,0
c4c0636f21,GR,none,False,False,0
47e1940d37,GR,none,False,False,0
f1ebfa7e1e,GR,none,False,False,0
84cec3ffa1,GR,none,False,False,0
dfaf893e90,GR,none,False,False,0
9728d25e74,GR,none,False,False,0
1fd7b4e052,GR,register_qualified,True,False,1
e17faccb1b,GR,none,False,False,0
df6fc58574,GR,none,False,False,0
03d4106429,GR,none,False,False,0
8fd412698c,GR,none,False,False,0
11bd2e3825,GR,none,False,False,0
87f8094b40,GR,none,False,False,0
fc9eb21cd7,GR,none,False,False,0
b681579698,GR,none,False,False,0
c11f5b2f76,GR,none,False,False,0
5818849391,GR,register_qualified,True,False,1
932ef04d84,GR,none,False,False,0
0055f00bfb,GR,none,False,False,0
f61873556d,GR,none,False,False,0
bd3e8a5666,GR,none,False,False,0
bb83bed8d2,GR,none,False,False,0
f98cc454ee,GR,none,False,False,0
4a607a0b56,GR,register_qualified,True,False,1
23ac14a183,GR,none,False,False,0
1de7f7e6f6,GR,none,False,False,0
01bb0c2f81,GR,none,False,False,0
e02089fbf7,GR,none,False,False,0
e6af5ea6e0,GR,none,False,False,0
3e002fc05a,GR,none,False,False,0
711e3b25ed,GR,none,False,False,0
af27dc44fb,GR,none,False,False,0
c064e9e4ae,GR,none,False,False,0
c15a424218,GR,none,False,False,0
d4ffb32524,GR,none,False,False,0
8998bdfb77,GR,none,False,False,0
e31c6b64f7,GR,none,False,False,0
c6d76a8ad6,GR,none,False,False,0
352cf1c7d1,GR,none,False,False,0
44f4611a7c,GR,none,False,False,0
46170e4fa8,GR,none,False,False,0
fb7635cde1,GR,none,False,False,0
44b62bc809,GR,none,False,False,0
d8db167df3,GR,none,False,False,0
af6e424d74,GR,none,False,False,0
56ee15c689,GR,none,False,False,0
e4e62ef3c0,GR,none,False,False,0
95a9e48d1d,GR,none,False,False,0
752bfddca6,GR,none,False,False,0
a7b1a207bc,GR,none,False,False,0
c85a7fc4b8,GR,none,False,False,0
7414b0b28a,GR,none,False,False,0
2756b753f4,GR,none,False,False,0
9271b1d185,GR,none,False,False,0
5e18631b77,GR,none,False,False,0
1abae52509,GR,none,False,False,0
03ee1ff488,GR,none,False,False,0
c5294be727,GR,none,False,False,0
6153e3bc9d,GR,none,False,False,0
615cd70d79,GR,none,False,False,0
ac4734e3dd,GR,none,False,False,0
32b0a24ab9,GR,none,False,False,0
e7a4a50a08,GR,none,False,False,0
7be7940a36,GR,none,False,False,0
c5a4521eee,GR,none,False,False,0
9d38c6ae93,GR,none,False,False,0
306597e838,GR,none,False,False,0
6723b2e5a9,GR,none,False,False,0
3494fad0f3,GR,none,False,False,0
18f15b06ab,GR,none,False,False,0
f03bb8a3b0,GR,none,False,False,0
5f58d92fe5,GR,none,False,False,0
149fc7e586,GR,none,False,False,0
cdf35495c5,GR,none,False,False,0
732eab96ad,GR,lei_declared,True,False,1
8bdd2752ba,GR,register_qualified,True,False,1
ce072cd2cc,GR,none,False,False,0
bbd5463680,GR,none,False,False,0
21f9c4ffb8,GR,none,False,False,0
0d29d52fe7,GR,none,False,False,0
4067ffe7a9,GR,none,False,False,0
e8584b8393,GR,register_qualified,True,False,1
42a6bd2e07,GR,none,False,False,0
5ad95007bf,GR,none,False,False,0
14eac44237,GR,none,False,False,0
d181940631,GR,none,False,False,0
51735ac728,GR,none,False,False,0
1a2d732bb8,GR,none,False,False,0
07e5a3406c,GR,register_qualified,True,False,1
0e1dfe1faf,GR,register_qualified,True,False,1
225cf89d51,GR,none,False,False,0
b0709a0750,GR,none,False,False,0
dd7e60ee6a,GR,none,False,False,0
768bae7c65,GR,none,False,False,0
3c912a4cd2,GR,none,False,False,0
04781ba174,GR,none,False,False,0
e1f46bc472,GR,none,False,False,0
01271007a9,GR,none,False,False,0
7be06cd605,GR,register_qualified,True,False,1
614c02087f,GR,none,False,False,0
e13afafd80,GR,none,False,False,0
9c06bb7e25,GR,none,False,False,0
3de1918551,GR,none,False,False,0
7bd12c381e,GR,none,False,False,0
f353f81c34,GR,none,False,False,0
2dc700a45f,GR,none,False,False,0
1bfdeb3427,GR,none,False,False,0
de924be0d9,GR,register_qualified,True,False,1
a083d846fa,GR,none,False,False,0
a06797c20b,GR,none,False,False,0
3c2d276b1d,GR,none,False,False,0
6a61a209f1,GR,none,False,False,0
5b2c755743,GR,none,False,False,0
58a9d3b914,GR,none,False,False,0
b66179462d,GR,none,False,False,0
1d81524697,GR,none,False,False,0
049bae6f19,GR,none,False,False,0
fc95ce83d8,GR,none,False,False,0
ed91f73990,GR,none,False,False,0
36f57f4367,GR,none,False,False,0
67d84f216e,GR,none,False,False,0
2895cea2f8,GR,none,False,False,0
4a84fc8765,GR,none,False,False,0
b1aa0cf64f,GR,none,False,False,0
3f76eb82cd,GR,none,False,False,0
1837095c5d,GR,none,False,False,0
4ecd57e495,GR,none,False,False,0
3072d8849d,GR,none,False,False,0
5db4446c18,GR,none,False,False,0
ef432fb79a,GR,none,False,False,0
ae677ad52a,GR,none,False,False,0
c0790c2587,GR,none,False,False,0
1f537f6a2f,GR,none,False,False,0
ede2b4894c,GR,none,False,False,0
2e9e96e56b,GR,none,False,False,0
63b8a96467,GR,none,False,False,0
b33fcd86aa,GR,none,False,False,0
b7409d8fb9,GR,none,False,False,0
444babde9d,GR,none,False,False,0
5534181488,GR,none,False,False,0
324a8e1765,GR,none,False,False,0
9632d56fa3,GR,none,False,False,0
7ee06dbd32,GR,none,False,False,0
a7931dbcc1,GR,none,False,False,0
988fdbee24,GR,none,False,False,0
bcdafef2dc,GR,none,False,False,0
797f447096,GR,none,False,False,0
915a0a1f3f,GR,none,False,False,0
982c6156bc,GR,register_qualified,True,False,1
23d3400474,GR,none,False,False,0
6308e569eb,GR,none,False,False,0
5c7ffdaba7,GR,none,False,False,0
bdbc9452de,GR,none,False,False,0
062d801028,GR,none,False,False,0
37c846b0c5,GR,none,False,False,0
c8d5e2ea98,GR,none,False,False,0
1f8af2aa11,GR,none,False,False,0
7c5a63ad09,GR,none,False,False,0
f5644fd3e5,GR,none,False,False,0
1815a81b0b,GR,none,False,False,0
125aaf1702,GR,none,False,False,0
955021f3e1,GR,none,False,False,0
b2ada4a7f5,GR,none,False,False,0
d1a562601a,GR,none,False,False,0
34339b2563,GR,none,False,False,0
ca5f4a5ee4,GR,none,False,False,0
a9f2ef7e82,GR,none,False,False,0
dfa22d3e28,GR,none,False,False,0
0edcc2bd7e,GR,lei_declared,True,False,1
d2e07e2208,GR,none,False,False,0
b7f3f44465,GR,register_qualified,True,False,1
2866972e7b,GR,none,False,False,0
1bd44a5135,GR,none,False,False,0
ea51577514,GR,none,False,False,0
01fb38fb3f,GR,register_qualified,True,False,1
a513e33a3c,GR,none,False,False,0
9367bb0c48,GR,none,False,False,0
4bbd5537ea,GR,none,False,False,0
0febfec50c,GR,none,False,False,0
5f10d736be,GR,none,False,False,0
6cd3eba4e6,GR,none,False,False,0
4299f8a6bf,GR,none,False,False,0
06251452a0,GR,none,False,False,0
eeceeca49c,GR,none,False,False,0
b9a08df4cc,GR,none,False,False,0
ba8736e0d6,GR,none,False,False,0
ca8a05de5c,GR,none,False,False,0
0b944acc04,GR,none,False,False,0
976b44382f,GR,none,False,False,0
299da73c0a,GR,none,False,False,0
9fb8613352,GR,none,False,False,0
0d99ec8d25,GR,none,False,False,0
868545061e,GR,register_qualified,True,False,1
aa23fac17d,GR,none,False,False,0
797087014c,GR,none,False,False,0
e23af65169,GR,none,False,False,0
5617809235,GR,none,False,False,0
26fa1dd9c2,GR,none,False,False,0
5a379ffcb3,GR,register_qualified,True,False,1
46837e706d,GR,none,False,False,0
6bd1989a8e,GR,register_qualified,True,False,1
0360908753,GR,none,False,False,0
77188ccdd2,GR,none,False,False,0
55cc5fc2cb,GR,none,False,False,0
d87aea9c45,GR,none,False,False,0
9ef74d6d34,GR,none,False,False,0
b87ab03b5e,GR,none,False,False,0
469c470d25,GR,none,False,False,0
93dc5fe9dd,GR,none,False,False,0
564b995d12,GR,none,False,False,0
8e0675f622,GR,none,False,False,0
8cf2354a59,GR,none,False,False,0
88f1b2715f,GR,none,False,False,0
2229946de4,GR,none,False,False,0
e27f9f6d04,GR,none,False,False,0
a85dd7c72f,GR,none,False,False,0
8ca76a1c22,GR,none,False,False,0
cbfdae063c,GR,none,False,False,0
5a9b4039f1,GR,none,False,False,0
07ea7bada1,GR,none,False,False,0
98efcc1ab4,GR,none,False,False,0
314080af7d,GR,none,False,False,0
73e3164a8c,GR,none,False,False,0
c6e16afc83,GR,none,False,False,0
74a435d7e1,GR,none,False,False,0
ed201d3e77,GR,none,False,False,0
f98dbbace8,GR,none,False,False,0
1399924e69,GR,none,False,False,0
a728a1a320,GR,none,False,False,0
4ccf1e53ca,GR,none,False,False,0
119cbc3f97,GR,none,False,False,0
68fdffbf8e,GR,none,False,False,0
2c4823c720,GR,none,False,False,0
1cd1c20405,GR,none,False,False,0
806592261e,GR,none,False,False,0
48bee00e3a,GR,none,False,False,0
ab80f25a22,GR,none,False,False,0
c1b06c7917,GR,none,False,False,0
e5422b1888,GR,none,False,False,0
f9487289a0,GR,none,False,False,0
579d36bbac,GR,none,False,False,0
bf9e591c55,GR,none,False,False,0
ffe198959c,GR,none,False,False,0
c04ca6d0db,GR,none,False,False,0
87422366bc,GR,none,False,False,0
9cb088467a,GR,none,False,False,0
4c48569074,GR,none,False,False,0
632e5cb21e,GR,none,False,False,0
b7cd763da9,GR,none,False,False,0
850520d058,GR,none,False,False,0
b978b79ed6,GR,none,False,False,0
898b6e8dbd,GR,none,False,False,0
125a2c27bf,GR,none,False,False,0
378617ffb2,GR,none,False,False,0
20a373bce0,GR,none,False,False,0
9615c21de6,GR,none,False,False,0
91851e9760,GR,none,False,False,0
c46ea20be0,GR,none,False,False,0
a74fb8bca6,GR,none,False,False,0
7e55e8d327,GR,none,False,False,0
be3585f4ff,GR,none,False,False,0
d493445eb9,GR,none,False,False,0
a8163e6ac2,GR,none,False,False,0
21b857e53f,GR,none,False,False,0
995815b7a3,GR,none,False,False,0
3da0b7d16f,GR,none,False,False,0
b23cfc95d5,GR,none,False,False,0
ec42bc1dbc,GR,none,False,False,0
5bef5ede25,GR,none,False,False,0
ba90954d24,GR,none,False,False,0
a37a551960,GR,none,False,False,0
5c873b01fb,GR,none,False,False,0
3ac88c8407,GR,none,False,False,0
92a202365f,GR,none,False,False,0
531aa49d27,GR,register_qualified,True,False,1
631fb808ac,GR,none,False,False,0
4a1853cf8e,GR,none,False,False,0
c1ebe2f5ef,GR,none,False,False,0
f5b92bf93f,GR,none,False,False,0
9f63377e66,GR,none,False,False,0
0dc7015bb1,GR,none,False,False,0
d771e1efa1,GR,none,False,False,0
d23cbb08ad,GR,none,False,False,0
cb42578925,GR,none,False,False,0
702d013fee,GR,none,False,False,0
9fadbdce4b,GR,none,False,False,0
825d6caed3,GR,none,False,False,0
a530daf458,GR,none,False,False,0
e1450f11fa,GR,none,False,False,0
5ec9921b2a,GR,none,False,False,0
2a3ddbc7a2,GR,none,False,False,0
ce35975df0,GR,none,False,False,0
5bc0cc95bb,GR,none,False,False,0
f4345caf40,GR,none,False,False,0
68da5a6c0b,GR,none,False,False,0
e982c0ce3e,GR,none,False,False,0
d8d1f2deed,GR,none,False,False,0
458221982d,GR,none,False,False,0
62f933eca6,GR,none,False,False,0
00932e57a3,GR,none,False,False,0
7ccd3dc294,GR,none,False,False,0
ed7ad39faf,GR,none,False,False,0
90a9135d71,GR,none,False,False,0
96b3dea344,GR,none,False,False,0
49b6394fc2,GR,none,False,False,0
c9e36e81d0,GR,lei_declared,True,False,1
56208efa93,GR,none,False,False,0
c1cc88a9fa,GR,none,False,False,0
cfb9457e5b,GR,none,False,False,0
567757b409,GR,none,False,False,0
6462573b0f,GR,none,False,False,0
a0e00fe045,GR,none,False,False,0
766edbaf68,GR,none,False,False,0
fb9a01460d,GR,none,False,False,0
8fbb542781,GR,none,False,False,0
46a06bbc2d,GR,none,False,False,0
a81af0520b,GR,none,False,False,0
9d563f0a9b,GR,none,False,False,0
e3df303f59,GR,none,False,False,0
7effb68edb,GR,none,False,False,0
8f096fb0e3,GR,none,False,False,0
804f58c329,GR,none,False,False,0
7d91305aff,GR,none,False,False,0
7f727839b3,GR,none,False,False,0
0b3763d513,GR,none,False,False,0
5cae9af32e,GR,none,False,False,0
74b541153e,GR,none,False,False,0
ba233fb994,GR,none,False,False,0
f962e29fef,GR,none,False,False,0
50b2461f07,GR,none,False,False,0
887fac0295,GR,none,False,False,0
845c54fcfa,GR,none,False,False,0
51baf54745,GR,lei_declared,True,False,1
740e40010c,GR,none,False,False,0
c295f58066,GR,none,False,False,0
600f336977,GR,none,False,False,0
ed84bf75a2,GR,none,False,False,0
bdc7ff5463,GR,none,False,False,0
ad6161aa70,GR,none,False,False,0
84f2af257f,GR,none,False,False,0
ef4d462153,GR,none,False,False,0
6d34e7449f,GR,none,False,False,0
c84f0d6bc8,GR,none,False,False,0
9d26bccd71,GR,none,False,False,0
3b9b488446,GR,none,False,False,0
a4c8de3215,GR,none,False,False,0
2017b33c3f,GR,none,False,False,0
0484d4f327,GR,none,False,False,0
728eff2d40,GR,none,False,False,0
faa14e7221,GR,register_qualified,True,False,1
12f106e01b,GR,none,False,False,0
5be2eaada3,GR,none,False,False,0
906c339323,GR,none,False,False,0
700baf1ced,GR,none,False,False,0
e368716ee4,GR,none,False,False,0
41057c1838,GR,none,False,False,0
6e9e9a87ce,GR,none,False,False,0
86a117015a,GR,none,False,False,0
8a65d0662a,GR,none,False,False,0
a777a7b582,GR,none,False,False,0
ca6e5ec815,GR,none,False,False,0
1bcce59e40,GR,none,False,False,0
099dec9c18,GR,none,False,False,0
7d1170d3c3,GR,none,False,False,0
df75aa7124,GR,none,False,False,0
8ac22f60a7,GR,none,False,False,0
550911921d,GR,none,False,False,0
eb75c14d4d,GR,none,False,False,0
5b0fa1120d,GR,none,False,False,0
757f62be5d,GR,none,False,False,0
3e74636de3,GR,none,False,False,0
1f5bbec3c8,GR,none,False,False,0
6fcc9584a3,GR,none,False,False,0
59a40509e3,GR,none,False,False,0
b7bb374bc5,GR,none,False,False,0
25a0072f9b,GR,none,False,False,0
43b4b5635d,GR,none,False,False,0
0b519729be,GR,register_qualified,True,False,1
fbf50c8bcf,GR,none,False,False,0
31f5d63d45,GR,none,False,False,0
0f346cd3f4,GR,none,False,False,0
63409cd24f,GR,none,False,False,0
e6a3b84c8d,GR,none,False,False,0
ec15cf60ae,GR,none,False,False,0
0f81139b26,GR,none,False,False,0
ee74c24aaa,GR,none,False,False,0
402cfa3815,GR,none,False,False,0
841694236a,GR,register_qualified,True,False,1
53af5e4735,GR,register_qualified,True,False,1
604d0034f1,GR,none,False,False,0
52d1c1e4b8,GR,none,False,False,0
6c03d89893,GR,none,False,False,0
3cf9e3593c,GR,none,False,False,0
902a041e8a,GR,none,False,False,0
08d63314ec,GR,none,False,False,0
ffc034a1c2,GR,none,False,False,0
6327429dda,GR,none,False,False,0
43c1112a88,GR,none,False,False,0
db361093ac,GR,none,False,False,0
e7369ade59,GR,none,False,False,0
868dc94dc4,GR,none,False,False,0
a94df3a54b,GR,none,False,False,0
e633b05775,GR,none,False,False,0
f890f5ccf8,GR,none,False,False,0
891da68a2a,GR,none,False,False,0
982e203fa9,GR,none,False,False,0
7efef3119b,GR,none,False,False,0
c2a23270c7,GR,none,False,False,0
1799cf3ff1,GR,none,False,False,0
39373c0f49,GR,none,False,False,0
a1f522abba,GR,none,False,False,0
11fb2bad5a,GR,none,False,False,0
6c9c773673,GR,none,False,False,0
a590f4e247,GR,none,False,False,0
d5e2ce4dac,GR,none,False,False,0
5e7e565c08,GR,none,False,False,0
00c8afce4d,GR,none,False,False,0
f5487e93f9,GR,none,False,False,0
3c03abbc01,GR,none,False,False,0
9a5a51d953,GR,none,False,False,0
b1beee90e8,GR,none,False,False,0
fa4c110fbb,GR,none,False,False,0
02e706ecf9,GR,none,False,False,0
bc2a916e02,GR,none,False,False,0
9e1e037d13,GR,none,False,False,0
54e3cce488,GR,none,False,False,0
08e269f36a,GR,none,False,False,0
80ac0f923f,GR,none,False,False,0
0fc995d749,GR,none,False,False,0
1da36543a0,GR,none,False,False,0
b413c8bf91,GR,none,False,False,0
03cc3b0f44,GR,none,False,False,0
d011ba14a3,GR,none,False,False,0
7b4d044ee7,GR,none,False,False,0
4dc3e4dfed,GR,none,False,False,0
edc81a5e2a,GR,none,False,False,0
434cdfc0f5,GR,none,False,False,0
c6f05d2503,GR,none,False,False,0
fbc83aea55,GR,none,False,False,0
40a21ad46a,GR,none,False,False,0
dd94618931,GR,none,False,False,0
deea838add,GR,none,False,False,0
af615f6efc,GR,none,False,False,0
f5aedf6aa4,GR,none,False,False,0
7c9d6c31e1,GR,none,False,False,0
d63767aa2e,GR,none,False,False,0
19e4b4303b,GR,none,False,False,0
9c68ca409c,GR,none,False,False,0
ea9734eb08,GR,none,False,False,0
475b488f78,GR,none,False,False,0
0ea8ae04ac,GR,none,False,False,0
a53bff5908,GR,none,False,False,0
4a4cd3cbae,GR,none,False,False,0
885b300373,GR,none,False,False,0
96c66386c8,GR,none,False,False,0
9e78bbb19f,GR,none,False,False,0
9bd5e2352c,GR,none,False,False,0
129396da3c,GR,none,False,False,0
19b3c90f42,GR,none,False,False,0
89234368e9,GR,none,False,False,0
18d4a82c1e,GR,none,False,False,0
3fdd558387,GR,none,False,False,0
4e6daa287a,GR,none,False,False,0
c11039be0e,GR,none,False,False,0
ad371bbd39,GR,none,False,False,0
413a92f348,GR,none,False,False,0
10788e2371,GR,register_qualified,True,False,1
9c3968178d,GR,none,False,False,0
2ef4c5c738,GR,none,False,False,0
7c28d1019b,GR,none,False,False,0
dbfce62847,GR,none,False,False,0
98e94f5455,GR,none,False,False,0
dba5887331,GR,none,False,False,0
6b7dad991d,GR,none,False,False,0
8ebfad9834,GR,none,False,False,0
5f28d8c836,GR,none,False,False,0
31ab14049d,GR,none,False,False,0
580d7726f0,GR,none,False,False,0
180cfb8fc6,GR,none,False,False,0
ee8e490861,GR,none,False,False,0
f9bfae1286,GR,none,False,False,0
d736060c08,GR,none,False,False,0
1e95526460,GR,none,False,False,0
ffa0b9d0f4,GR,none,False,False,0
5a95b1e787,GR,none,False,False,0
f07aaf5ff5,GR,none,False,False,0
9e304d0e0f,GR,none,False,False,0
7e22fc9ae5,GR,none,False,False,0
72909a703e,GR,none,False,False,0
3fdb48f646,GR,none,False,False,0
fd7423b740,GR,none,False,False,0
39b85d6609,GR,none,False,False,0
1ee8386cb6,GR,none,False,False,0
0d5c15e6f9,GR,none,False,False,0
29bf8567d0,GR,none,False,False,0
276bf431db,GR,none,False,False,0
427d11bbc6,GR,none,False,False,0
a454c54cef,GR,none,False,False,0
0e5df0885f,GR,none,False,False,0
7399edec3f,GR,none,False,False,0
1dddfe903f,GR,none,False,False,0
21f2bd86c2,GR,none,False,False,0
2b20ccbfcd,GR,none,False,False,0
bdf4895451,GR,none,False,False,0
b66712e26d,GR,none,False,False,0
9fb93a825f,GR,none,False,False,0
39fd767c12,GR,none,False,False,0
5a7795c05a,GR,none,False,False,0
46b6093f88,GR,none,False,False,0
1aeaae0225,GR,none,False,False,0
e9fe0dbdff,GR,none,False,False,0
5714bfdb57,GR,none,False,False,0
0eeb320ed3,GR,none,False,False,0
bc9fc09770,GR,none,False,False,0
d8e35577c0,GR,none,False,False,0
3a83f3fa69,GR,none,False,False,0
71189e8520,GR,none,False,False,0
548afa6f18,GR,none,False,False,0
bf493d986e,GR,none,False,False,0
aea1a632dc,GR,none,False,False,0
71c3015555,GR,none,False,False,0
34d4e7268f,GR,none,False,False,0
d7fc2937f0,GR,none,False,False,0
4605b597bc,GR,none,False,False,0
739f62ed8c,GR,none,False,False,0
086f7284c8,GR,none,False,False,0
2138974822,GR,none,False,False,0
d5641aa26b,GR,none,False,False,0
8880cb5cb5,GR,none,False,False,0
89c0ce8a66,GR,none,False,False,0
65d35126c0,GR,none,False,False,0
34e9f26b2f,GR,none,False,False,0
12898e357d,GR,none,False,False,0
774efeae1c,GR,none,False,False,0
53385ccb1b,GR,none,False,False,0
d0c6862ab4,GR,none,False,False,0
21934aba8f,GR,none,False,False,0
8e2b0ecaa7,GR,none,False,False,0
c7ace1ad16,GR,none,False,False,0
f6ae1947ab,GR,none,False,False,0
d84eb9255b,GR,none,False,False,0
c08356fd0e,GR,none,False,False,0
3da53d1dc6,GR,none,False,False,0
31b590701c,GR,lei_declared,True,False,1
4ef837caee,GR,none,False,False,0
29140f3db5,GR,none,False,False,0
f938a65c20,GR,none,False,False,0
871e77e8fb,GR,none,False,False,0
639e521752,GR,none,False,False,0
f711cc1c50,GR,none,False,False,0
1e5a026e9f,GR,none,False,False,0
b3c143288a,GR,none,False,False,0
5b1c7e578c,GR,none,False,False,0
9c2dae77fe,GR,none,False,False,0
66a3c24f10,GR,none,False,False,0
4db8f805c1,GR,none,False,False,0
f12136b719,GR,none,False,False,0
b8c2b42706,GR,none,False,False,0
d61ebbe216,GR,none,False,False,0
2b87dfd837,GR,none,False,False,0
b0aa931d89,GR,none,False,False,0
bf5d105c33,GR,none,False,False,0
511560a625,GR,none,False,False,0
1ccb5dfac3,GR,none,False,False,0
5b9f39afea,GR,none,False,False,0
6fa77e2518,GR,none,False,False,0
09c02a56b4,GR,none,False,False,0
98f9352b3f,GR,none,False,False,0
a9098c1592,GR,none,False,False,0
96cf7655e0,GR,none,False,False,0
3986888f72,GR,none,False,False,0
11a3d4a1a6,GR,none,False,False,0
13c7cd564b,GR,none,False,False,0
9b0c8edd14,GR,none,False,False,0
dc0c4c82b6,GR,none,False,False,0
d81ac42043,GR,none,False,False,0
61fbcf2fc7,GR,none,False,False,0
1245fc5255,GR,none,False,False,0
95dbdebbf6,GR,none,False,False,0
c0b4a875e4,GR,none,False,False,0
22ba51bfac,GR,none,False,False,0
ba64b2d4bf,GR,none,False,False,0
b90b32bef3,GR,none,False,False,0
ed8a7beebc,GR,none,False,False,0
9fe273bc93,GR,none,False,False,0
12289cff74,GR,none,False,False,0
707caf4523,GR,none,False,False,0
90272f65d0,GR,none,False,False,0
10da4e76e8,GR,none,False,False,0
89e23c6bd0,GR,none,False,False,0
3cb275785b,GR,none,False,False,0
5bef70c29f,GR,none,False,False,0
57fdbd95d8,GR,none,False,False,0
147faac070,GR,none,False,False,0
b709932702,GR,none,False,False,0
8acde4b9ee,GR,none,False,False,0
5257ca37ff,GR,none,False,False,0
20158bad9c,GR,none,False,False,0
a519ccd117,GR,none,False,False,0
a1d7552980,GR,register_qualified,True,False,1
3259f8b0cf,GR,none,False,False,0
f08ae519bb,GR,register_qualified,True,False,1
984e9e8467,GR,none,False,False,0
81bf36e394,GR,none,False,False,0
0d75705916,GR,none,False,False,0
28aaae18c7,GR,none,False,False,0
15a1de5cf7,GR,none,False,False,0
0306319469,GR,none,False,False,0
9050ab1006,GR,none,False,False,0
5d6fba6c34,GR,none,False,False,0
47ec8294c6,GR,none,False,False,0
2f325e2c02,GR,none,False,False,0
f5213c3881,GR,none,False,False,0
75603ab015,GR,none,False,False,0
de35a62890,GR,none,False,False,0
4f56592fdc,GR,none,False,False,0
1d2ff7474d,GR,none,False,False,0
1f99252ac3,GR,none,False,False,0
b99c77be00,GR,none,False,False,0
4da8a88b53,GR,none,False,False,0
fd66db42e1,GR,none,False,False,0
5a7638e749,GR,none,False,False,0
6139ad72c5,GR,none,False,False,0
110da11887,GR,none,False,False,0
76a888dc95,GR,register_qualified,True,False,1
b7ae85bee9,GR,none,False,False,0
2e4aa23328,GR,none,False,False,0
14a8e577a5,GR,none,False,False,0
622614849c,GR,register_qualified,True,False,1
6e8abc4c3e,GR,none,False,False,0
87942a89d0,GR,none,False,False,0
84af687641,GR,none,False,False,0
f2f82a6aa9,GR,none,False,False,0
193adda094,GR,none,False,False,0
3a892f8d17,GR,none,False,False,0
29cd35b277,GR,none,False,False,0
a32c4d8388,GR,none,False,False,0
15a2612471,GR,none,False,False,0
a37445c937,GR,none,False,False,0
3561f204cb,GR,none,False,False,0
56f8d75d9e,GR,none,False,False,0
aadd4d738c,GR,none,False,False,0
48a6b46aad,GR,none,False,False,0
284fecc8f8,GR,none,False,False,0
a799fb2338,GR,none,False,False,0
38c0a38a58,GR,none,False,False,0
76b72eaee8,GR,none,False,False,0
13b83f0fbc,GR,none,False,False,0
2a4b538bab,GR,none,False,False,0
475e642e15,GR,none,False,False,0
f4ebf08572,GR,none,False,False,0
23375605ef,GR,none,False,False,0
2b41349171,GR,none,False,False,0
be6cddf6fb,GR,none,False,False,0
0f9faf47cb,GR,none,False,False,0
fe548da87f,GR,none,False,False,0
1bbdad14cb,GR,none,False,False,0
8f695d7df5,GR,none,False,False,0
15fec3d2cc,GR,none,False,False,0
1a806c8eda,GR,none,False,False,0
3426c32154,GR,register_qualified,True,False,1
0a9d335da2,GR,none,False,False,0
14ed6ffb81,GR,none,False,False,0
3da776f880,GR,none,False,False,0
9da500fffe,GR,none,False,False,0
b6306956f5,GR,none,False,False,0
bdf33c7531,GR,none,False,False,0
140f1cf617,GR,none,False,False,0
baa17e8b79,GR,none,False,False,0
e084b8a849,GR,none,False,False,0
89857db709,GR,none,False,False,0
dfb467736c,GR,none,False,False,0
7a440ce63f,GR,none,False,False,0
88bad38563,GR,none,False,False,0
f362265862,GR,none,False,False,0
6155082b44,GR,none,False,False,0
663d52a730,GR,none,False,False,0
2ffe83a4af,GR,none,False,False,0
dee13fa2ea,GR,none,False,False,0
94c8c1cc4e,GR,none,False,False,0
8a4319d315,GR,register_qualified,True,False,1
4479abf543,GR,none,False,False,0
96aeae1bb7,GR,none,False,False,0
3ded3b34c0,GR,none,False,False,0
9b2a16c50e,GR,none,False,False,0
8c1429d9a3,GR,none,False,False,0
0b819eb9e8,GR,register_qualified,True,False,1
eb0a839611,GR,none,False,False,0
454261b90e,GR,none,False,False,0
378a0e76d6,GR,none,False,False,0
4d06df2d26,GR,none,False,False,0
58b4765c0a,GR,none,False,False,0
251a7a9988,GR,none,False,False,0
3fcf566d22,GR,none,False,False,0
6721aa54b0,GR,none,False,False,0
be2823d60c,GR,none,False,False,0
cf27d4498c,GR,none,False,False,0
710677014c,GR,none,False,False,0
5b331634fb,GR,none,False,False,0
25ffcb1423,GR,none,False,False,0
bbebd8dbe6,GR,none,False,False,0
c2ec14d17a,GR,none,False,False,0
86826ca00b,GR,none,False,False,0
59d68bbf87,GR,none,False,False,0
5c404ffff4,GR,register_qualified,True,False,1
f5f7842b56,GR,none,False,False,0
43d36113de,GR,none,False,False,0
e70d6a99ab,GR,none,False,False,0
19bb8fe331,GR,none,False,False,0
97b5ea7d0a,GR,none,False,False,0
523ec0c519,GR,none,False,False,0
3d152b15dd,GR,none,False,False,0
bf5be06066,GR,none,False,False,0
d4b0b3a2c5,GR,none,False,False,0
2901d3539d,GR,none,False,False,0
17e6554c90,GR,none,False,False,0
3ce5129205,GR,none,False,False,0
ef8ea91593,GR,none,False,False,0
a04a95e2a3,GR,none,False,False,0
7eee808247,GR,none,False,False,0
a739b93a8c,GR,none,False,False,0
50fd3d27e0,GR,none,False,False,0
bfb19d8a3e,GR,none,False,False,0
17191b4d22,GR,none,False,False,0
e511146301,GR,none,False,False,0
4435b23ce9,GR,lei_declared,True,False,1
5cc5b62030,GR,none,False,False,0
36a08d2f7a,GR,none,False,False,0
8105c8f600,GR,none,False,False,0
8d881ee866,GR,none,False,False,0
2c261a5869,GR,none,False,False,0
77cc4df2ac,GR,none,False,False,0
fd6742463f,GR,none,False,False,0
04fc262ef0,GR,none,False,False,0
dad65a2380,GR,none,False,False,0
72ca25466a,GR,none,False,False,0
d3337b066a,GR,none,False,False,0
05c7c7391c,GR,none,False,False,0
82b5b2014c,GR,register_qualified,True,False,1
a833f7a4e2,GR,none,False,False,0
9992e0fca7,GR,none,False,False,0
de43f7fa07,GR,none,False,False,0
85ddd37c1c,GR,none,False,False,0
54fcd4bd17,GR,none,False,False,0
7eaf85e3b7,GR,none,False,False,0
174611da2d,GR,none,False,False,0
de48505efb,GR,none,False,False,0
816093fbf9,GR,none,False,False,0
55def57209,GR,none,False,False,0
ebe5cbab81,GR,none,False,False,0
2790e015aa,GR,none,False,False,0
1f7b844815,GR,none,False,False,0
c5a6a3a720,GR,none,False,False,0
49380a742a,GR,none,False,False,0
f093f383da,GR,none,False,False,0
2f1a48dba1,GR,none,False,False,0
e73720d06e,GR,none,False,False,0
d2e2b67648,GR,none,False,False,0
3360442a34,GR,none,False,False,0
21e1e7aa01,GR,none,False,False,0
118a43cdc3,GR,none,False,False,0
ca6012a4ae,GR,none,False,False,0
1d744db318,GR,none,False,False,0
8b4e623011,GR,none,False,False,0
0801622ed7,GR,none,False,False,0
37e66eb0eb,GR,none,False,False,0
a3e6c5c951,GR,none,False,False,0
624d5fd047,GR,none,False,False,0
f72441cf60,GR,none,False,False,0
aa81556219,GR,none,False,False,0
1a26fbd821,GR,none,False,False,0
bb9932c324,GR,none,False,False,0
cbbf09a60d,GR,none,False,False,0
5aae476114,GR,none,False,False,0
45cd5e6eaf,GR,none,False,False,0
98dc6247ee,GR,none,False,False,0
a7901525b3,GR,none,False,False,0
a26bb58f64,GR,none,False,False,0
b6dcf69049,GR,none,False,False,0
56bdcc6802,GR,none,False,False,0
c09713c375,GR,none,False,False,0
51b72d6986,GR,none,False,False,0
519d496a2f,GR,none,False,False,0
14b1279675,GR,none,False,False,0
dad81d438d,GR,none,False,False,0
053e67c172,GR,none,False,False,0
a66bc87ee3,GR,none,False,False,0
c5dcc8f703,GR,none,False,False,0
284b9c205b,GR,none,False,False,0
9592187a2f,GR,none,False,False,0
8818ad1f95,GR,register_qualified,True,False,1
afac6d0740,GR,none,False,False,0
4104fe4e26,GR,none,False,False,0
13f0e7563c,GR,none,False,False,0
6413ee799f,GR,none,False,False,0
0647c04493,GR,none,False,False,0
1d0d54ba37,GR,none,False,False,0
a95f84e0f0,GR,none,False,False,0
66114bfb96,GR,none,False,False,0
9fc2e61c67,GR,none,False,False,0
ab4f78751f,GR,none,False,False,0
cb438ae1d4,GR,none,False,False,0
094f637a63,GR,none,False,False,0
2d3d7c3150,GR,none,False,False,0
91cdfb1517,GR,none,False,False,0
98dd624d6f,GR,none,False,False,0
bb1c648e92,GR,register_qualified,True,False,1
8d689356ca,GR,none,False,False,0
811f2ef855,GR,none,False,False,0
d898f448de,GR,register_qualified,True,False,1
4ebdc38904,GR,none,False,False,0
c5be3d40ab,GR,register_qualified,True,False,1
cb209c497e,GR,none,False,False,0
99d79505f0,GR,none,False,False,0
73f74bd209,GR,none,False,False,0
0835a2229d,GR,none,False,False,0
945c9c3f96,GR,none,False,False,0
0153d05647,GR,none,False,False,0
9756493443,GR,none,False,False,0
1e6c472f6f,GR,none,False,False,0
e240cbff82,GR,none,False,False,0
afc990a37b,GR,none,False,False,0
042a7e253c,GR,none,False,False,0
4485d5d4be,GR,none,False,False,0
7adbc5b16e,GR,none,False,False,0
7c347053e7,GR,none,False,False,0
232db5bbf6,GR,none,False,False,0
bd116f5331,GR,none,False,False,0
408f0b0d34,GR,none,False,False,0
df7beb8197,GR,none,False,False,0
0ce9eea2a4,GR,none,False,False,0
3ca5779e80,GR,none,False,False,0
a1c5e2fd8a,GR,register_qualified,True,False,1
0534222dd9,GR,none,False,False,0
4b8f60ae7a,GR,none,False,False,0
6fc1a288dd,GR,none,False,False,0
d7f5256758,GR,none,False,False,0
2a6f1160d1,GR,none,False,False,0
969a5e9d1f,GR,register_qualified,True,False,1
366852c6d6,GR,none,False,False,0
80d4baf642,GR,none,False,False,0
aeb4acb4b8,GR,register_qualified,True,False,1
f9758146f1,GR,register_qualified,True,False,1
c83a080680,GR,none,False,False,0
9931f67527,GR,register_qualified,True,False,1
798bcbbeb7,GR,register_qualified,True,False,1
409a105a96,GR,none,False,False,0
be02a6f7dd,GR,none,False,False,0
32dd0cdd19,GR,none,False,False,0
99299f7c2e,GR,none,False,False,0
475f86b7d1,GR,register_qualified,True,False,1
f51da72a33,GR,none,False,False,0
346bf48cc2,GR,none,False,False,0
78ad38b12b,GR,register_qualified,True,False,1
ba7574b23e,GR,none,False,False,0
a6928c009d,GR,none,False,False,0
19a4233239,GR,none,False,False,0
02ae936694,GR,none,False,False,0
298625915c,GR,none,False,False,0
9abde9dbd5,GR,none,False,False,0
234f2a34a8,GR,none,False,False,0
c8bea10c8a,GR,none,False,False,0
7efaa77a6c,GR,none,False,False,0
7bb7586a44,GR,register_qualified,True,False,1
c11b6e0326,GR,register_qualified,True,False,1
5979575847,GR,none,False,False,0
c56a30f072,GR,register_qualified,True,False,1
7cf67887b3,GR,none,False,False,0
9a922d029c,GR,none,False,False,0
5900bdeb76,GR,none,False,False,0
1f000a6a87,GR,none,False,False,0
54ed857ef5,GR,none,False,False,0
7a591119e7,GR,none,False,False,0
73dd5dcaac,GR,none,False,False,0
a7306eeced,GR,none,False,False,0
3ba2d363f3,GR,none,False,False,0
acce814401,GR,none,False,False,0
e079974826,GR,none,False,False,0
0d247fd88a,GR,none,False,False,0
93d22e5fd4,GR,none,False,False,0
b1bef609ec,GR,register_qualified,True,False,1
330c258e42,GR,none,False,False,0
cb8b0b03e0,GR,register_qualified,True,False,1
dd27d2891b,GR,register_qualified,True,False,1
01312c9342,GR,register_qualified,True,False,1
c52f4c379f,GR,none,False,False,0
aee3aefc46,GR,register_qualified,True,False,1
61fd804d2b,GR,none,False,False,0
f0a0aa3135,GR,none,False,False,0
680c4851e9,GR,none,False,False,0
c7ae0dd0a3,GR,none,False,False,0
e817a32852,GR,none,False,False,0
48487112d3,GR,none,False,False,0
250a4f0640,GR,none,False,False,0
49a9d39985,GR,register_qualified,True,False,1
837d4541d0,GR,none,False,False,0
b64c719775,GR,none,False,False,0
508a6d53e7,GR,none,False,False,0
a21c91cd14,GR,none,False,False,0
8d0b3e59e2,GR,none,False,False,0
c71468c4b8,GR,none,False,False,0
64643cb21b,GR,none,False,False,0
503d86cb6b,GR,register_qualified,True,False,1
9f7ba0678b,GR,none,False,False,0
a6239a5ef6,GR,none,False,False,0
cc89e37eb1,GR,register_qualified,True,False,1
a202bd3449,GR,none,False,False,0
d8f539c1b2,GR,none,False,False,0
0c275014f2,GR,none,False,False,0
8bbe65dcea,GR,register_qualified,True,False,1
75a73ea4c2,GR,none,False,False,0
5487fcd7f6,GR,register_qualified,True,False,1
55e9652a06,GR,register_qualified,True,False,1
a4438c01a3,GR,none,False,False,0
eda2d92701,GR,none,False,False,0
5c643059bf,GR,none,False,False,0
eef9a2451b,HR,lei_declared,True,False,1
0e9ad6ce22,HR,none,False,False,0
50d2fdf8bd,HR,none,False,False,0
d889b7d454,HR,lei_declared,True,False,1
b4324b3a34,HR,none,False,False,0
396f072b89,HR,lei_declared,True,False,1
c1d5679e4f,HR,none,False,False,0
8024e0d9ac,HR,none,False,False,0
a0e13db8b4,HR,none,False,False,0
b95fcdbd0d,HR,lei_declared,True,False,1
3ef63599c0,HR,lei_declared,True,False,1
2687ca7334,HR,lei_declared,True,False,1
e48fdaa4c5,HR,none,False,False,0
0da3ea8e05,HR,lei_declared,True,False,1
48f4321888,HR,lei_declared,True,False,1
6339b3afb9,HR,lei_declared,True,False,1
cfdb6cebb5,HR,lei_declared,True,False,1
aed2a43e32,HR,lei_declared,True,False,1
b0601ff555,HR,none,False,False,0
172ecf2a20,HR,none,False,False,0
482cf01f21,HR,lei_declared,True,False,1
cd3d4fc48d,HR,register_qualified,True,False,1
084cbabe4f,HR,lei_declared,True,False,1
28356088da,HR,register_qualified,True,False,1
ed0f351feb,HR,lei_declared,True,False,1
490c44bc5c,HR,none,False,False,0
5a023a8fed,HR,lei_declared,True,False,1
6a1f9ab1bb,HR,none,False,False,0
7e9cd41bd5,HR,lei_declared,True,False,1
f26c3a566a,HR,register_qualified,True,False,1
1bc62edbcb,HR,lei_declared,True,False,1
4f102f4731,HR,lei_declared,True,False,1
8baf047b17,HR,lei_declared,True,False,1
c0a03dc17e,HR,lei_declared,True,False,1
34f22ddf73,HR,none,False,False,0
68475e57a7,HR,lei_declared,True,False,1
63d214a15f,HR,none,False,False,0
5647fc6fef,HR,none,False,False,0
e0f8131492,HR,none,False,False,0
2bef22da1e,HR,lei_declared,True,False,1
0cbc41844b,HR,none,False,False,0
6af10ca010,HR,lei_declared,True,False,1
7b0412a9da,HR,lei_declared,True,False,1
9a7eed8036,HR,none,False,False,0
1bb986d195,HR,none,False,False,0
e74c405f09,HR,lei_declared,True,False,1
b7378eae57,HR,none,False,False,0
7858874b96,HR,none,False,False,0
db519d7713,HR,lei_declared,True,False,1
b5e86aeb58,HR,lei_declared,True,False,1
ce78e74a47,HR,lei_declared,True,False,1
4edcc36848,HR,none,False,False,0
21fd5dbad8,HR,register_qualified,True,False,1
5904c4adee,HR,register_qualified,True,False,1
a8e0cce108,HR,lei_declared,True,False,1
6c946aa0e8,HR,none,False,False,0
e4bf89aec8,HR,none,False,False,0
6104f609f4,HR,lei_declared,True,False,1
8dc8860289,HR,lei_declared,True,False,1
6c7cdf2d9a,HR,none,False,False,0
f5c3a196ca,HR,none,False,False,0
7a0b04e402,HR,lei_declared,True,False,1
f26cab8e3f,HR,none,False,False,0
56f595b490,HR,none,False,False,0
90b990e608,HR,none,False,False,0
ac099b2017,HR,lei_declared,True,False,1
146b376214,HR,none,False,False,0
0333c3489a,HR,none,False,False,0
5e7a035e1c,HR,lei_declared,True,False,1
9251367529,HR,lei_declared,True,False,1
9413a6de3f,HR,lei_declared,True,False,1
af6fd8c737,HR,lei_declared,True,False,1
073e947edb,HR,lei_declared,True,False,1
780f3cf524,HR,none,False,False,0
eacf3d7689,HR,lei_declared,True,False,1
4095745ea6,HR,none,False,False,0
02b1d4d457,HR,lei_declared,True,False,1
f99c2f4d30,HR,none,False,False,0
9cbbd7bad1,HR,none,False,False,0
eb55d1613e,HR,none,False,False,0
d5987ad6d3,HR,none,False,False,0
d9df29f9e0,HR,lei_declared,True,False,1
81ff73556b,HR,register_qualified,True,False,1
482dee9278,HR,none,False,False,0
26b07e9ad0,HR,lei_declared,True,False,1
ba03fbff22,HR,none,False,False,0
4e969b23f6,HR,none,False,False,0
af598b08d6,HR,lei_declared,True,False,1
47b83a1e5f,HR,none,False,False,0
d15f427b7e,HR,none,False,False,0
65340a1a2e,HR,none,False,False,0
d04498a245,HU,none,False,False,0
8e64a3e3be,HU,none,False,False,0
1915346275,HU,none,False,False,0
5a6b2551fa,HU,none,False,False,0
1c4c87d881,HU,none,False,False,0
9b8893aa16,HU,none,False,False,0
89da8952b0,HU,register_qualified,True,False,1
37018ab3fa,HU,none,False,False,0
9d65dc9a3b,HU,register_qualified,True,False,1
4369d063c6,HU,none,False,False,0
3e4ce4652d,HU,register_qualified,True,False,1
78034db97a,HU,none,False,False,0
03210180cd,HU,register_qualified,True,False,1
0afc0e53ce,HU,none,False,False,0
712242e98c,HU,none,False,False,0
27c782de97,HU,register_qualified,True,False,1
02d785688e,HU,register_qualified,True,False,1
bbb749ead6,HU,none,False,False,0
01c824dd53,HU,none,False,False,0
79c55e6f83,HU,register_qualified,True,False,1
6233071b60,HU,none,False,False,0
8eac56d095,HU,register_qualified,True,False,1
540bf1d7d3,HU,register_qualified,True,False,1
24c9462059,HU,none,False,False,0
8148f3d23c,HU,register_qualified,True,False,1
d7b2a5fbbe,HU,register_qualified,True,False,1
0d78452611,HU,none,False,False,0
040356d7af,HU,register_qualified,True,False,1
ca78dc06d2,HU,register_qualified,True,False,1
27fa733147,HU,register_qualified,True,False,1
07e74759e7,HU,register_qualified,True,False,1
62179cdff9,HU,register_qualified,True,False,1
2df4068a3a,HU,register_qualified,True,False,1
7f1b156300,HU,none,False,False,0
367d84a681,HU,register_qualified,True,False,1
cf6f60eb75,HU,none,False,False,0
f320bc546d,HU,register_qualified,True,False,1
e2313f89b9,HU,register_qualified,True,False,1
b41b2a4f64,HU,register_qualified,True,False,1
04edc92c5b,HU,register_qualified,True,False,1
b3f0ec8320,HU,register_qualified,True,False,1
f39fda8bbd,HU,none,False,False,0
c5db329fdf,HU,register_qualified,True,False,1
542d21fb13,HU,register_qualified,True,False,1
d4b0f856ea,HU,register_qualified,True,False,1
b0a9efc4f9,HU,none,False,False,0
2f553dc9c2,HU,none,False,False,0
e70e0acd9c,HU,none,False,False,0
185b15e5ed,HU,register_qualified,True,False,1
91956b32b7,HU,none,False,False,0
9090bef46b,HU,none,False,False,0
ea34af3e56,HU,register_qualified,True,False,1
53e702995a,HU,register_qualified,True,False,1
98032dcf1d,HU,register_qualified,True,False,1
f6fc8e4199,HU,register_qualified,True,False,1
c905938913,HU,register_qualified,True,False,1
2dc9e9286a,HU,none,False,False,0
fc71bcba39,HU,none,False,False,0
d7bbf60a5e,HU,none,False,False,0
de886bb50a,HU,none,False,False,0
6ba133f939,HU,register_qualified,True,False,1
5df067592a,HU,register_qualified,True,False,1
6e4c6c729a,HU,none,False,False,0
4e5ecfecf4,HU,register_qualified,True,False,1
ea4066322d,HU,none,False,False,0
f69339f740,HU,none,False,False,0
3e4209c274,HU,register_qualified,True,False,1
7274c3bdd5,HU,none,False,False,0
e2f159b30a,HU,none,False,False,0
b00bafdac6,HU,register_qualified,True,False,1
0615de82ae,HU,none,False,False,0
03afa32fc7,HU,register_qualified,True,False,1
4a23c11fb8,HU,register_qualified,True,False,1
14aeab589f,HU,none,False,False,0
69f7663a29,HU,none,False,False,0
bacb8b0005,HU,none,False,False,0
6d164fa1da,HU,register_qualified,True,False,1
f43926b58b,HU,register_qualified,True,False,1
0595344e45,HU,register_qualified,True,False,1
21f2c0e8b6,HU,none,False,False,0
6aa956fe7c,HU,register_qualified,True,False,1
e610a7e6ca,HU,none,False,False,0
4085a9d58c,HU,register_qualified,True,False,1
cee0a56e12,HU,register_qualified,True,False,1
1ae5a3cb95,HU,register_qualified,True,False,1
581427cd30,HU,register_qualified,True,False,1
6e6d9bdd6a,HU,lei_declared,True,False,1
6725b5f66e,HU,none,False,False,0
76d69f2cd6,HU,none,False,False,0
1eb3893c6f,HU,lei_declared,True,False,1
7e3be3387b,HU,none,False,False,0
a1fac9b7c5,HU,register_qualified,True,False,1
02b1e96644,HU,none,False,False,0
6699c6601a,HU,none,False,False,0
87792ed1db,HU,none,False,False,0
2431e98318,HU,register_qualified,True,False,1
e93ebb1aea,HU,register_qualified,True,False,1
7a32fbc5bb,HU,none,False,False,0
36d582570f,HU,register_qualified,True,False,1
72cf6c5c4a,HU,register_qualified,True,False,1
2d212041ec,HU,none,False,False,0
0fcb9ecfa6,HU,none,False,False,0
2426000cbb,HU,register_qualified,True,False,1
ecf171965e,HU,none,False,False,0
73713e407c,HU,register_qualified,True,False,1
57bafeb655,HU,register_qualified,True,False,1
9d08b80936,HU,none,False,False,0
492e3006e6,HU,register_qualified,True,False,1
eb4c60616d,HU,none,False,False,0
8a19db5e22,HU,register_qualified,True,False,1
62b6a6a569,HU,none,False,False,0
5ce9266c7a,HU,register_qualified,True,False,1
30866e961c,HU,none,False,False,0
32e0a437d5,HU,none,False,False,0
2475704d35,HU,none,False,False,0
9289fc84d5,HU,register_qualified,True,False,1
1003cf8dda,HU,none,False,False,0
86921b3a98,HU,none,False,False,0
04611768ec,HU,none,False,False,0
36bf8b2917,HU,none,False,False,0
623c061e91,HU,none,False,False,0
0849993f0a,HU,none,False,False,0
a25e848bb8,HU,register_qualified,True,False,1
789d07bb3b,HU,none,False,False,0
22f30c785c,HU,register_qualified,True,False,1
06094b2b10,HU,none,False,False,0
6d11f640a2,HU,register_qualified,True,False,1
3026e0238b,HU,register_qualified,True,False,1
cc75921e52,HU,none,False,False,0
a2a3bef2b4,HU,register_qualified,True,False,1
8ea14cbe67,HU,register_qualified,True,False,1
743f48120c,HU,register_qualified,True,False,1
74fdf2b62a,HU,none,False,False,0
71e0ccc50c,HU,register_qualified,True,False,1
14493eeb3a,HU,none,False,False,0
4b5e291815,HU,none,False,False,0
51c65021ec,HU,none,False,False,0
4efda7f79e,HU,none,False,False,0
6cd3d868b5,HU,register_qualified,True,False,1
c0cbb2ea78,HU,lei_declared,True,False,1
c16db03854,HU,none,False,False,0
2f02f2e2dd,HU,none,False,False,0
579e2793bf,HU,register_qualified,True,False,1
b82b0a7ecf,HU,none,False,False,0
6f72f6bffc,HU,register_qualified,True,False,1
987b4a1745,HU,lei_declared,True,False,1
5f3367097c,HU,register_qualified,True,True,2
9b40de06a1,HU,none,False,False,0
2b264fcc0b,HU,register_qualified,True,False,1
fb8f5b8827,HU,register_qualified,True,False,1
4e17306ce8,HU,register_qualified,True,False,1
6436d67268,HU,register_qualified,True,False,1
ea865fbe55,HU,register_qualified,True,False,1
e3d8072240,HU,register_qualified,True,False,1
4c918a0432,HU,register_qualified,True,False,1
4811d7d510,HU,lei_declared,True,False,1
8f679cbb40,HU,none,False,False,0
01da685a7d,HU,register_qualified,True,False,1
385bc9b044,HU,register_qualified,True,False,1
f939f78dd0,HU,register_qualified,True,False,1
380b2756f8,HU,register_qualified,True,False,1
81b6de3739,HU,register_qualified,True,False,1
3bbe1c7fbd,HU,none,False,False,0
8b7c4506c5,HU,none,False,False,0
b0c063f05f,HU,register_qualified,True,False,1
eb6904946b,HU,register_qualified,True,False,1
60826129ca,HU,register_qualified,True,False,1
202b463779,HU,register_qualified,True,False,1
aac039f409,HU,register_qualified,True,False,1
956550068c,HU,register_qualified,True,False,1
fbe8f53f86,HU,register_qualified,True,False,1
e5a0f3c327,HU,register_qualified,True,False,1
769922eb4d,HU,none,False,False,0
e00140d84d,HU,register_qualified,True,False,1
52cabf38bf,HU,register_qualified,True,False,1
a637b53bf8,HU,register_qualified,True,False,1
450944e417,HU,none,False,False,0
4f3269812b,HU,register_qualified,True,False,1
b0285ccd35,HU,register_qualified,True,False,1
3b5284b9d5,HU,register_qualified,True,False,1
98b102fc9c,HU,register_qualified,True,False,1
735e25b340,HU,none,False,False,0
637852bc7b,HU,none,False,False,0
9e420e7e00,HU,register_qualified,True,False,1
bd634e7794,HU,none,False,False,0
0e48bf9027,HU,none,False,False,0
93e9d650e7,HU,register_qualified,True,False,1
d1a57dd6ab,HU,register_qualified,True,False,1
595b049a5b,HU,register_qualified,True,False,1
c1848b22c8,HU,register_qualified,True,False,1
cc56944e92,HU,register_qualified,True,False,1
e7f9e09c26,HU,register_qualified,True,False,1
46b5ac5436,HU,none,False,False,0
a131dfcd46,HU,register_qualified,True,False,1
03bc256aff,HU,register_qualified,True,False,1
dee6bad1ff,HU,register_qualified,True,False,1
6881303ab2,HU,register_qualified,True,False,1
6b47edce8b,HU,lei_declared,True,False,1
ecd9cfa000,HU,register_qualified,True,False,1
66e82edaa7,HU,register_qualified,True,False,1
b37dac01da,HU,register_qualified,True,False,1
33129cb56a,HU,register_qualified,True,False,1
3d500e254c,HU,register_qualified,True,False,1
e488339c95,HU,register_qualified,True,False,1
98ad622208,HU,none,False,False,0
038abe13e4,HU,none,False,False,0
f15a97f851,HU,register_qualified,True,False,1
84d7530d36,HU,register_qualified,True,False,1
89a0338ebb,HU,none,False,False,0
7f759187bb,HU,none,False,False,0
ab8f04acb4,HU,none,False,False,0
fbde311ce7,HU,none,False,False,0
f25f1397cf,HU,register_qualified,True,False,1
f60a735973,HU,register_qualified,True,False,1
46efac57cc,HU,none,False,False,0
196d011928,HU,none,False,False,0
6a125f0bc7,HU,register_qualified,True,False,1
4629274198,HU,none,False,False,0
c288d34a16,HU,register_qualified,True,False,1
89187b7994,HU,register_qualified,True,False,1
190f9c7a58,HU,register_qualified,True,True,2
d97f1010e3,HU,register_qualified,True,False,1
74bc7dd2ce,HU,none,False,False,0
6f65bb2796,HU,register_qualified,True,False,1
2f8717b3af,HU,none,False,False,0
7a36a5e481,HU,none,False,False,0
b81675b053,HU,none,False,False,0
91313dbd71,HU,register_qualified,True,False,1
c6eec52c31,HU,register_qualified,True,False,1
7e3b473e2a,HU,register_qualified,True,False,1
ed7c0515a4,HU,none,False,False,0
60941ec0b3,HU,none,False,False,0
e23c66b27c,HU,none,False,False,0
9082795aab,HU,none,False,False,0
9d443ddfa4,HU,register_qualified,True,False,1
306afdb9d0,HU,none,False,False,0
ad9fe9ebc6,HU,register_qualified,True,False,1
81eba1fc3c,HU,none,False,False,0
9eb9a0016b,HU,none,False,False,0
0b785038e3,HU,register_qualified,True,False,1
70c3bc4ee4,HU,register_qualified,True,False,1
4dde455f8f,HU,register_qualified,True,False,1
e9244038ee,HU,register_qualified,True,False,1
81bd9e963b,HU,none,False,False,0
e2b5c0c98c,HU,register_qualified,True,False,1
e2dc8aceb9,HU,none,False,False,0
95491e71c5,HU,register_qualified,True,False,1
519db39cd7,HU,register_qualified,True,False,1
0b0b70b5b8,HU,none,False,False,0
a778a84332,HU,lei_declared,True,False,1
65ccbf41cf,HU,lei_declared,True,False,1
c1ef4ab60e,HU,register_qualified,True,False,1
c03ed8d1f1,HU,register_qualified,True,False,1
454b537181,HU,register_qualified,True,False,1
6e9cc8a0b3,HU,none,False,False,0
94538faa35,HU,register_qualified,True,False,1
67a45f1ead,HU,register_qualified,True,False,1
68767732f1,HU,none,False,False,0
c3bf42152d,HU,register_qualified,True,False,1
dcacf4be0b,HU,register_qualified,True,False,1
50b7890031,HU,register_qualified,True,False,1
a5c37a5e63,HU,none,False,False,0
346bd7c370,HU,register_qualified,True,False,1
c33da78a29,HU,none,False,False,0
1c1c814a38,HU,none,False,False,0
7426412954,HU,none,False,False,0
749e2ab0ef,HU,register_qualified,True,False,1
f5012ada06,HU,register_qualified,True,False,1
a139458c59,HU,register_qualified,True,False,1
7aeeb17de9,HU,none,False,False,0
8c2bfab04f,HU,register_qualified,True,False,1
d9d120c892,HU,register_qualified,True,False,1
f547b655fc,HU,register_qualified,True,False,1
af67b39a4f,HU,none,False,False,0
214a576836,HU,none,False,False,0
9772952e49,HU,none,False,False,0
71da727b06,HU,register_qualified,True,False,1
337dbd7b5f,HU,none,False,False,0
a733973092,HU,none,False,False,0
23b06d0068,HU,register_qualified,True,False,1
4898f7a018,HU,register_qualified,True,False,1
963a31122c,HU,register_qualified,True,False,1
56f4d0fa7b,HU,register_qualified,True,False,1
b676a3faf7,HU,none,False,False,0
f258d8403a,HU,none,False,False,0
e25f7c226d,HU,register_qualified,True,False,1
ea09aaa644,HU,none,False,False,0
a12e67ad62,HU,register_qualified,True,False,1
25a56710dc,HU,register_qualified,True,False,1
bb20561673,HU,register_qualified,True,False,1
17ea29f024,HU,register_qualified,True,False,1
d81e08c3b4,HU,register_qualified,True,False,1
76e6b75187,HU,lei_declared,True,False,1
ae0dc4cca3,HU,register_qualified,True,False,1
9e77e9beaa,HU,register_qualified,True,False,1
f1e7fd24e9,HU,none,False,False,0
8d09585615,HU,register_qualified,True,False,1
42746548a9,HU,register_qualified,True,False,1
e16b1014a4,HU,none,False,False,0
5dd7a742ac,HU,register_qualified,True,False,1
3a974df244,HU,lei_declared,True,False,1
588bf4c395,HU,register_qualified,True,False,1
6e9c93be2d,HU,register_qualified,True,False,1
8a3ec81db2,HU,none,False,False,0
858dc5ec08,HU,register_qualified,True,False,1
a94d994b44,HU,register_qualified,True,False,1
55c56eb5da,HU,register_qualified,True,False,1
bcb48064f6,HU,register_qualified,True,False,1
85296c25b2,HU,none,False,False,0
83db72bccf,HU,register_qualified,True,False,1
fd4c366f02,HU,register_qualified,True,True,2
4ad3cbe598,IE,none,False,False,0
800217f773,IE,register_qualified,True,False,1
232562edfa,IE,none,False,False,0
e1430e73f3,IE,register_qualified,True,False,1
3a4ad76a3c,IE,register_qualified,True,False,1
e96895d370,IE,none,False,False,0
06488697a7,IE,none,False,False,0
f3130738d3,IE,register_qualified,True,False,1
fc801a8469,IE,none,False,False,0
fd147a344d,IE,register_qualified,True,False,1
5de8a0318f,IE,none,False,False,0
4c6530118e,IE,none,False,False,0
3d9fcb233b,IE,none,False,False,0
747579e24c,IE,register_qualified,True,False,1
561e36d37c,IE,none,False,False,0
b9cb9d3b4a,IE,none,False,False,0
9a0394208a,IE,register_qualified,True,False,1
f48b644a86,IE,none,False,False,0
4692a370c4,IE,register_qualified,True,False,1
4db640aa40,IE,lei_declared,True,False,1
092e2e8338,IE,none,False,False,0
a1dd0bf45b,IE,register_qualified,True,False,1
06d41e75ca,IE,none,False,False,0
5e66eb8de1,IE,none,False,False,0
4755cef4ff,IE,register_qualified,True,False,1
168854a0f0,IE,none,False,False,0
9f84950101,IE,register_qualified,True,False,1
6ef64bea9d,IE,none,False,False,0
630aeeaa0e,IE,register_qualified,True,False,1
b0800cf4e6,IE,none,False,False,0
ae3d873949,IE,none,False,False,0
f1916614fb,IE,none,False,False,0
d8e902b7ce,IE,none,False,False,0
0609e7b064,IE,none,False,False,0
5bb257299c,IE,register_qualified,True,False,1
af446d599b,IE,none,False,False,0
2de19fe64f,IE,none,False,False,0
7252586b8c,IE,none,False,False,0
c6545a52e9,IE,register_qualified,True,False,1
773820fd90,IE,none,False,False,0
b924e11140,IE,none,False,False,0
ac1956f7b8,IE,register_qualified,True,False,1
48efbb3cec,IE,register_qualified,True,False,1
f863a39dcc,IE,register_qualified,True,True,2
c12eb57ef6,IE,none,False,False,0
5676b42983,IE,lei_declared,True,False,1
10c03ce2b8,IE,none,False,False,0
439ec2ded5,IE,none,False,False,0
2b2d41072b,IE,register_qualified,True,False,1
96ca3b1331,IE,none,False,False,0
3d82d7723f,IE,none,False,False,0
f3971ab960,IE,none,False,False,0
ec937a9e8c,IE,register_qualified,True,False,1
3a92c5d7d1,IE,none,False,False,0
23df2a4ef7,IE,lei_declared,True,False,1
cd41277ef5,IE,none,False,False,0
c400b938c4,IE,none,False,False,0
d312a23b69,IE,register_qualified,True,False,1
b1c7a320c9,IE,none,False,False,0
0cadd4571b,IE,lei_declared,True,False,1
5309838ec3,IE,none,False,False,0
675bd06414,IE,register_qualified,True,False,1
1533c4d9e2,IE,register_qualified,True,False,1
632b1ec339,IE,none,False,False,0
4ef9e48d76,IE,none,False,False,0
7818d8e6d2,IE,register_qualified,True,False,1
bd677d6ce9,IE,none,False,False,0
65e653ee11,IE,lei_declared,True,False,1
0630e7b869,IE,lei_declared,True,False,1
e4ed130615,IE,lei_declared,True,False,1
51a47330bb,IE,register_qualified,True,False,1
023cd477ba,IE,none,False,False,0
06f039f4ec,IE,none,False,False,0
5346f6ae99,IE,none,False,False,0
b4b8ea55b7,IE,none,False,False,0
7ca1d78206,IE,none,False,False,0
f475fc6ceb,IE,none,False,False,0
5f37b94cec,IE,none,False,False,0
6296d3fc75,IE,register_qualified,True,False,1
c7948fbd0d,IE,none,False,False,0
39b8baeb48,IE,none,False,False,0
6cdf084d16,IE,none,False,False,0
ec2f8751ad,IE,register_qualified,True,False,1
140e2b5d57,IE,register_qualified,True,False,1
7214596378,IE,register_qualified,True,False,1
7f353a9098,IE,none,False,False,0
4b213b524d,IE,register_qualified,True,False,1
721874b2aa,IE,lei_declared,True,False,1
f6a879ec6a,IE,none,False,False,0
197cf511b5,IE,register_qualified,True,False,1
d5dfacdbeb,IE,none,False,False,0
176a84a496,IE,register_qualified,True,False,1
c1a9affceb,IE,none,False,False,0
ebdcfa576c,IE,lei_declared,True,False,1
130fed7933,IE,none,False,False,0
b915e2900b,IE,none,False,False,0
be20eff0d4,IE,none,False,False,0
bedc19837c,IE,none,False,False,0
0da240aeae,IE,lei_declared,True,False,1
8da33f09c1,IE,register_qualified,True,False,1
7b788e63d8,IE,register_qualified,True,False,1
9ca8d42158,IE,none,False,False,0
9d01165d12,IE,none,False,False,0
b9be20d9ac,IE,none,False,False,0
8ed939c551,IE,register_qualified,True,False,1
f105fe5bdb,IE,none,False,False,0
ba3f07f8a0,IE,none,False,False,0
2ce9f8a58a,IE,none,False,False,0
84423c1022,IE,none,False,False,0
5aa745006b,IE,none,False,False,0
4f99c1d5a5,IE,register_qualified,True,False,1
146a565463,IE,none,False,False,0
50e56b8ecb,IE,register_qualified,True,False,1
579daa78a6,IE,none,False,False,0
b478217a9a,IE,lei_declared,True,False,1
2233dd3cf7,IE,none,False,False,0
8eae36c570,IE,none,False,False,0
4ef9fd2f5a,IE,none,False,False,0
9451be47c6,IE,none,False,False,0
6a9de37db7,IE,none,False,False,0
06ce56df8b,IE,register_qualified,True,False,1
1b8ef73342,IE,none,False,False,0
4d61f50822,IE,none,False,False,0
e8f7c01db0,IE,register_qualified,True,False,1
67f1acb765,IE,none,False,False,0
52d3d06faf,IE,lei_declared,True,False,1
f58e9aeaf6,IE,register_qualified,True,False,1
ededccc653,IE,none,False,False,0
79200044f7,IE,none,False,False,0
f945d733e9,IE,none,False,False,0
3476875f15,IE,none,False,False,0
c69ef9c624,IE,register_qualified,True,False,1
8455133102,IE,none,False,False,0
4a0e38b401,IE,none,False,False,0
90d2513bc8,IE,none,False,False,0
6c508f73ba,IE,register_qualified,True,False,1
b6471d8e54,IE,none,False,False,0
f73596e20e,IE,none,False,False,0
16c009ede1,IE,none,False,False,0
f7de1a2ba4,IE,none,False,False,0
ce040da93a,IE,none,False,False,0
9fc86b6185,IE,none,False,False,0
6ac1c9f8b7,IE,none,False,False,0
42c9055373,IE,none,False,False,0
abd18d1de4,IE,none,False,False,0
63a428ad96,IE,register_qualified,True,False,1
8c5347071a,IE,none,False,False,0
764a57bf79,IE,none,False,False,0
e76882a3de,IE,none,False,False,0
2c5001cbde,IE,none,False,False,0
767c40763b,IE,none,False,False,0
e91d06ebd5,IE,none,False,False,0
b3c4327571,IE,register_qualified,True,False,1
c5cd7913f4,IE,register_qualified,True,False,1
fbfc03defe,IE,none,False,False,0
505c08ce37,IE,none,False,False,0
6d9dfc2f2a,IE,register_qualified,True,False,1
9c90c24c5a,IE,register_qualified,True,False,1
466c3ce406,IE,register_qualified,True,False,1
9482ef4e9d,IE,register_qualified,True,False,1
3275ab3870,IE,none,False,False,0
6e00695bdd,IE,none,False,False,0
da55f69296,IE,none,False,False,0
5fe8bb1992,IE,none,False,False,0
12ee368fa6,IE,register_qualified,True,False,1
8c6497c8c3,IE,register_qualified,True,False,1
28ed39d2a6,IE,register_qualified,True,False,1
44185dfce7,IE,none,False,False,0
8389e056b9,IE,register_qualified,True,False,1
695acc13a4,IE,none,False,False,0
34123e45e2,IE,none,False,False,0
0802c6e006,IE,none,False,False,0
0abbc51fe8,IE,none,False,False,0
68ad17e31b,IE,register_qualified,True,False,1
29013f97d2,IE,none,False,False,0
4b52ed04a1,IE,none,False,False,0
7323f41c52,IE,none,False,False,0
bf0777f2e2,IE,register_qualified,True,False,1
3561a4f0cf,IE,none,False,False,0
0be8c9d584,IE,register_qualified,True,False,1
7eccd136ea,IE,none,False,False,0
601edac81b,IE,none,False,False,0
a7aaae55c5,IE,none,False,False,0
cc09647f70,IE,none,False,False,0
53de397877,IE,none,False,False,0
2cd70412c4,IE,none,False,False,0
9988e087b9,IE,none,False,False,0
41e8f13fbd,IE,register_qualified,True,False,1
45cc088abd,IE,register_qualified,True,False,1
e6c372584a,IE,none,False,False,0
550675e2ea,IE,none,False,False,0
7e57a3152a,IE,register_qualified,True,False,1
383d453a76,IE,none,False,False,0
9e92b4e058,IE,register_qualified,True,False,1
5d9db3f559,IE,none,False,False,0
fb54d61292,IE,none,False,False,0
260e1fc29e,IE,none,False,False,0
efaaca6105,IE,none,False,False,0
4d1ddd893b,IE,none,False,False,0
3e37388282,IE,none,False,False,0
a1f2c3308c,IE,lei_declared,True,False,1
b7a7fb2c74,IE,register_qualified,True,False,1
bbfc2f3fd4,IE,none,False,False,0
83f521e5a3,IE,none,False,False,0
e1fc1ee044,IE,none,False,False,0
08c2439547,IE,none,False,False,0
21481cfe05,IE,lei_declared,True,False,1
e2c8f906e0,IE,none,False,False,0
fd4bf03982,IE,none,False,False,0
2738d16809,IE,none,False,False,0
293a0a58ce,IE,none,False,False,0
33db85904e,IE,none,False,False,0
874a8cd1db,IE,none,False,False,0
9b392380a9,IE,register_qualified,True,False,1
89a176f0ab,IE,none,False,False,0
9099563145,IE,none,False,False,0
ab3413b883,IE,none,False,False,0
bb81e45413,IE,register_qualified,True,False,1
01084c5c58,IE,lei_declared,True,False,1
1be345ebb0,IE,none,False,False,0
36d3478e54,IE,register_qualified,True,False,1
17703bf76a,IE,none,False,False,0
c332297e7e,IE,none,False,False,0
6dd0ce458a,IE,none,False,False,0
a374c6e28e,IE,none,False,False,0
646164cfa9,IE,none,False,False,0
e74b37a1a0,IE,none,False,False,0
58f1890e2b,IE,none,False,False,0
91834891a0,IE,none,False,False,0
fae3fa0fc6,IE,none,False,False,0
0cbda0f300,IE,none,False,False,0
415b6ee4d8,IE,register_qualified,True,False,1
373e099c9d,IE,lei_declared,True,False,1
5a8bbef4ec,IE,none,False,False,0
d0a5c012b7,IE,lei_declared,True,False,1
04526979b2,IE,none,False,False,0
db212b99cb,IE,register_qualified,True,False,1
9611617a01,IE,lei_declared,True,False,1
2a1d492711,IE,register_qualified,True,False,1
ff471a8ecd,IE,lei_declared,True,False,1
83f2daee41,IE,none,False,False,0
7e0cd7dac2,IE,lei_declared,True,False,1
78c3366424,IE,none,False,False,0
b4b1a61f04,IE,none,False,False,0
68576c4add,IE,none,False,False,0
78c189e769,IE,none,False,False,0
bb5557656c,IE,none,False,False,0
dbbdd949c0,IE,none,False,False,0
c7ae8b10a2,IE,register_qualified,True,False,1
5e06f653ed,IE,register_qualified,True,False,1
8e49278662,IE,none,False,False,0
a34834e681,IE,lei_declared,True,False,1
06a56996e2,IE,none,False,False,0
7a999400f8,IE,register_qualified,True,False,1
15fbf348c0,IE,none,False,False,0
7844b5ab5c,IE,none,False,False,0
69f24aa8a9,IE,register_qualified,True,False,1
47e277cc14,IE,none,False,False,0
180f13e800,IE,none,False,False,0
73942ff1e7,IE,register_qualified,True,False,1
d4f8e2e659,IE,register_qualified,True,True,2
b577d8c8d2,IE,register_qualified,True,False,1
b3d19eed71,IE,none,False,False,0
437058205f,IE,none,False,False,0
5ce237a97f,IE,none,False,False,0
e8dd88a40d,IE,none,False,False,0
4a8ae15c79,IE,lei_declared,True,False,1
6e8b466d7c,IE,none,False,False,0
a284fa5cd6,IE,lei_declared,True,False,1
121a0be6f2,IE,none,False,False,0
912c5bdd01,IE,none,False,False,0
15842448cc,IE,register_qualified,True,False,1
c40e93376c,IE,none,False,False,0
5b3d4c2773,IE,none,False,False,0
3d00056ddd,IE,register_qualified,True,False,1
e8f9a6925f,IE,none,False,False,0
d0ecc115ba,IE,none,False,False,0
873331cb3d,IE,none,False,False,0
ad40a72e32,IE,none,False,False,0
37d00dfada,IE,register_qualified,True,False,1
b0bff92881,IE,none,False,False,0
aa61532263,IE,none,False,False,0
c801c3c2d7,IE,none,False,False,0
b518fdb234,IE,none,False,False,0
17435a6de2,IE,register_qualified,True,False,1
d6e5e3fdb5,IE,lei_declared,True,False,1
bb5cc1782d,IE,none,False,False,0
719aea37e4,IE,none,False,False,0
476c4b61d0,IE,none,False,False,0
b3aa2f7ffb,IE,none,False,False,0
441f96aff3,IE,none,False,False,0
8959a99016,IE,none,False,False,0
4e0d0be504,IE,none,False,False,0
38db12c0f5,IE,lei_declared,True,False,1
50ad5351f3,IE,none,False,False,0
a923d95099,IE,lei_declared,True,False,1
9f51f971f7,IE,none,False,False,0
60e2378043,IE,none,False,False,0
7ad7fc1e67,IE,register_qualified,True,False,1
a3179facf2,IE,none,False,False,0
2b9ffb9f79,IE,none,False,False,0
09b4e84062,IS,none,False,False,0
0b6b12712b,IS,register_qualified,True,False,1
229d8bf3ff,IS,register_qualified,True,False,1
c16e96ba3d,IS,none,False,False,0
9ec927cb71,IS,none,False,False,0
b616347471,IS,none,False,False,0
81bc525afe,IS,none,False,False,0
25356e65c4,IS,none,False,False,0
e053c2a333,IS,none,False,False,0
55cf65355b,IS,register_qualified,True,False,1
7bae0d0d7b,IS,none,False,False,0
153cd3ef91,IS,none,False,False,0
64488f8d85,IS,none,False,False,0
4276987d75,IS,none,False,False,0
3bc7e78e18,IS,none,False,False,0
4cef14b7b3,IS,none,False,False,0
b431013277,IS,none,False,False,0
fb740fda83,IS,none,False,False,0
f944b7433c,IS,register_qualified,True,False,1
540c15f958,IS,register_qualified,True,False,1
1a2f32d880,IS,none,False,False,0
4fb56ecf93,IS,none,False,False,0
3a021f3f24,IS,none,False,False,0
9df57875cc,IS,none,False,False,0
ba8477795e,IS,none,False,False,0
4a43d342cc,IS,register_qualified,True,False,1
8ab950c3ed,IS,none,False,False,0
5cb541e9dc,IS,none,False,False,0
eb3c97acb9,IS,register_qualified,True,False,1
4b3224ee5f,IS,none,False,False,0
a115f91904,IS,none,False,False,0
7a01089fa2,IS,none,False,False,0
7cebe11834,IS,none,False,False,0
3daeae31ac,IS,none,False,False,0
670e00a2b9,IS,none,False,False,0
ffd56b3ab8,IS,register_qualified,True,False,1
41b80a1128,IS,none,False,False,0
0ba57e4664,IS,none,False,False,0
d8f87959bb,IS,none,False,False,0
3e729a7f50,IS,register_qualified,True,False,1
9920dce061,IS,none,False,False,0
9af6a05d1a,IS,register_qualified,True,False,1
77312575b5,IS,none,False,False,0
f0236d8f32,IS,register_qualified,True,False,1
8ab6108f7d,IS,none,False,False,0
778fa11e5d,IS,none,False,False,0
c2fafc5633,IS,none,False,False,0
68a3bf831c,IS,none,False,False,0
8ac1876dc4,IS,register_qualified,True,False,1
0661062d06,IS,none,False,False,0
de310ba897,IS,none,False,False,0
647837ae91,IS,none,False,False,0
e32017d94b,IS,none,False,False,0
e1bbd13b9f,IS,none,False,False,0
3d8b4a4f89,IS,none,False,False,0
8bab35d2a6,IS,none,False,False,0
817c17ec20,IS,none,False,False,0
5031f380f4,IS,none,False,False,0
0be0231c11,IS,none,False,False,0
d267dd3265,IS,none,False,False,0
e1bd3bdcdc,IS,none,False,False,0
3e98d1112f,IS,register_qualified,True,False,1
80759e7bc1,IS,none,False,False,0
0afa67dcff,IS,none,False,False,0
69873cfe80,IS,register_qualified,True,False,1
c63f137d86,IT,lei_declared,True,False,1
e882b3393b,IT,lei_declared,True,False,1
18401d19bd,IT,lei_declared,True,False,1
debd31f79b,IT,none,False,False,0
589c08fb84,IT,none,False,False,0
f1155ce64d,IT,lei_declared,True,False,1
210bca3558,IT,none,False,False,0
3b564f8897,IT,none,False,False,0
5c1c3ee8f0,IT,lei_declared,True,False,1
83ad111e9d,IT,lei_declared,True,False,1
e0a71fb74f,IT,none,False,False,0
5850814731,IT,register_qualified,True,False,1
64af4074dd,IT,none,False,False,0
0e05b473fa,IT,none,False,False,0
e549dd422e,IT,register_qualified,True,False,1
5882c24866,IT,none,False,False,0
d7d97d8204,IT,none,False,False,0
7a6358396a,IT,lei_declared,True,False,1
a04786e98a,IT,lei_declared,True,False,1
1b5aa89da0,IT,none,False,False,0
ed98d566bd,IT,none,False,False,0
c1afa8a389,IT,none,False,False,0
e791b2fc42,IT,none,False,False,0
94d5e5b5f8,IT,lei_declared,True,False,1
8350bb6890,IT,register_qualified,True,False,1
4d25706c0f,IT,register_qualified,True,False,1
0798490c6f,IT,none,False,False,0
a63fc3f857,IT,none,False,False,0
2025b1f742,IT,lei_declared,True,False,1
5f3f10f9e5,IT,lei_declared,True,False,1
65234cb3d2,IT,none,False,False,0
337db5fe19,IT,lei_declared,True,False,1
f1f91377d0,IT,none,False,False,0
a6659578d9,IT,none,False,False,0
e5483acb5d,IT,none,False,False,0
ad01e52db7,IT,lei_declared,True,False,1
e42de85aa6,IT,lei_declared,True,False,1
29b5e5a2b4,IT,none,False,False,0
3fdf0fb081,IT,none,False,False,0
337518bf04,IT,none,False,False,0
f2b9aff2b2,IT,lei_declared,True,False,1
f069703087,IT,none,False,False,0
a4609fa34f,IT,lei_declared,True,False,1
f3f381459f,IT,none,False,False,0
7b268acb07,IT,register_qualified,True,False,1
211b20d8c6,IT,register_qualified,True,False,1
de817412a5,IT,lei_declared,True,False,1
0343b7f217,IT,none,False,False,0
153206bec6,IT,none,False,False,0
38bd00cd31,IT,none,False,False,0
45d3a1dfdd,IT,lei_declared,True,False,1
2ce78ace34,IT,register_qualified,True,False,1
fea8fdcb6e,IT,lei_declared,True,False,1
80abde1c04,IT,lei_declared,True,False,1
65fc4d0343,IT,none,False,False,0
98005972e2,IT,none,False,False,0
9e64a341c8,IT,none,False,False,0
d5f05f9c01,IT,lei_declared,True,False,1
1d43b67fa9,IT,lei_declared,True,False,1
990c8adaeb,IT,none,False,False,0
88f8d5307c,IT,register_qualified,True,False,1
5b39b29663,IT,lei_declared,True,False,1
cd03079e44,IT,none,False,False,0
febed95639,IT,none,False,False,0
744523a6e7,IT,lei_declared,True,False,1
0b80cd82f6,IT,lei_declared,True,False,1
4f531baf09,IT,lei_declared,True,False,1
1c00566cf6,IT,lei_declared,True,False,1
3b34906eed,IT,lei_declared,True,False,1
aa48edb00b,IT,lei_declared,True,False,1
e2da62a4ce,IT,none,False,False,0
5326b6772a,IT,register_qualified,True,False,1
8d2e38ec86,IT,none,False,False,0
c639aa90fa,IT,none,False,False,0
366ca97988,IT,none,False,False,0
6b268ebbc6,IT,none,False,False,0
035fe2fd88,IT,none,False,False,0
b5399ba0b7,IT,register_qualified,True,False,1
29abbf8d2c,IT,lei_declared,True,False,1
382668203a,IT,lei_declared,True,False,1
405e833dc1,IT,none,False,False,0
fbcb90c347,IT,none,False,False,0
c3ebe5842f,IT,none,False,False,0
fca844123c,IT,none,False,False,0
14e87b866d,IT,lei_declared,True,False,1
bf2322b3a3,IT,none,False,False,0
30b0e30bb6,IT,lei_declared,True,False,1
cbc2fdbeca,IT,register_qualified,True,False,1
5722dd985a,IT,lei_declared,True,False,1
672dc21412,IT,lei_declared,True,False,1
d3b72c577b,IT,none,False,False,0
a4eb3d38f8,IT,none,False,False,0
dd0387c029,IT,none,False,False,0
df67c12377,IT,lei_declared,True,False,1
bc8c7c673f,IT,lei_declared,True,False,1
e31d3af557,IT,none,False,False,0
6e75a15807,IT,lei_declared,True,False,1
3b8dc13dc9,IT,none,False,False,0
d9bed0f6de,IT,lei_declared,True,False,1
35be3629fa,IT,lei_declared,True,False,1
24d72ac6d6,IT,none,False,False,0
648364ff6d,IT,none,False,False,0
fa82e865d6,IT,register_qualified,True,False,1
55707c1c58,IT,lei_declared,True,False,1
5d7fbf041a,IT,none,False,False,0
c90f003f59,IT,lei_declared,True,False,1
f5e40f8fe7,IT,register_qualified,True,False,1
9a65bb2669,IT,none,False,False,0
76d3364755,IT,register_qualified,True,False,1
9cf5cc5c7b,IT,none,False,False,0
af11924157,IT,none,False,False,0
d645dbe604,IT,none,False,False,0
e6657503a7,IT,none,False,False,0
c39616efbd,IT,none,False,False,0
98f312ab31,IT,lei_declared,True,False,1
e6d5f74901,IT,none,False,False,0
ff451fa486,IT,register_qualified,True,False,1
367a938ceb,IT,none,False,False,0
554f887205,IT,lei_declared,True,False,1
0a20a2576e,IT,none,False,False,0
3fecd56307,IT,none,False,False,0
1d7e761d00,IT,none,False,False,0
c24607a49d,IT,none,False,False,0
67ee52357e,IT,lei_declared,True,False,1
28ac7eef47,IT,none,False,False,0
0c47db95bf,IT,lei_declared,True,False,1
fb0b64980b,IT,none,False,False,0
8a0c38bfd8,IT,none,False,False,0
9f190bb2a0,IT,none,False,False,0
1b907fe799,IT,register_qualified,True,False,1
5530b6f297,IT,none,False,False,0
343af9adfc,IT,lei_declared,True,False,1
06cca56649,IT,register_qualified,True,False,1
cb3a18a3a6,IT,none,False,False,0
c66b42fdbc,IT,register_qualified,True,False,1
c0eb231790,IT,lei_declared,True,False,1
4cefecd801,IT,lei_declared,True,False,1
6904a00382,IT,none,False,False,0
2f35c8a5a4,IT,lei_declared,True,False,1
baf906d1ac,IT,lei_declared,True,False,1
7652e3ca64,IT,none,False,False,0
eb5634b0d7,IT,lei_declared,True,False,1
fd7b1224b3,IT,register_qualified,True,False,1
42b6c1ed92,IT,lei_declared,True,False,1
24045673be,IT,lei_declared,True,False,1
f1cfca5a7a,IT,lei_declared,True,False,1
439e2882ac,IT,register_qualified,True,False,1
f4e39230b5,IT,none,False,False,0
672f643920,IT,register_qualified,True,False,1
5ca555fb6a,IT,none,False,False,0
bf73164fca,IT,lei_declared,True,False,1
ea5277ca38,IT,lei_declared,True,False,1
dd763eb5a5,IT,lei_declared,True,False,1
c2c237b24d,IT,register_qualified,True,False,1
5f824198a0,IT,none,False,False,0
1680d59f9c,IT,lei_declared,True,False,1
ca83c7b9e7,IT,lei_declared,True,False,1
edbc199623,IT,none,False,False,0
91ceae5f7d,IT,none,False,False,0
1df3fac313,IT,none,False,False,0
1d2f25ad65,IT,none,False,False,0
e7361f53df,IT,none,False,False,0
9acb5c0da9,IT,none,False,False,0
3fdaffeaa8,IT,none,False,False,0
f7fd42e5c9,IT,lei_declared,True,False,1
b743fd6393,IT,lei_declared,True,False,1
815f69da3e,IT,none,False,False,0
e62748c62b,IT,none,False,False,0
f14c874425,IT,none,False,False,0
b4388b09ee,IT,lei_declared,True,False,1
9d21f52a3a,IT,lei_declared,True,False,1
d88b4d44c5,IT,none,False,False,0
0763ee9ff4,IT,none,False,False,0
cfbb527492,IT,none,False,False,0
5613122495,IT,register_qualified,True,False,1
af0abe1f73,IT,register_qualified,True,False,1
60e012fb22,IT,lei_declared,True,False,1
0ae0811684,IT,none,False,False,0
004ec0a726,IT,lei_declared,True,False,1
a57a68b062,IT,register_qualified,True,False,1
00ae97ad23,IT,register_qualified,True,False,1
73dd955c65,IT,lei_declared,True,False,1
d3790849e3,IT,none,False,False,0
0a62b66397,IT,none,False,False,0
d71b5fb43c,IT,lei_declared,True,False,1
854811296d,IT,none,False,False,0
71ef779090,IT,lei_declared,True,False,1
84516de28c,IT,lei_declared,True,False,1
dbbbc0f37b,IT,none,False,False,0
d81051f56c,IT,none,False,False,0
f61bb77020,IT,none,False,False,0
053a30f39f,IT,lei_declared,True,False,1
8b23aba3bf,IT,none,False,False,0
4da947b926,IT,none,False,False,0
4ba6a27bd2,IT,lei_declared,True,False,1
f921d466b2,IT,lei_declared,True,False,1
863b0c30bd,IT,none,False,False,0
4cbc75fc9e,IT,register_qualified,True,False,1
5f321edb77,IT,lei_declared,True,False,1
6aa5f9edf1,IT,none,False,False,0
906ad00c4f,IT,none,False,False,0
5303d5ca28,IT,none,False,False,0
370a9fcc3b,IT,none,False,False,0
9ab3d45bd7,IT,register_qualified,True,False,1
1a5acb0c66,IT,none,False,False,0
a4ecb1d1c6,IT,lei_declared,True,False,1
e22da8c0d8,IT,register_qualified,True,False,1
344d0111c0,IT,none,False,False,0
6ac50a2a48,IT,lei_declared,True,False,1
a697daba18,IT,none,False,False,0
6077130a55,IT,register_qualified,True,False,1
1c5c8889f6,IT,none,False,False,0
e28cc5739d,IT,none,False,False,0
a3411f4291,IT,none,False,False,0
c7a21fc303,IT,register_qualified,True,False,1
762e57a51e,IT,register_qualified,True,False,1
9d1048a646,IT,none,False,False,0
991fe81937,IT,none,False,False,0
03ddf60ce6,IT,none,False,False,0
0b366cd367,IT,none,False,False,0
2f920dd17e,IT,none,False,False,0
11f3315386,IT,none,False,False,0
6e88955bc4,IT,lei_declared,True,False,1
c396d5b4ab,IT,none,False,False,0
705ec23757,IT,none,False,False,0
789632c227,IT,none,False,False,0
a62354a497,IT,none,False,False,0
e62e34f6a4,IT,none,False,False,0
09090d3381,IT,register_qualified,True,False,1
0b85ba1bd4,IT,none,False,False,0
ca188875dc,IT,none,False,False,0
86fe3a649f,IT,lei_declared,True,False,1
45941f8eb8,IT,register_qualified,True,False,1
508d3868e7,IT,none,False,False,0
a97c93e60f,IT,none,False,False,0
21708364b0,IT,none,False,False,0
632aca6736,IT,register_qualified,True,False,1
b3a1801aee,IT,lei_declared,True,False,1
012d0113e3,IT,none,False,False,0
5428496d9e,IT,lei_declared,True,False,1
7a08965bca,IT,lei_declared,True,False,1
07ac22247b,IT,none,False,False,0
ccc8db1268,IT,none,False,False,0
2cad91b0cb,IT,none,False,False,0
329dc80feb,IT,none,False,False,0
c867c51586,IT,none,False,False,0
7249679277,IT,none,False,False,0
d0f06945c0,IT,none,False,False,0
7ad42da547,IT,none,False,False,0
afef98649a,IT,none,False,False,0
39b34ff651,IT,lei_declared,True,False,1
51181dfa43,IT,none,False,False,0
0be7d02647,IT,none,False,False,0
af27dcb45b,IT,none,False,False,0
c2d8c07284,IT,none,False,False,0
dcdae12b1c,IT,none,False,False,0
9db859e182,IT,none,False,False,0
d7f2ad4b0f,IT,none,False,False,0
b9441e700a,IT,none,False,False,0
7ddef2f615,IT,lei_declared,True,False,1
31856cd066,IT,lei_declared,True,False,1
6433b02a93,IT,lei_declared,True,False,1
dc19905e1f,IT,none,False,False,0
1056e2cde8,IT,register_qualified,True,False,1
19716c1940,IT,none,False,False,0
e611cb7e5f,IT,lei_declared,True,False,1
925779ca10,IT,none,False,False,0
dde1ab7d46,IT,lei_declared,True,False,1
19c5a9d148,IT,none,False,False,0
fb8adfa94a,IT,none,False,False,0
f98841c453,IT,none,False,False,0
eb946e4a7f,IT,none,False,False,0
d3ae472d3b,IT,none,False,False,0
015ebd1945,IT,lei_declared,True,False,1
4c12ef461a,IT,lei_declared,True,False,1
a048f16c5c,IT,lei_declared,True,False,1
8647826adf,IT,lei_declared,True,False,1
c9c9b8fcf7,IT,none,False,False,0
a891158a92,IT,register_qualified,True,False,1
3e68f2f929,IT,lei_declared,True,False,1
0a0f7b3420,IT,none,False,False,0
f57d0e6a16,IT,lei_declared,True,False,1
ff9c3d6634,IT,none,False,False,0
4aad114cfd,IT,none,False,False,0
ec377f3d52,IT,none,False,False,0
4343cf3c52,IT,lei_declared,True,False,1
51bd873784,IT,lei_declared,True,False,1
1a326cbcad,IT,none,False,False,0
9e9d6a7aba,IT,none,False,False,0
05046fc148,IT,none,False,False,0
9686d79960,IT,lei_declared,True,False,1
1215a77549,IT,none,False,False,0
900491b697,IT,none,False,False,0
dd6c0ba50a,IT,register_qualified,True,False,1
e7ba57d109,IT,none,False,False,0
5b5ed94698,IT,lei_declared,True,False,1
72539eafa8,IT,lei_declared,True,False,1
0e0c26063b,IT,none,False,False,0
7b1983c695,IT,none,False,False,0
4fffe21fab,IT,lei_declared,True,False,1
e9c358f164,IT,lei_declared,True,False,1
70dab9cc4e,IT,none,False,False,0
06eceea3b7,IT,none,False,False,0
ec0bc4bbba,IT,none,False,False,0
c39a793d01,IT,none,False,False,0
b30f8d5edc,IT,none,False,False,0
815caa614c,IT,lei_declared,True,False,1
ffb0252a39,IT,lei_declared,True,False,1
20d31acfbb,IT,lei_declared,True,False,1
396163d560,IT,lei_declared,True,False,1
8901854a11,IT,lei_declared,True,False,1
cd283d03e7,IT,register_qualified,True,False,1
90b8877aba,IT,none,False,False,0
107f9cf663,IT,none,False,False,0
65def5f320,IT,lei_declared,True,False,1
1608ab4aff,IT,none,False,False,0
43b692aa30,IT,lei_declared,True,False,1
6d85ad4827,IT,none,False,False,0
d13ff1c4b5,IT,lei_declared,True,False,1
2db1dc7eae,IT,lei_declared,True,False,1
053ac46c3b,IT,lei_declared,True,False,1
d1fcf1b265,IT,none,False,False,0
359d63d15d,IT,lei_declared,True,False,1
fa2af00845,IT,none,False,False,0
e80c9d77ef,IT,none,False,False,0
0475525ba1,IT,none,False,False,0
2715f62bf4,IT,none,False,False,0
4445e08ead,IT,lei_declared,True,False,1
03d265e9c9,IT,lei_declared,True,False,1
419e376cf9,IT,lei_declared,True,False,1
65839e06d8,IT,none,False,False,0
39f5f8f37d,IT,lei_declared,True,False,1
62e2b31727,IT,register_qualified,True,False,1
a323c44683,IT,lei_declared,True,False,1
4c3f962466,IT,register_qualified,True,False,1
0b827c2e3b,IT,none,False,False,0
6b8713ab32,IT,none,False,False,0
762a2b3bed,IT,none,False,False,0
b41e5c733f,IT,lei_declared,True,False,1
cd7ecbed00,IT,none,False,False,0
8f0aeacfbc,IT,lei_declared,True,False,1
592706663a,IT,none,False,False,0
be930aa35c,IT,none,False,False,0
1eda9bad38,IT,none,False,False,0
abbe41caa7,IT,lei_declared,True,False,1
a0d0f09690,IT,lei_declared,True,False,1
7a943c0a05,IT,register_qualified,True,False,1
80aec3b49f,IT,none,False,False,0
789b61b90d,IT,lei_declared,True,False,1
d6b225d690,IT,none,False,False,0
e787cbb712,IT,none,False,False,0
855bc9dcac,IT,none,False,False,0
31cdc11924,IT,register_qualified,True,False,1
89e459fae6,IT,lei_declared,True,False,1
5811cbe218,IT,register_qualified,True,False,1
cb3739c8f0,IT,lei_declared,True,False,1
d153eb7889,IT,none,False,False,0
a8c9029a13,IT,lei_declared,True,False,1
f2a020dba3,IT,lei_declared,True,False,1
c941502cf4,IT,none,False,False,0
36c3a71829,IT,lei_declared,True,False,1
3905bcffce,IT,lei_declared,True,False,1
265c113dd7,IT,none,False,False,0
c881639cfe,IT,lei_declared,True,False,1
d4c40d0f73,IT,none,False,False,0
2d97db39c9,IT,register_qualified,True,False,1
80c5076c54,IT,none,False,False,0
4b97565e90,IT,lei_declared,True,False,1
3a7d1054d0,IT,register_qualified,True,False,1
78b974217e,IT,none,False,False,0
98515f2d60,IT,lei_declared,True,False,1
5e62289ef2,IT,none,False,False,0
4887972685,IT,lei_declared,True,False,1
a7535d8f9d,IT,none,False,False,0
f0b80fc03a,IT,lei_declared,True,False,1
14a089c6b4,IT,none,False,False,0
1c03192ba8,IT,lei_declared,True,False,1
f8e576bdeb,IT,lei_declared,True,False,1
9f40f695a2,IT,none,False,False,0
9ce1333015,IT,none,False,False,0
1f21336561,IT,none,False,False,0
cb73cd3edf,IT,none,False,False,0
4a7cc665fb,IT,none,False,False,0
cf5f098638,IT,none,False,False,0
8bcdbac9cb,IT,lei_declared,True,False,1
cd832b9109,IT,lei_declared,True,False,1
47aa04d00d,IT,lei_declared,True,False,1
275d143db6,IT,lei_declared,True,False,1
177f28430c,IT,lei_declared,True,False,1
f3c60d8a96,IT,none,False,False,0
a266185336,IT,lei_declared,True,False,1
04f01c890f,IT,none,False,False,0
fca3cf64b6,IT,lei_declared,True,False,1
4357cd499b,IT,register_qualified,True,False,1
118245020d,IT,none,False,False,0
fd515fc8d2,IT,lei_declared,True,False,1
7917cdd15c,IT,none,False,False,0
2fc1d1666f,IT,lei_declared,True,False,1
b841dc1d84,IT,lei_declared,True,False,1
518fb405af,IT,lei_declared,True,False,1
dc92d262ba,IT,none,False,False,0
a3112bc582,IT,lei_declared,True,False,1
3a4318db30,IT,none,False,False,0
8c8467b62c,IT,lei_declared,True,False,1
328d160a83,IT,lei_declared,True,False,1
31d85cc383,IT,none,False,False,0
cc7ee3b8ad,IT,none,False,False,0
4dff4e43d4,IT,none,False,False,0
78bcc30e82,IT,lei_declared,True,False,1
a758593ea5,IT,none,False,False,0
4bf185722a,IT,none,False,False,0
06502d826c,IT,none,False,False,0
296c9aaa21,IT,none,False,False,0
b9bbcacbef,IT,lei_declared,True,False,1
923a9e4e9f,IT,lei_declared,True,False,1
110ade37e8,IT,lei_declared,True,False,1
74e756cc89,IT,lei_declared,True,False,1
1f28d154ab,IT,none,False,False,0
9a8899f703,IT,lei_declared,True,False,1
17d1ffd2f5,IT,lei_declared,True,False,1
d405beadce,IT,none,False,False,0
724e86056d,IT,lei_declared,True,False,1
54d2cbc46f,IT,lei_declared,True,False,1
131cf48048,IT,none,False,False,0
ba8003b6c7,IT,none,False,False,0
ad2c9b1005,IT,lei_declared,True,False,1
4c5ae088f2,IT,none,False,False,0
06386455e3,IT,lei_declared,True,False,1
d2e9023c4f,IT,lei_declared,True,False,1
593f06ce86,IT,none,False,False,0
1cc2ee637f,IT,lei_declared,True,False,1
bf67675b85,IT,none,False,False,0
74390e12f2,IT,lei_declared,True,False,1
3e96c60144,IT,lei_declared,True,False,1
68278f2ee5,IT,lei_declared,True,False,1
523b3133d1,IT,lei_declared,True,False,1
8867d7dcc8,IT,register_qualified,True,False,1
e90ce3ef6c,IT,lei_declared,True,False,1
0cd18326a3,IT,none,False,False,0
431d4c7894,IT,none,False,False,0
335c89fc8c,IT,none,False,False,0
1b6edf52b3,IT,lei_declared,True,False,1
d0d2d8a7f7,IT,lei_declared,True,False,1
5a6862901e,IT,lei_declared,True,False,1
bdbd913e03,IT,none,False,False,0
ecbee0e0e6,IT,none,False,False,0
886a81103b,IT,none,False,False,0
b589b677ca,IT,lei_declared,True,False,1
c7067e5da7,IT,none,False,False,0
059716a348,IT,lei_declared,True,False,1
6586239c6a,IT,none,False,False,0
7155675588,IT,lei_declared,True,False,1
46daa42e98,IT,register_qualified,True,False,1
65a1b177e3,IT,none,False,False,0
8f92031596,IT,lei_declared,True,False,1
37c271ca0f,IT,register_qualified,True,False,1
bbec0e9338,IT,lei_declared,True,False,1
29384b6b0d,IT,none,False,False,0
c3221098ac,IT,none,False,False,0
5a7a77b382,IT,none,False,False,0
74736f301a,IT,lei_declared,True,False,1
cc04ad5afc,IT,lei_declared,True,False,1
0551786607,IT,register_qualified,True,False,1
090c3ee2a8,IT,lei_declared,True,False,1
30e9a7a616,IT,lei_declared,True,False,1
d8d7187296,IT,lei_declared,True,False,1
c4bd5d65ac,IT,lei_declared,True,False,1
40d3b30cc8,IT,register_qualified,True,False,1
b1d922f92a,IT,lei_declared,True,False,1
77fe9dceb0,IT,lei_declared,True,False,1
4f1f22d2cc,IT,register_qualified,True,False,1
6ec6df3f23,IT,lei_declared,True,False,1
0152eb77f6,IT,lei_declared,True,False,1
d116fcfc81,IT,register_qualified,True,False,1
7b23e29fda,IT,lei_declared,True,False,1
e8009acd07,IT,lei_declared,True,False,1
cd7a89cdad,IT,none,False,False,0
a3282afd37,IT,register_qualified,True,False,1
f0c10a4c33,IT,lei_declared,True,False,1
e077bb9ebf,IT,none,False,False,0
a4e1aa2ecf,IT,register_qualified,True,False,1
5a471eabb6,IT,none,False,False,0
5fbc463481,IT,none,False,False,0
e0b1d394fc,IT,none,False,False,0
b25ad93128,IT,none,False,False,0
6c05e46d79,IT,none,False,False,0
8080b30f85,IT,none,False,False,0
01cb389b56,IT,none,False,False,0
84edba4831,IT,none,False,False,0
e0d05927b1,IT,lei_declared,True,False,1
158087cd99,IT,none,False,False,0
eb159c6b58,IT,none,False,False,0
a05230b7c4,IT,none,False,False,0
0e8298660f,IT,none,False,False,0
002a6f03a5,IT,none,False,False,0
200eb7606e,IT,none,False,False,0
9bc9aea988,IT,lei_declared,True,False,1
183b2a127e,IT,none,False,False,0
92a2ad8a45,IT,lei_declared,True,False,1
e7c90f044d,IT,none,False,False,0
c1a147d018,IT,register_qualified,True,False,1
83245aebe5,IT,none,False,False,0
d604678b5c,IT,none,False,False,0
e6c86b04bf,IT,lei_declared,True,False,1
1a5fd578af,IT,lei_declared,True,False,1
c1165767d5,IT,none,False,False,0
aacdc068d6,IT,none,False,False,0
5c9e5bb5dd,IT,lei_declared,True,False,1
9955f9af59,IT,lei_declared,True,False,1
83717891e2,IT,none,False,False,0
38ab2e5475,IT,none,False,False,0
fee5387ee0,IT,lei_declared,True,False,1
dd6cf4ba0c,IT,none,False,False,0
115bca99f8,IT,lei_declared,True,False,1
9e802fbb43,IT,none,False,False,0
b1c227c972,IT,lei_declared,True,False,1
30ec97a672,IT,lei_declared,True,False,1
0752461717,IT,none,False,False,0
c454354764,IT,none,False,False,0
c3dfce3216,IT,none,False,False,0
b6a0777564,IT,none,False,False,0
0d5c279a19,IT,lei_declared,True,False,1
dee333b680,IT,lei_declared,True,False,1
32ea4069f6,IT,register_qualified,True,False,1
1e64e27e39,IT,register_qualified,True,False,1
0436e735ca,IT,none,False,False,0
f21dae9677,IT,none,False,False,0
27ea016565,IT,register_qualified,True,False,1
121b62273c,IT,none,False,False,0
063a23ce48,IT,none,False,False,0
1017ba386a,IT,lei_declared,True,False,1
fdbbd54140,IT,lei_declared,True,False,1
f18d8d5f8d,IT,lei_declared,True,False,1
6f5aa7660d,IT,none,False,False,0
9eb837ac8f,IT,lei_declared,True,False,1
d381e8fb2b,IT,none,False,False,0
36d8d813e7,IT,lei_declared,True,False,1
41c0d5ec5a,IT,lei_declared,True,False,1
485ffa541a,IT,none,False,False,0
18367ad80e,IT,none,False,False,0
f98ed7cb77,IT,none,False,False,0
d3d724c23b,IT,register_qualified,True,False,1
9b4ed63615,IT,lei_declared,True,False,1
2dd91aeede,IT,none,False,False,0
f94ee5b170,IT,none,False,False,0
2c3a2b14fa,IT,register_qualified,True,False,1
12c2c88095,IT,lei_declared,True,False,1
e9c9587ea3,IT,none,False,False,0
b5c80b89ea,IT,none,False,False,0
f5393fa5ba,IT,none,False,False,0
3a6460b968,IT,none,False,False,0
e8d1172471,IT,none,False,False,0
9c2bc7a1fe,IT,none,False,False,0
7d8f170f1d,IT,none,False,False,0
6fa1ad3954,IT,none,False,False,0
3a461edfbb,IT,lei_declared,True,False,1
93f82ba234,IT,lei_declared,True,False,1
79be4031f3,IT,lei_declared,True,False,1
c49105a812,IT,none,False,False,0
9bf19f8264,IT,none,False,False,0
bfc917054d,IT,lei_declared,True,False,1
bc43ca17f7,IT,none,False,False,0
d53c65df5d,IT,lei_declared,True,False,1
afcf96c880,IT,none,False,False,0
066e58b92f,IT,none,False,False,0
d58522deb8,IT,none,False,False,0
465c7c3021,IT,none,False,False,0
3427173c08,IT,register_qualified,True,False,1
fab6f70e9f,IT,none,False,False,0
f6f60df929,IT,lei_declared,True,False,1
08e3c53439,IT,none,False,False,0
c84834f498,IT,none,False,False,0
3a018fef94,IT,lei_declared,True,False,1
46f0c4be04,IT,lei_declared,True,False,1
076a6ae3d3,IT,lei_declared,True,False,1
5e68b7703b,IT,none,False,False,0
8edae2221e,IT,lei_declared,True,False,1
bef55ffded,IT,lei_declared,True,False,1
30c987a0a6,IT,lei_declared,True,False,1
0e0c18c30f,IT,lei_declared,True,False,1
0033c38994,IT,lei_declared,True,False,1
2810b4f858,IT,register_qualified,True,False,1
4410772594,IT,none,False,False,0
b6c66b78ee,IT,none,False,False,0
8e4c6901c3,IT,lei_declared,True,False,1
4069885336,IT,lei_declared,True,False,1
88606594cf,IT,lei_declared,True,False,1
9e0c038114,IT,lei_declared,True,False,1
5c913e1496,IT,lei_declared,True,False,1
cc2d05725a,IT,none,False,False,0
6946e9bf20,IT,none,False,False,0
9d9c94d9be,IT,register_qualified,True,False,1
de30cee886,IT,none,False,False,0
8280428303,IT,none,False,False,0
7f473a7642,IT,lei_declared,True,False,1
518133ebe5,IT,none,False,False,0
8f1ef12ea0,IT,register_qualified,True,False,1
c3bc656d84,IT,lei_declared,True,False,1
914e5b71eb,IT,lei_declared,True,False,1
f0b026f64f,IT,none,False,False,0
037ec10806,IT,none,False,False,0
b1f1ccd2aa,IT,register_qualified,True,False,1
f93cb5378b,IT,none,False,False,0
6b75e58acc,IT,none,False,False,0
680b0e995c,IT,none,False,False,0
58e1c0c749,IT,none,False,False,0
6284ab17a3,IT,none,False,False,0
9e3b1e9cf1,IT,none,False,False,0
691d0af161,IT,none,False,False,0
98c05e610e,IT,none,False,False,0
8ad02a249a,IT,none,False,False,0
bd4b3323c3,IT,none,False,False,0
32c45b9276,IT,lei_declared,True,False,1
67ae700ef6,IT,register_qualified,True,False,1
b237539319,IT,register_qualified,True,False,1
40533d0c53,IT,none,False,False,0
aae0f03c5c,IT,none,False,False,0
f399aedb9e,IT,register_qualified,True,False,1
7bd5562735,IT,register_qualified,True,False,1
29f76e8296,IT,none,False,False,0
11b4743f98,IT,lei_declared,True,False,1
2f0475ca71,IT,none,False,False,0
381f06f85e,IT,none,False,False,0
8ae34fd34a,IT,none,False,False,0
4480e688b8,IT,none,False,False,0
084ec82e8e,IT,register_qualified,True,False,1
c08a8a2f2e,IT,lei_declared,True,False,1
01b384f686,IT,lei_declared,True,False,1
65ca62bf03,IT,register_qualified,True,False,1
0551b5a08d,IT,none,False,False,0
7be50a4521,IT,register_qualified,True,False,1
b52ac3ef9d,IT,none,False,False,0
e171bb30b7,IT,register_qualified,True,False,1
a8ec3d4582,IT,none,False,False,0
a46e8af434,IT,register_qualified,True,False,1
64a82595ba,IT,lei_declared,True,False,1
107cb5058c,IT,register_qualified,True,False,1
4958aec14d,IT,lei_declared,True,False,1
c6a6f74a65,IT,none,False,False,0
dce4362e8f,IT,lei_declared,True,False,1
06ba19be74,IT,none,False,False,0
db1efbe3f7,IT,none,False,False,0
6c286f2b7a,IT,none,False,False,0
d21c29c7ba,IT,none,False,False,0
19823874de,IT,none,False,False,0
632925e638,IT,none,False,False,0
71cca5301d,IT,register_qualified,True,False,1
b8013ee862,IT,none,False,False,0
fd98eafab8,IT,lei_declared,True,False,1
ca3f9e2ca0,IT,lei_declared,True,False,1
c8d1a297e8,IT,none,False,False,0
e3a9533328,IT,none,False,False,0
327a43bae5,IT,none,False,False,0
054c4b2df8,IT,none,False,False,0
e76f9b901c,IT,register_qualified,True,False,1
7cb0ff2a76,IT,none,False,False,0
dc650196dd,IT,register_qualified,True,False,1
d1d6737e55,IT,register_qualified,True,False,1
9ddcc7a2f2,IT,register_qualified,True,False,1
9ef4c88dd2,IT,lei_declared,True,False,1
98d969f34a,IT,none,False,False,0
aafda7809d,IT,none,False,False,0
bed22119ad,IT,lei_declared,True,False,1
0df45b8e7e,IT,none,False,False,0
635587dd43,IT,none,False,False,0
688c033fd0,IT,lei_declared,True,False,1
87f545f487,IT,register_qualified,True,False,1
46e1b6bf50,IT,none,False,False,0
82e46de8b1,IT,none,False,False,0
815bf719fe,IT,none,False,False,0
403fe940a8,IT,none,False,False,0
e9e12376e2,IT,lei_declared,True,False,1
1af16c4a1c,IT,none,False,False,0
99ea2d874c,IT,none,False,False,0
9795046d7d,IT,none,False,False,0
9a6c28e5cf,IT,none,False,False,0
9e8524ad9f,IT,lei_declared,True,False,1
a1c390201d,IT,register_qualified,True,False,1
ec54b66d6c,IT,none,False,False,0
09628ba5e3,IT,lei_declared,True,False,1
687a706b68,IT,none,False,False,0
da501b3e20,IT,register_qualified,True,False,1
dd180375d1,IT,none,False,False,0
53628c583e,IT,none,False,False,0
8424358373,IT,none,False,False,0
fa4ca9ef09,IT,lei_declared,True,False,1
45904fe6ba,IT,register_qualified,True,False,1
e324aa2f26,IT,register_qualified,True,False,1
592dcf3883,IT,none,False,False,0
fdc4ac5b3c,IT,register_qualified,True,False,1
a63673fd2b,IT,register_qualified,True,False,1
ae57520935,IT,register_qualified,True,False,1
7d3199de2a,IT,register_qualified,True,False,1
92f34101ca,IT,lei_declared,True,False,1
ef450c5a78,IT,none,False,False,0
4e5a97997e,IT,none,False,False,0
3b37826b88,IT,none,False,False,0
f5e1f49f99,IT,none,False,False,0
57e6b0e983,IT,lei_declared,True,False,1
d08c399662,IT,lei_declared,True,False,1
ad2e0ad48c,IT,lei_declared,True,False,1
0864966d25,IT,lei_declared,True,False,1
cf0b39e4d4,IT,none,False,False,0
41b24fa0b0,IT,none,False,False,0
000c0a22f3,IT,register_qualified,True,False,1
d95314c900,IT,lei_declared,True,False,1
26743e4500,IT,register_qualified,True,False,1
c80acca145,IT,lei_declared,True,False,1
1d1357cb4f,IT,lei_declared,True,False,1
976b2cc853,IT,none,False,False,0
d6f85b437c,IT,register_qualified,True,False,1
64ab697401,IT,none,False,False,0
ac94753817,IT,none,False,False,0
0b13624eb8,IT,none,False,False,0
626acff470,IT,register_qualified,True,False,1
7156defd1a,IT,lei_declared,True,False,1
ecb101a0f1,IT,lei_declared,True,False,1
8691133a67,IT,none,False,False,0
b0953d263b,IT,register_qualified,True,False,1
e172c0d0cf,IT,register_qualified,True,False,1
b76d3649da,IT,none,False,False,0
5ae8f7bcc8,IT,none,False,False,0
4e1b706abd,IT,none,False,False,0
13b97b55d0,IT,lei_declared,True,False,1
32a65fdcbd,IT,lei_declared,True,False,1
faeecd5815,IT,none,False,False,0
5d64a564b0,IT,none,False,False,0
6add525043,IT,none,False,False,0
b20f7b5039,IT,register_qualified,True,False,1
cbacf8b64f,IT,none,False,False,0
af77911e53,IT,none,False,False,0
8d7ebb3f12,IT,lei_declared,True,False,1
1510cbe10c,IT,none,False,False,0
732e4222cd,IT,none,False,False,0
9f3c5df36a,IT,none,False,False,0
b0899146ca,IT,none,False,False,0
eb87a99433,IT,lei_declared,True,False,1
89c0f95b32,IT,lei_declared,True,False,1
81dfabdb23,IT,none,False,False,0
0989464906,IT,none,False,False,0
f94310dd8f,IT,none,False,False,0
29d2dd3b43,IT,none,False,False,0
76d84f9afa,IT,none,False,False,0
c2f3719805,IT,register_qualified,True,False,1
2ebac5ccec,IT,none,False,False,0
58a49f9912,IT,none,False,False,0
ce15ca492e,IT,lei_declared,True,False,1
713733cf4b,IT,none,False,False,0
1380fdf250,IT,lei_declared,True,False,1
327fa3185f,IT,lei_declared,True,False,1
b756806ed4,IT,lei_declared,True,False,1
18914a1d0d,IT,none,False,False,0
d656c0e4d2,IT,none,False,False,0
09343d365f,IT,none,False,False,0
62de9c785f,IT,none,False,False,0
4f09b8b6a6,IT,lei_declared,True,False,1
b755dc463e,IT,none,False,False,0
f2e89261af,IT,none,False,False,0
1c413a4eda,IT,lei_declared,True,False,1
a41694a237,IT,lei_declared,True,False,1
1544d26f5d,IT,none,False,False,0
d7f4614ac4,IT,register_qualified,True,False,1
7cc01c6af1,IT,lei_declared,True,False,1
35d5dc1cff,IT,lei_declared,True,False,1
8b4a7290ea,IT,none,False,False,0
5d345445f3,IT,none,False,False,0
dd05ada12f,IT,lei_declared,True,False,1
8d422c3e40,IT,register_qualified,True,False,1
9833579814,IT,register_qualified,True,False,1
e08efbcd1a,IT,lei_declared,True,False,1
607ed8a215,IT,lei_declared,True,False,1
5491426f95,IT,lei_declared,True,False,1
4ea0458997,IT,none,False,False,0
1fbf0dc5ab,IT,lei_declared,True,False,1
48fa5fba3a,IT,register_qualified,True,False,1
3e4288feb7,IT,none,False,False,0
f903f54929,IT,none,False,False,0
4fa4cc2edf,IT,none,False,False,0
e460b19e45,IT,none,False,False,0
a6da2941e3,IT,register_qualified,True,False,1
9076c42df9,IT,none,False,False,0
907c6f2af6,IT,lei_declared,True,False,1
323aa7b6b4,IT,lei_declared,True,False,1
c82fbe0cee,IT,lei_declared,True,False,1
3c873b18ba,IT,none,False,False,0
d518dfd257,IT,lei_declared,True,False,1
aa2b0a94ce,IT,none,False,False,0
a47f1c1010,IT,none,False,False,0
a2b890a4e6,IT,register_qualified,True,False,1
34aea388ed,IT,register_qualified,True,False,1
e420d6b9ab,IT,none,False,False,0
ecf1e0abd1,IT,none,False,False,0
4f331a4146,IT,lei_declared,True,False,1
873d7301e8,IT,lei_declared,True,False,1
a14d1b9b90,IT,lei_declared,True,False,1
8a3591963c,IT,none,False,False,0
7c619319d1,IT,none,False,False,0
a1059eb5f7,IT,lei_declared,True,False,1
60e6693ffb,IT,lei_declared,True,False,1
198afa8496,IT,none,False,False,0
e1448f4715,IT,lei_declared,True,False,1
ec307740ea,IT,none,False,False,0
f9fd1aadfc,IT,register_qualified,True,False,1
1de26b0cc3,IT,none,False,False,0
106f35b7c9,IT,none,False,False,0
b526969015,IT,lei_declared,True,False,1
3bbb48bf41,IT,none,False,False,0
06497dfa3d,IT,none,False,False,0
7b2c9a5950,IT,lei_declared,True,False,1
1dc0d46f93,IT,lei_declared,True,False,1
7f5cc90b36,IT,lei_declared,True,False,1
b2a2a76f91,IT,lei_declared,True,False,1
871e89af72,IT,none,False,False,0
dac721fe88,IT,lei_declared,True,False,1
7555027a72,IT,lei_declared,True,False,1
16ef34cf36,IT,none,False,False,0
f6fc15ae18,IT,none,False,False,0
da383a6a1a,IT,none,False,False,0
de4bf2fa7e,IT,lei_declared,True,False,1
a4da14f298,IT,lei_declared,True,False,1
e61f21e67a,IT,lei_declared,True,False,1
edcdd73df9,IT,lei_declared,True,False,1
61dd2a1087,IT,lei_declared,True,False,1
e6ee13e7f1,IT,lei_declared,True,False,1
578b19de66,IT,none,False,False,0
f26995f618,IT,none,False,False,0
16917ac1d3,IT,none,False,False,0
f691af4b40,IT,none,False,False,0
55e9d630da,IT,none,False,False,0
60405f574b,IT,lei_declared,True,False,1
867aeb8191,IT,none,False,False,0
f183e71e48,IT,lei_declared,True,False,1
d0e074f024,IT,lei_declared,True,False,1
d8d5367bf6,IT,none,False,False,0
736b307c3e,IT,none,False,False,0
1abca61ef7,IT,none,False,False,0
2b9235f875,IT,lei_declared,True,False,1
71da8bc442,IT,lei_declared,True,False,1
0c4222286c,IT,lei_declared,True,False,1
a82d77bef3,IT,lei_declared,True,False,1
7146af95b6,IT,none,False,False,0
ffe57df60c,IT,none,False,False,0
77e13cd51e,IT,none,False,False,0
d8402df697,IT,none,False,False,0
0820fd9d82,IT,lei_declared,True,False,1
73928f9dc4,IT,none,False,False,0
276002051e,IT,lei_declared,True,False,1
4145b83cb9,IT,lei_declared,True,False,1
3288c86b07,IT,none,False,False,0
4e54bef79f,IT,lei_declared,True,False,1
fe70aa58c9,IT,none,False,False,0
2fd6ede031,IT,lei_declared,True,False,1
1ca005f540,IT,lei_declared,True,False,1
e6b9b89eb4,IT,none,False,False,0
65a32312e1,IT,lei_declared,True,False,1
45bc716f42,IT,none,False,False,0
59b3963598,IT,none,False,False,0
7d1c095bef,IT,none,False,False,0
a91630754c,IT,none,False,False,0
afa9b28c2c,IT,none,False,False,0
d7510a487f,IT,lei_declared,True,False,1
03a74f1afb,IT,none,False,False,0
58d169b1f4,IT,none,False,False,0
c5e5a07623,IT,none,False,False,0
7596dd093a,IT,none,False,False,0
8608f3ee25,IT,none,False,False,0
7b83d4d001,IT,none,False,False,0
1199dca60a,IT,register_qualified,True,False,1
e0695e25a3,IT,none,False,False,0
9251787c66,IT,none,False,False,0
a58764e754,IT,none,False,False,0
3f49d20cee,IT,none,False,False,0
a603b223c7,IT,lei_declared,True,False,1
ce50fc9f15,IT,none,False,False,0
8ef26167d1,IT,none,False,False,0
17848485c4,IT,none,False,False,0
a47cddf094,IT,lei_declared,True,False,1
79e547a100,IT,none,False,False,0
f6faceba8a,IT,lei_declared,True,False,1
9b750b1965,IT,none,False,False,0
5019c65a23,IT,lei_declared,True,False,1
a198bb2edd,IT,none,False,False,0
82da5d6b98,IT,none,False,False,0
8f7e34b941,IT,lei_declared,True,False,1
ffedc4b1fa,IT,none,False,False,0
097cc0ec76,IT,lei_declared,True,False,1
93ce77cd31,IT,none,False,False,0
091710016b,IT,lei_declared,True,False,1
3febdcea32,IT,lei_declared,True,False,1
c07fc1d1ee,IT,none,False,False,0
f24ddcfcc2,IT,none,False,False,0
2af671878d,IT,register_qualified,True,False,1
b4680d40e3,IT,none,False,False,0
ed31e39bdf,IT,none,False,False,0
3a139d0375,IT,none,False,False,0
18565d3b1b,IT,none,False,False,0
9dc389521a,IT,none,False,False,0
1c18163e7b,IT,none,False,False,0
0ea7119871,IT,none,False,False,0
854a3070da,IT,none,False,False,0
15e37ab7bd,IT,none,False,False,0
a3d362f39c,IT,none,False,False,0
860c14dbb4,IT,none,False,False,0
9a49157e2e,IT,none,False,False,0
aea806209b,IT,none,False,False,0
24f0576602,IT,none,False,False,0
016aee7a44,IT,none,False,False,0
48d80a43d0,IT,lei_declared,True,False,1
13e3179028,IT,lei_declared,True,False,1
b1bc36522b,IT,none,False,False,0
4548a60a68,IT,none,False,False,0
857038e805,IT,none,False,False,0
4fac3af4e6,IT,lei_declared,True,False,1
578f28396f,IT,none,False,False,0
82325f3fed,IT,lei_declared,True,False,1
147a13f292,IT,register_qualified,True,False,1
87f1187961,IT,lei_declared,True,False,1
37ded3e769,IT,lei_declared,True,False,1
04b911c344,IT,none,False,False,0
8fdb262b47,IT,lei_declared,True,False,1
5246bd6f2c,IT,none,False,False,0
0dbaf86a8d,IT,lei_declared,True,False,1
3ffe8a5a56,IT,none,False,False,0
ca9fd3392c,IT,register_qualified,True,False,1
71b2674ab2,IT,none,False,False,0
32729aa040,IT,register_qualified,True,False,1
4b8512b494,IT,none,False,False,0
4244d4c85c,IT,lei_declared,True,False,1
424909789a,IT,lei_declared,True,False,1
cd645f8cdc,IT,lei_declared,True,False,1
edf5db0967,IT,register_qualified,True,False,1
2077138626,IT,register_qualified,True,False,1
107625affd,IT,lei_declared,True,False,1
106afae8e8,IT,lei_declared,True,False,1
06c540b398,IT,lei_declared,True,False,1
0e2c0845cd,IT,none,False,False,0
e0e564f2ef,IT,lei_declared,True,False,1
29ae338467,IT,lei_declared,True,False,1
ff3eeef452,IT,none,False,False,0
d08058345c,IT,none,False,False,0
a2b4264433,IT,none,False,False,0
502f9fd1f9,IT,none,False,False,0
92cc10060c,IT,lei_declared,True,False,1
cc8c57cfd8,IT,lei_declared,True,False,1
abbb1ea3fe,IT,none,False,False,0
83048f28ae,IT,none,False,False,0
c22ea620fc,IT,none,False,False,0
0a3e1e80a2,IT,none,False,False,0
fa5d2d8497,IT,none,False,False,0
ca87d7c2ff,IT,lei_declared,True,False,1
03a8a56205,IT,none,False,False,0
8b26b5f4b1,IT,lei_declared,True,False,1
bd145f3e30,IT,none,False,False,0
0df71d8e73,IT,register_qualified,True,False,1
83394316c5,IT,none,False,False,0
0314fcc1ef,IT,register_qualified,True,False,1
26453ffdab,IT,none,False,False,0
2d57db1089,IT,register_qualified,True,False,1
5bc514d093,IT,register_qualified,True,False,1
df76307334,IT,lei_declared,True,False,1
e93080fc31,IT,register_qualified,True,False,1
8b3ba3d772,IT,none,False,False,0
f0db75c927,IT,none,False,False,0
3d0782bfba,IT,lei_declared,True,False,1
082a0cff57,IT,none,False,False,0
4c1143ae01,IT,none,False,False,0
8067739142,IT,none,False,False,0
7032feac0f,IT,register_qualified,True,False,1
bc638c70e9,IT,none,False,False,0
dee83db7f2,IT,none,False,False,0
e8a1df41f1,IT,lei_declared,True,False,1
d804c964c4,IT,none,False,False,0
048c9ff6ec,IT,none,False,False,0
bb9dc29bfc,IT,none,False,False,0
f41658f637,IT,none,False,False,0
10920eaf60,IT,none,False,False,0
b48857330d,IT,none,False,False,0
9524a8a0ae,IT,lei_declared,True,False,1
26fb87c324,IT,register_qualified,True,False,1
0c6a1343d0,IT,register_qualified,True,False,1
294c887f97,IT,register_qualified,True,False,1
f6585a2872,IT,register_qualified,True,False,1
ecb33f78e1,IT,lei_declared,True,False,1
519bcaba83,IT,lei_declared,True,False,1
90282a20ea,IT,lei_declared,True,False,1
d3f36a85cf,IT,none,False,False,0
6090d63534,IT,register_qualified,True,False,1
79509d2c1b,IT,none,False,False,0
26899ed93c,IT,lei_declared,True,False,1
673e3a99d0,IT,none,False,False,0
5891d0bc71,IT,lei_declared,True,False,1
c655c9e636,IT,lei_declared,True,False,1
67c4b0416f,IT,none,False,False,0
f51b793785,IT,none,False,False,0
18d627d9a3,IT,lei_declared,True,False,1
07640cd434,IT,lei_declared,True,False,1
3599ef3477,IT,register_qualified,True,False,1
c86c4d9aa7,IT,lei_declared,True,False,1
623503e249,IT,lei_declared,True,False,1
ad1c5f84a4,IT,lei_declared,True,False,1
b0535a97d5,IT,none,False,False,0
895b6ab6a0,IT,lei_declared,True,False,1
8fad480e68,IT,lei_declared,True,False,1
9d0dd4fcb6,IT,lei_declared,True,False,1
2c6cec70b1,IT,none,False,False,0
0be3611ee9,IT,none,False,False,0
9de864e1ff,IT,register_qualified,True,False,1
53f2ebe562,IT,lei_declared,True,False,1
f20ba52182,IT,lei_declared,True,False,1
350634ffa0,IT,lei_declared,True,False,1
42b31b5d75,IT,lei_declared,True,False,1
73cc389889,IT,lei_declared,True,False,1
fab57e6221,IT,none,False,False,0
60aa44dc60,IT,lei_declared,True,False,1
821277a285,IT,none,False,False,0
bf18350721,IT,none,False,False,0
226dd4d222,IT,none,False,False,0
87054f19bd,IT,none,False,False,0
5053f1d40e,IT,none,False,False,0
50c9e3e066,IT,none,False,False,0
f1e71be3fb,IT,lei_declared,True,False,1
70ee200b46,IT,none,False,False,0
a39b1d7e79,IT,none,False,False,0
3d171a6f93,IT,none,False,False,0
adac5f757e,IT,lei_declared,True,False,1
a32ca8d4b1,IT,lei_declared,True,False,1
76171378ed,IT,none,False,False,0
65df2f9555,IT,lei_declared,True,False,1
ee81e91686,IT,none,False,False,0
af368b4683,IT,none,False,False,0
a144495be9,IT,none,False,False,0
476ca31a29,IT,register_qualified,True,False,1
ede26a5f7a,IT,lei_declared,True,False,1
437daa4223,IT,none,False,False,0
0b09c6e509,IT,none,False,False,0
0802668299,IT,register_qualified,True,False,1
ed792966a7,IT,none,False,False,0
02d969324e,IT,none,False,False,0
ad694bd15b,IT,lei_declared,True,False,1
88d109d5fd,IT,lei_declared,True,False,1
fa242d9b47,IT,lei_declared,True,False,1
1800363759,IT,none,False,False,0
838a18a621,IT,lei_declared,True,False,1
ab08d6ea43,IT,lei_declared,True,False,1
c915e97f9e,IT,none,False,False,0
1cf7a0815c,IT,none,False,False,0
11403b7b3d,IT,lei_declared,True,False,1
4ae3d4f32e,IT,lei_declared,True,False,1
5de1a45e29,IT,lei_declared,True,False,1
118c641272,IT,none,False,False,0
fc24912fde,IT,lei_declared,True,False,1
3729b11b2a,IT,lei_declared,True,False,1
fe0a7e3e0f,IT,none,False,False,0
275551343d,IT,none,False,False,0
92e9d7fea1,IT,lei_declared,True,False,1
43c0aea6dd,IT,lei_declared,True,False,1
a1bc7ffeae,IT,lei_declared,True,False,1
9c1bb2dc12,IT,none,False,False,0
544b2e78d5,IT,none,False,False,0
5890c452bf,IT,none,False,False,0
dc5e65eed9,IT,none,False,False,0
38a1468ecf,IT,lei_declared,True,False,1
adaea83ab9,IT,none,False,False,0
fba5536eb3,IT,none,False,False,0
28ae35e370,IT,none,False,False,0
fbdebf8dc9,IT,none,False,False,0
2493536456,IT,none,False,False,0
3900ff1023,IT,none,False,False,0
44b67b523b,IT,lei_declared,True,False,1
ee14c7bdd0,IT,register_qualified,True,False,1
5dba4a9cfb,IT,lei_declared,True,False,1
c44a9b8d2a,IT,none,False,False,0
471c4ba26c,IT,lei_declared,True,False,1
b9f8f38b81,IT,register_qualified,True,False,1
a0efe5d59b,IT,register_qualified,True,False,1
2be49f25e3,IT,none,False,False,0
d2ad26bd98,IT,lei_declared,True,False,1
02bdf88387,IT,none,False,False,0
b1ffd37021,IT,none,False,False,0
341885004e,IT,none,False,False,0
295741c510,IT,none,False,False,0
c708a7bd19,IT,none,False,False,0
6c0ee9029d,IT,none,False,False,0
4fa5b97b98,IT,register_qualified,True,False,1
494f5abdd6,IT,lei_declared,True,False,1
1de1f3c8f1,IT,none,False,False,0
f7d882b7c4,IT,lei_declared,True,False,1
b18282a7ef,IT,lei_declared,True,False,1
35c83b9b93,IT,none,False,False,0
0b791da691,IT,lei_declared,True,False,1
64f145653d,IT,none,False,False,0
4550d87ec8,IT,lei_declared,True,False,1
dc3c712254,IT,none,False,False,0
b47033aa9d,IT,none,False,False,0
c7f2974f8c,IT,none,False,False,0
8f30a7bbaf,IT,lei_declared,True,False,1
10cc242c0c,IT,lei_declared,True,False,1
404e098f64,IT,none,False,False,0
3f5fd3f49e,IT,lei_declared,True,False,1
eee8cb3cc7,IT,none,False,False,0
318f13226c,IT,none,False,False,0
337b24ac82,IT,none,False,False,0
b3274847d6,IT,lei_declared,True,False,1
31e6a7a741,IT,register_qualified,True,False,1
105a404646,IT,none,False,False,0
ef9eb8ca61,IT,none,False,False,0
24c2e3a600,IT,register_qualified,True,False,1
208c8d3665,IT,none,False,False,0
684c5a1778,IT,none,False,False,0
85b2ebdf16,IT,lei_declared,True,False,1
152e189a52,IT,register_qualified,True,False,1
55852dca7a,IT,lei_declared,True,False,1
0ead5d0532,IT,none,False,False,0
48cae087c7,IT,none,False,False,0
63f558dfed,IT,lei_declared,True,False,1
9a65892347,IT,none,False,False,0
f698f1843d,IT,none,False,False,0
b323c8f551,IT,none,False,False,0
4b5bbef9f3,IT,lei_declared,True,False,1
0dfe7a3bfa,IT,lei_declared,True,False,1
8015a219f0,IT,lei_declared,True,False,1
990631dff0,IT,none,False,False,0
b0bff7c194,IT,none,False,False,0
a66206f4dd,IT,lei_declared,True,False,1
547c5092b1,IT,none,False,False,0
c61df08a45,IT,none,False,False,0
2456053548,IT,none,False,False,0
5fe7e489d9,IT,none,False,False,0
ce99526ab7,IT,none,False,False,0
5cbb3de3aa,IT,register_qualified,True,False,1
eecfad1c95,IT,none,False,False,0
212bbae634,IT,none,False,False,0
a030cbbdd1,IT,register_qualified,True,False,1
2a03391edb,IT,lei_declared,True,False,1
e6aeaebf06,IT,none,False,False,0
55ebb2523d,IT,lei_declared,True,False,1
4ccd3b5a36,IT,none,False,False,0
7dcecff3a3,IT,lei_declared,True,False,1
35893f772e,IT,lei_declared,True,False,1
0f9e6873b1,IT,lei_declared,True,False,1
e9b2b08a21,IT,none,False,False,0
ee97cee368,IT,none,False,False,0
311eac4272,IT,lei_declared,True,False,1
621e8dcffd,IT,none,False,False,0
df9e3e5d2c,IT,register_qualified,True,False,1
cb43f0ebc4,IT,lei_declared,True,False,1
c7b44d3c03,IT,none,False,False,0
c44041f583,IT,none,False,False,0
30d3c9f708,IT,none,False,False,0
c9320c08ef,IT,lei_declared,True,False,1
239f118359,IT,register_qualified,True,False,1
d541578cd8,IT,none,False,False,0
d1b6d53677,IT,none,False,False,0
29ca2bda23,IT,none,False,False,0
5e145f3c87,IT,none,False,False,0
7ca0188cef,IT,lei_declared,True,False,1
813535b8d9,IT,lei_declared,True,False,1
0c9c9804df,IT,none,False,False,0
ebf40bfd5b,IT,none,False,False,0
8847259f34,IT,none,False,False,0
afa743014d,IT,lei_declared,True,False,1
28647debc2,IT,none,False,False,0
68cc944f5d,IT,none,False,False,0
1e0cabc3bc,IT,lei_declared,True,False,1
e47fa354cb,IT,none,False,False,0
297cbf742a,IT,lei_declared,True,False,1
8fb825b1b3,IT,lei_declared,True,False,1
1f7dfcb84d,IT,lei_declared,True,False,1
21e1ccf0a7,IT,lei_declared,True,False,1
8e29e2498c,IT,lei_declared,True,False,1
b1f5043be5,IT,register_qualified,True,False,1
801f5f3fa6,IT,none,False,False,0
06e03ec4dc,IT,none,False,False,0
f854643707,IT,lei_declared,True,False,1
79bc0576b8,IT,lei_declared,True,False,1
3a9cd00c72,IT,none,False,False,0
1fa471baf2,IT,lei_declared,True,False,1
3cd15eb1af,IT,register_qualified,True,False,1
ea0cbc5e4d,IT,lei_declared,True,False,1
fe0a518197,IT,lei_declared,True,False,1
422f38f131,IT,none,False,False,0
40573dc252,IT,register_qualified,True,False,1
ae3835ebeb,IT,none,False,False,0
9fa66914cc,IT,lei_declared,True,False,1
4a00fb813c,IT,none,False,False,0
cb17e6e946,IT,lei_declared,True,False,1
3c117f8357,IT,register_qualified,True,False,1
7d1c7a69e4,IT,lei_declared,True,False,1
c41e160557,IT,none,False,False,0
0ad7abc430,IT,none,False,False,0
6d2f2374bb,IT,none,False,False,0
8287792cbe,IT,none,False,False,0
cee259f739,IT,none,False,False,0
d8f8075544,IT,none,False,False,0
296f83a0db,IT,none,False,False,0
9b97df6b74,IT,register_qualified,True,False,1
973cb6dfc7,IT,lei_declared,True,False,1
0090bb658f,IT,lei_declared,True,False,1
95bc16d0e9,IT,none,False,False,0
9d28a771d6,IT,lei_declared,True,False,1
f24c0177a5,IT,lei_declared,True,False,1
70da4357c2,IT,lei_declared,True,False,1
af0a7ee737,IT,lei_declared,True,False,1
11abfd1216,IT,register_qualified,True,False,1
27539226a1,IT,none,False,False,0
03189ef378,IT,none,False,False,0
90745ce7f5,IT,lei_declared,True,False,1
c9c2287732,IT,none,False,False,0
7d467ed9e2,IT,none,False,False,0
b6eff41d1b,IT,register_qualified,True,False,1
06b82c6b7b,IT,none,False,False,0
89b97690a4,IT,none,False,False,0
cbb82c6154,IT,none,False,False,0
58679a8674,IT,lei_declared,True,False,1
48da30b92b,IT,none,False,False,0
537d380dda,IT,lei_declared,True,False,1
4c9d1fd936,IT,none,False,False,0
1006ea521f,IT,none,False,False,0
20cdeb6453,IT,none,False,False,0
d686a8a912,IT,none,False,False,0
04d1d4d7d0,IT,none,False,False,0
e8ba18e696,IT,lei_declared,True,False,1
4944091fe6,IT,register_qualified,True,False,1
2514967882,IT,lei_declared,True,False,1
ff02211090,IT,none,False,False,0
2f8d845dd1,IT,none,False,False,0
334a2bacb0,IT,none,False,False,0
06429b9a6d,IT,lei_declared,True,False,1
859d5d586b,IT,none,False,False,0
3a8c566285,IT,none,False,False,0
f6aed700d4,IT,none,False,False,0
aef8763f6f,IT,none,False,False,0
817bccfc8c,IT,none,False,False,0
9a4ae68ed2,IT,none,False,False,0
ebf25ff00a,IT,lei_declared,True,False,1
44f6283f36,IT,none,False,False,0
bf23bba002,IT,none,False,False,0
62570002dd,IT,none,False,False,0
ad4a6a9ad5,IT,none,False,False,0
37aaca8aba,IT,none,False,False,0
53f5976036,IT,none,False,False,0
0b09b6f828,IT,lei_declared,True,False,1
5f342e7d58,IT,lei_declared,True,False,1
7b5f1c4018,IT,none,False,False,0
2ceb95c653,IT,none,False,False,0
df6d81552a,IT,none,False,False,0
0c861ba099,IT,lei_declared,True,False,1
b875fe9e0b,IT,none,False,False,0
650494181b,IT,none,False,False,0
b6ea8f41b9,IT,none,False,False,0
87aaa2d931,IT,none,False,False,0
028be79716,IT,none,False,False,0
7ca555aa7e,IT,none,False,False,0
944c3a99a4,IT,none,False,False,0
206c8a7d75,IT,none,False,False,0
d722562dd0,IT,none,False,False,0
127ea133f7,IT,register_qualified,True,False,1
f0058fe230,IT,register_qualified,True,False,1
e7cdd84ded,IT,register_qualified,True,False,1
19f5b0902b,IT,none,False,False,0
97df3e075d,IT,lei_declared,True,False,1
ecd7310806,IT,none,False,False,0
6517d30906,IT,none,False,False,0
11cb782ea2,IT,none,False,False,0
e8d0e3853c,IT,lei_declared,True,False,1
9ca2c0bfa7,IT,none,False,False,0
423ff56c92,IT,none,False,False,0
b4abfb52ce,IT,register_qualified,True,False,1
517ea1f1cd,IT,register_qualified,True,False,1
0f392ba3ae,IT,none,False,False,0
1cb6d58731,IT,lei_declared,True,False,1
86aafd312d,IT,lei_declared,True,False,1
e4640269b7,IT,lei_declared,True,False,1
cb96e40f9b,IT,lei_declared,True,False,1
15250725c2,IT,none,False,False,0
9e50598ac2,IT,register_qualified,True,False,1
c6735bef55,IT,none,False,False,0
d9ed7f750c,IT,lei_declared,True,False,1
4a607642e0,IT,lei_declared,True,False,1
59b1a0afaf,IT,none,False,False,0
28b73496ac,IT,lei_declared,True,False,1
6d738e0267,IT,none,False,False,0
c6cf8ed345,IT,none,False,False,0
10441d7ce9,IT,lei_declared,True,False,1
ab18e86134,IT,register_qualified,True,False,1
f67006a5a0,IT,lei_declared,True,False,1
699942a0e3,IT,lei_declared,True,False,1
963be3a099,IT,lei_declared,True,False,1
7dfa5c36a5,IT,none,False,False,0
9bcb421f61,IT,none,False,False,0
d8cfbdfaaf,IT,none,False,False,0
7eb8dddf69,IT,lei_declared,True,False,1
6464a57c43,IT,register_qualified,True,False,1
9210b5192d,IT,lei_declared,True,False,1
a64bdb7091,IT,none,False,False,0
8ac9c14fb4,IT,none,False,False,0
ac957b55f0,IT,none,False,False,0
9fbefc95d4,IT,none,False,False,0
502c42438e,IT,lei_declared,True,False,1
c0a8ba8cc3,IT,none,False,False,0
d4fcf3ee4a,IT,none,False,False,0
1a8ff53465,IT,none,False,False,0
42577f0a4b,IT,none,False,False,0
2729281008,IT,none,False,False,0
ff5c27149e,IT,lei_declared,True,False,1
9e47f9eaf0,IT,lei_declared,True,False,1
3f13c77d8a,IT,none,False,False,0
5bb1ad23b3,IT,lei_declared,True,False,1
614f78c25a,IT,none,False,False,0
83d1ed7b0a,IT,none,False,False,0
589b5a1ecc,IT,none,False,False,0
10a2ebc9dd,IT,none,False,False,0
5918275515,IT,none,False,False,0
51e8d7be5d,IT,none,False,False,0
06e2af57ab,IT,lei_declared,True,False,1
59abf09fbf,IT,none,False,False,0
690d29bc55,IT,none,False,False,0
f505b6a7e0,IT,lei_declared,True,False,1
90ca768214,IT,none,False,False,0
12744ad4a8,IT,lei_declared,True,False,1
b82379d453,IT,none,False,False,0
a190490015,IT,none,False,False,0
d42647ba55,IT,lei_declared,True,False,1
ea229934c7,IT,none,False,False,0
b8b3c7eb68,IT,register_qualified,True,False,1
b615f760a0,IT,none,False,False,0
20514fa6b6,IT,lei_declared,True,False,1
16901ee4f2,IT,none,False,False,0
93dc3159e0,IT,none,False,False,0
94dfd6aa95,IT,none,False,False,0
4069fa1bdb,IT,none,False,False,0
7450895c29,IT,none,False,False,0
0b567f83db,IT,register_qualified,True,False,1
7dd0c14312,IT,none,False,False,0
b3f64d283e,IT,lei_declared,True,False,1
26e75ceda2,IT,none,False,False,0
f0c3b570de,IT,none,False,False,0
f93e888ca1,IT,lei_declared,True,False,1
b32ab6ecc5,IT,none,False,False,0
f306faac0e,IT,lei_declared,True,False,1
ebaa56d781,IT,lei_declared,True,False,1
13b7b943c7,IT,none,False,False,0
7fe15ddce2,IT,none,False,False,0
1319ae8f62,IT,none,False,False,0
04eaffb83d,IT,none,False,False,0
f3171c0b5c,IT,lei_declared,True,False,1
7bf1075cfc,IT,none,False,False,0
2dd8333cf4,IT,none,False,False,0
d7f78de04e,IT,none,False,False,0
094e5134ea,IT,none,False,False,0
44bb1fd5e5,IT,lei_declared,True,False,1
5e2004b3ce,IT,lei_declared,True,False,1
7b30c37de9,IT,lei_declared,True,False,1
459e149395,IT,none,False,False,0
f7b20c5e7f,IT,lei_declared,True,False,1
938e403542,IT,register_qualified,True,False,1
e03cd2cc71,IT,none,False,False,0
97a902de54,IT,none,False,False,0
c8c9de8165,IT,none,False,False,0
73638c73bb,IT,none,False,False,0
a0d7121694,IT,lei_declared,True,False,1
e409305078,IT,lei_declared,True,False,1
9627129576,IT,register_qualified,True,False,1
8087d64941,IT,lei_declared,True,False,1
bc945049bb,IT,register_qualified,True,False,1
a64197b623,IT,lei_declared,True,False,1
27324f5b63,IT,none,False,False,0
b9312a4065,IT,register_qualified,True,False,1
d1391ef31f,IT,none,False,False,0
34a2e400f0,IT,lei_declared,True,False,1
4a76f2ec3f,IT,register_qualified,True,False,1
7b42806ed8,IT,lei_declared,True,False,1
ac6c1ef4b4,IT,none,False,False,0
a5209cde3c,IT,lei_declared,True,False,1
ad31dee74f,IT,none,False,False,0
3ab13a8d0a,IT,lei_declared,True,False,1
3ef0bd798e,IT,none,False,False,0
c7c23dd6c7,IT,register_qualified,True,False,1
08fc34f3f7,IT,none,False,False,0
95c9db1d1a,IT,register_qualified,True,False,1
c45ea4c42c,IT,lei_declared,True,False,1
9bb2ee3f1d,IT,none,False,False,0
25c37b6d95,IT,lei_declared,True,False,1
b112399eed,IT,none,False,False,0
93f2a13c0e,IT,lei_declared,True,False,1
5079ce4c17,IT,none,False,False,0
54ea554d72,IT,none,False,False,0
f2d38c6be1,IT,lei_declared,True,False,1
02b7829c72,IT,lei_declared,True,False,1
6ec4dacde6,IT,lei_declared,True,False,1
2f3a185380,IT,none,False,False,0
a549d89744,IT,none,False,False,0
0708fbb29b,IT,lei_declared,True,False,1
6574ea80af,IT,lei_declared,True,False,1
89bc2179c2,IT,none,False,False,0
c6be13ae4c,IT,none,False,False,0
59f783b763,IT,none,False,False,0
1e5fe47772,IT,lei_declared,True,False,1
c9b011bd06,IT,none,False,False,0
2fd94d0ce6,IT,register_qualified,True,False,1
e0d8e25563,IT,lei_declared,True,False,1
0542fe4fd7,IT,lei_declared,True,False,1
1efeb5ec5e,IT,none,False,False,0
8a67e789eb,IT,none,False,False,0
8c4b6d43c9,IT,lei_declared,True,False,1
b2cfa73769,IT,lei_declared,True,False,1
92cb7d3f4a,IT,none,False,False,0
5017ea13ba,IT,lei_declared,True,False,1
967c22136c,IT,lei_declared,True,False,1
fff1b711f6,IT,none,False,False,0
89102242c2,IT,register_qualified,True,False,1
7bf7968433,IT,register_qualified,True,False,1
a4b50bb8d0,IT,none,False,False,0
29e6b7d801,IT,none,False,False,0
19eb7e7d20,IT,none,False,False,0
cbc1058360,IT,none,False,False,0
bbe5166e0d,IT,lei_declared,True,False,1
715cebed36,IT,none,False,False,0
fe2f160812,IT,none,False,False,0
652bf2d4af,IT,lei_declared,True,False,1
a157d0778f,IT,none,False,False,0
946ddf36cd,IT,lei_declared,True,False,1
a2ac324444,IT,none,False,False,0
2b6122cf0e,IT,none,False,False,0
1fc4432723,IT,none,False,False,0
699ca786bd,IT,lei_declared,True,False,1
acf32f793e,IT,none,False,False,0
acb4ab9cea,IT,lei_declared,True,False,1
13a7b5e3ce,IT,none,False,False,0
d018fb7fa4,IT,none,False,False,0
46821c6986,IT,lei_declared,True,False,1
bbbc569cda,IT,none,False,False,0
d02f647f08,IT,lei_declared,True,False,1
be28e68a65,IT,none,False,False,0
3e01f0d437,IT,lei_declared,True,False,1
590e4c3007,IT,none,False,False,0
d8b04eb13a,IT,lei_declared,True,False,1
aedb8dfc45,IT,none,False,False,0
2dc2b0e3a4,IT,none,False,False,0
0ee3f50cae,IT,lei_declared,True,False,1
7f155e8a01,IT,none,False,False,0
4db9e4bdbb,IT,none,False,False,0
c01d68ca9e,IT,none,False,False,0
196b77ad86,IT,none,False,False,0
b190e3f86b,IT,lei_declared,True,False,1
6c1adfdae3,IT,lei_declared,True,False,1
c0c34233f6,IT,none,False,False,0
c666bf39d1,IT,none,False,False,0
f712a145d2,IT,none,False,False,0
29fb4905eb,IT,none,False,False,0
fc96c8f36e,IT,none,False,False,0
8d4ca44f71,IT,lei_declared,True,False,1
cfd1655b44,IT,lei_declared,True,False,1
1d5df9a035,IT,register_qualified,True,False,1
fae5c9865f,IT,none,False,False,0
7d15ee7f0b,IT,lei_declared,True,False,1
f13810ae6b,IT,none,False,False,0
95efc42854,IT,none,False,False,0
c66c3768aa,IT,none,False,False,0
986dc05021,IT,lei_declared,True,False,1
7d9ff31131,IT,register_qualified,True,False,1
9fceb7392c,IT,lei_declared,True,False,1
74abb847c8,IT,lei_declared,True,False,1
f922b173d3,IT,lei_declared,True,False,1
1436d53a52,IT,none,False,False,0
27b3f024ba,IT,none,False,False,0
e5d8c44120,IT,none,False,False,0
450182daf6,IT,none,False,False,0
0b609aa16b,IT,none,False,False,0
a93d7cf83f,IT,none,False,False,0
110364977f,IT,none,False,False,0
de503eed1e,IT,none,False,False,0
5e3e9e93fb,IT,lei_declared,True,False,1
9573e10128,IT,lei_declared,True,False,1
6558f824b6,IT,none,False,False,0
8e4f1bbdd1,IT,none,False,False,0
b2d0fc9ac8,IT,register_qualified,True,False,1
61a0059ed6,IT,register_qualified,True,False,1
3b6400d490,IT,none,False,False,0
2702e9a2f3,IT,none,False,False,0
8122f63c02,IT,lei_declared,True,False,1
375fd6de6b,IT,lei_declared,True,False,1
f811cc0aa7,IT,none,False,False,0
ac0ad5e38f,IT,lei_declared,True,False,1
844bdc2027,IT,none,False,False,0
6c9fb8c174,IT,lei_declared,True,False,1
dc07af2f60,IT,none,False,False,0
421a91b8dd,IT,register_qualified,True,False,1
a048397b7e,IT,none,False,False,0
f4c6d12706,IT,none,False,False,0
866e62523d,IT,lei_declared,True,False,1
e495d0b00d,IT,lei_declared,True,False,1
db8be79d3c,IT,none,False,False,0
20b2b0507f,IT,lei_declared,True,False,1
d4e4ece9dd,IT,register_qualified,True,False,1
f93d8c04f9,IT,none,False,False,0
7f7e38388d,IT,lei_declared,True,False,1
1539799c90,IT,none,False,False,0
fb5148dbb3,IT,none,False,False,0
e7cbe021a8,IT,lei_declared,True,False,1
07a1ce75bd,IT,lei_declared,True,False,1
e6c1c279c0,IT,none,False,False,0
411e83978d,IT,none,False,False,0
d0191cd584,IT,none,False,False,0
97d4266dc8,IT,none,False,False,0
f446fae6b8,IT,lei_declared,True,False,1
641711909e,IT,none,False,False,0
0a45f2bc96,IT,none,False,False,0
b8a04fe7d2,IT,lei_declared,True,False,1
f717fe88d3,IT,none,False,False,0
82b999ce1d,IT,lei_declared,True,False,1
5e29f3fc28,IT,none,False,False,0
4ca86862e1,IT,none,False,False,0
97067e529d,IT,none,False,False,0
f6014052dd,IT,lei_declared,True,False,1
4a874a7071,IT,lei_declared,True,False,1
6891b44fe4,IT,lei_declared,True,False,1
af18436126,IT,none,False,False,0
a65a179231,IT,none,False,False,0
0b792affe6,IT,none,False,False,0
b024f8ca85,IT,lei_declared,True,False,1
7f146f7ae9,IT,none,False,False,0
f9de35057b,IT,none,False,False,0
5b77cd46cf,IT,none,False,False,0
5fe17b6f1d,IT,none,False,False,0
a0e620eadf,IT,lei_declared,True,False,1
ecb6d70b31,IT,none,False,False,0
55eacc7af7,IT,lei_declared,True,False,1
6488d596cd,IT,none,False,False,0
6424905396,IT,none,False,False,0
3fe86d97b1,IT,none,False,False,0
f6230daaba,IT,none,False,False,0
2b1347744d,IT,none,False,False,0
01132cf450,IT,none,False,False,0
ba091ba3f6,IT,lei_declared,True,False,1
1d7fb461e7,IT,lei_declared,True,False,1
9dfebb0ebb,IT,register_qualified,True,False,1
38cae4ab15,IT,lei_declared,True,False,1
79ad6bd4d9,IT,lei_declared,True,False,1
8249dc3632,IT,lei_declared,True,False,1
e80480ea6d,IT,lei_declared,True,False,1
707dfe6e9e,IT,register_qualified,True,False,1
4e8dca65db,IT,none,False,False,0
f9a057ca07,IT,none,False,False,0
7cc851b3be,IT,none,False,False,0
7051db380f,IT,none,False,False,0
b807847808,IT,lei_declared,True,False,1
319d4ff93a,IT,lei_declared,True,False,1
718dda6023,IT,lei_declared,True,False,1
b49b8fc9b0,IT,lei_declared,True,False,1
56570b1fee,IT,lei_declared,True,False,1
7cf4863e5d,IT,lei_declared,True,False,1
bce4e3c643,IT,none,False,False,0
c4bb32d075,IT,register_qualified,True,False,1
64edb72d8b,IT,lei_declared,True,False,1
c5232b3891,IT,none,False,False,0
f46b7de9d0,IT,none,False,False,0
d4a3cc5f1e,IT,none,False,False,0
bafe3bbbec,IT,register_qualified,True,False,1
ea3beeea0d,IT,register_qualified,True,False,1
9456a4c15c,IT,lei_declared,True,False,1
80da5ac647,IT,none,False,False,0
7e803c25d3,IT,none,False,False,0
8d0481b645,IT,none,False,False,0
e44cf5c581,IT,none,False,False,0
f9ad5cee3c,IT,none,False,False,0
3bdc32aa60,IT,register_qualified,True,False,1
0d00b9a60d,IT,lei_declared,True,False,1
620858ebea,IT,register_qualified,True,False,1
773e11ad7b,IT,lei_declared,True,False,1
76d5808b6c,IT,lei_declared,True,False,1
3190b76311,IT,lei_declared,True,False,1
5018f58bad,IT,register_qualified,True,False,1
f2868dbf14,IT,none,False,False,0
51acc5f481,IT,none,False,False,0
fc6e5ae8d5,IT,lei_declared,True,False,1
a291fe2c31,IT,none,False,False,0
4dca532b10,IT,lei_declared,True,False,1
8312f1f238,IT,lei_declared,True,False,1
cccdbfe942,IT,lei_declared,True,False,1
c21fc28658,IT,none,False,False,0
ffdcf95dd5,IT,none,False,False,0
d1edf8027c,IT,none,False,False,0
b995f9bbd1,IT,none,False,False,0
23ba253905,IT,lei_declared,True,False,1
529c3d6d8d,IT,lei_declared,True,False,1
7cd3b93e0a,IT,lei_declared,True,False,1
06baed1b71,IT,none,False,False,0
30ce089abb,IT,none,False,False,0
e28ab658fa,IT,register_qualified,True,False,1
01b8f3c094,IT,register_qualified,True,False,1
4c071a5d69,IT,lei_declared,True,False,1
e0b6afea35,IT,lei_declared,True,False,1
14736db1fb,IT,lei_declared,True,False,1
766e62fb04,IT,none,False,False,0
a76df23dc6,IT,none,False,False,0
4187b7dac3,IT,none,False,False,0
e4afd1a769,IT,register_qualified,True,False,1
fb056e53cd,IT,none,False,False,0
9e43e72127,IT,none,False,False,0
6992ba1d09,IT,lei_declared,True,False,1
60a0558542,IT,none,False,False,0
9a790e2944,IT,lei_declared,True,False,1
8ff37b364e,IT,none,False,False,0
c0364cce12,IT,none,False,False,0
f53762a4f6,IT,none,False,False,0
fdbb74df82,IT,none,False,False,0
29cddc2f0c,IT,none,False,False,0
1ac5d93602,IT,none,False,False,0
42a08e0a13,IT,none,False,False,0
2eb87215cd,IT,none,False,False,0
0c5a30bd95,IT,none,False,False,0
88bbd23fe8,IT,register_qualified,True,False,1
bb64efbbe7,IT,lei_declared,True,False,1
ce89071eb5,IT,none,False,False,0
1437a42d97,IT,none,False,False,0
9a277d76a9,IT,none,False,False,0
89503d2d13,IT,none,False,False,0
bc6fc1990e,IT,none,False,False,0
a0404fb5f2,IT,none,False,False,0
621ad155e5,IT,none,False,False,0
c5137c421d,IT,none,False,False,0
70fae8f665,IT,register_qualified,True,False,1
87b515bc31,IT,none,False,False,0
038c9d9c5c,IT,none,False,False,0
f8967634c8,IT,none,False,False,0
cb0c2af0a1,IT,lei_declared,True,False,1
84880614ec,IT,none,False,False,0
62b090d119,IT,none,False,False,0
f0bc850f68,IT,none,False,False,0
6a1d4e154a,IT,none,False,False,0
a064d05b07,IT,lei_declared,True,False,1
e6b4927757,IT,none,False,False,0
678ec10c77,IT,none,False,False,0
7a229e4f83,IT,register_qualified,True,False,1
56be535f6a,IT,none,False,False,0
80e97be115,IT,none,False,False,0
0f3655d106,IT,none,False,False,0
52587ff5a7,IT,none,False,False,0
fdeb1847e7,IT,none,False,False,0
a6e260f250,IT,lei_declared,True,False,1
7e55f035c6,IT,none,False,False,0
9bf26b9b20,IT,lei_declared,True,False,1
857293ec73,IT,none,False,False,0
13f19aeca6,IT,none,False,False,0
28230a3b6d,IT,none,False,False,0
f8d8a5f2be,IT,none,False,False,0
8065103628,IT,none,False,False,0
3dde0a5be0,IT,none,False,False,0
51a538654c,IT,none,False,False,0
e7db9994c2,IT,none,False,False,0
9983c4b4db,IT,none,False,False,0
feb62aa686,IT,lei_declared,True,False,1
7d4ae040c8,IT,none,False,False,0
11222418c1,IT,lei_declared,True,False,1
58fcf1479f,IT,none,False,False,0
ed68b50fbd,IT,lei_declared,True,False,1
4ca8e51c06,IT,none,False,False,0
2462f58518,IT,register_qualified,True,False,1
a72ab61425,IT,register_qualified,True,False,1
0ba94e7fa2,IT,lei_declared,True,False,1
aa3d89471a,IT,none,False,False,0
017780e2f6,IT,lei_declared,True,False,1
952c71f960,IT,lei_declared,True,False,1
850246adac,IT,none,False,False,0
5896bbed2c,IT,none,False,False,0
2e83859027,IT,lei_declared,True,False,1
8293bdb30e,IT,none,False,False,0
93896108de,IT,none,False,False,0
8893ce31e7,IT,lei_declared,True,False,1
47c48038f1,IT,none,False,False,0
bb94a337d4,IT,none,False,False,0
1b922b6da9,IT,register_qualified,True,False,1
ac1576ae95,IT,none,False,False,0
a4fe9ba73a,IT,none,False,False,0
4b57fc9e5b,IT,none,False,False,0
f1ce53eebc,IT,none,False,False,0
f76266a506,IT,none,False,False,0
14f6083f65,IT,none,False,False,0
9bb3e138fc,IT,none,False,False,0
ae46667779,IT,none,False,False,0
704c555f07,IT,none,False,False,0
007bfea6c2,IT,none,False,False,0
3cc555292f,IT,lei_declared,True,False,1
d2bdc38c6e,IT,none,False,False,0
e34d57e28a,IT,none,False,False,0
76ca755d20,IT,lei_declared,True,False,1
c0bafa7795,IT,none,False,False,0
14b9901892,IT,none,False,False,0
1ba283fe57,IT,none,False,False,0
972e0cb3c0,IT,lei_declared,True,False,1
7cad14c8e4,IT,lei_declared,True,False,1
60d1deca55,IT,none,False,False,0
67b4dd3e84,IT,none,False,False,0
87153ff39b,IT,lei_declared,True,False,1
c1238a3676,IT,lei_declared,True,False,1
25112aba5c,IT,none,False,False,0
06c65302fc,IT,none,False,False,0
6802bf3506,IT,none,False,False,0
26dbf2611a,IT,register_qualified,True,False,1
4f3b2b7db1,IT,lei_declared,True,False,1
31bc8c7803,IT,none,False,False,0
9f3c538dee,IT,none,False,False,0
bdb093fd12,IT,none,False,False,0
1a63d37898,IT,none,False,False,0
a04bdb5f2e,IT,none,False,False,0
5f1d4972ec,IT,lei_declared,True,False,1
b133ac000e,IT,none,False,False,0
00c97636fb,IT,none,False,False,0
4cdacc4b6b,IT,none,False,False,0
c5e63bf836,IT,none,False,False,0
9b94781d48,IT,none,False,False,0
6dc7f027ee,IT,none,False,False,0
fbcedad308,IT,none,False,False,0
db1a640d75,IT,lei_declared,True,False,1
02700bc0cb,IT,lei_declared,True,False,1
44c3c515f2,IT,lei_declared,True,False,1
d6c557b6ad,IT,none,False,False,0
450967e29c,IT,lei_declared,True,False,1
93d09fb66c,IT,none,False,False,0
be9ddaad8a,IT,none,False,False,0
4f900ff91a,IT,none,False,False,0
c6d48ceb7a,IT,none,False,False,0
5c4c2b93d0,IT,none,False,False,0
25931242e1,IT,none,False,False,0
8b5d805040,IT,none,False,False,0
83cf2637eb,IT,none,False,False,0
1cf4943e33,IT,none,False,False,0
b21bab7830,IT,none,False,False,0
2ac8268d1b,IT,register_qualified,True,False,1
ff0ac84561,IT,lei_declared,True,False,1
928f23fbb2,IT,none,False,False,0
cb50d2591f,IT,register_qualified,True,False,1
131c665da5,IT,none,False,False,0
fd3b22452e,IT,none,False,False,0
444d2ea248,IT,lei_declared,True,False,1
1959d0dc7d,IT,lei_declared,True,False,1
eaadba82c9,IT,none,False,False,0
9a14e53dc0,IT,none,False,False,0
65e6d43498,IT,none,False,False,0
105be0f67e,IT,register_qualified,True,False,1
28c62d0942,IT,none,False,False,0
80dd779d21,IT,lei_declared,True,False,1
632a4aeedf,IT,lei_declared,True,False,1
5e0d8cbf24,IT,lei_declared,True,False,1
1aab280068,IT,lei_declared,True,False,1
7dbad37169,IT,lei_declared,True,False,1
2c861d5941,IT,lei_declared,True,False,1
34ad928f45,IT,lei_declared,True,False,1
7437822ac0,IT,register_qualified,True,False,1
f204b24a27,IT,lei_declared,True,False,1
dd2067b217,IT,none,False,False,0
7e6f84ed3c,IT,none,False,False,0
2f26107f0b,IT,lei_declared,True,False,1
522a460474,IT,none,False,False,0
8a8f571a63,IT,lei_declared,True,False,1
4651b3824c,IT,none,False,False,0
0a411f598b,IT,register_qualified,True,False,1
446709781a,IT,none,False,False,0
72a84f3abe,IT,lei_declared,True,False,1
21f938d4bb,IT,lei_declared,True,False,1
5fba196853,IT,none,False,False,0
70756dc3e9,IT,none,False,False,0
101b4ee85a,IT,none,False,False,0
32841c498d,IT,register_qualified,True,False,1
4723034c7e,IT,none,False,False,0
01df59e771,IT,lei_declared,True,False,1
a413923539,IT,register_qualified,True,False,1
2b577d7209,IT,none,False,False,0
80cd7c8ea8,IT,register_qualified,True,False,1
4e8d3199a5,IT,none,False,False,0
7a5b0f8dde,IT,none,False,False,0
4a1c3702c3,IT,none,False,False,0
5b7bdd782e,IT,none,False,False,0
5a5e3ed0c6,IT,none,False,False,0
b2fc7e7a91,IT,none,False,False,0
02a21dd224,IT,none,False,False,0
39aafbda63,IT,register_qualified,True,False,1
3e83f5787b,IT,none,False,False,0
f97cafd9b0,IT,none,False,False,0
051838e3f9,IT,lei_declared,True,False,1
15cba7710f,IT,register_qualified,True,False,1
b01980a4c8,IT,none,False,False,0
bd43653cfd,IT,none,False,False,0
4cdef013e1,IT,none,False,False,0
18f3d0c1a9,IT,none,False,False,0
fcca285fe7,IT,none,False,False,0
41bb941b3d,IT,none,False,False,0
707c4f0aeb,IT,none,False,False,0
4c01446c1e,IT,none,False,False,0
26ee73787b,IT,none,False,False,0
23bd52c7e2,IT,none,False,False,0
0f03c6e640,IT,none,False,False,0
592ccf4a3c,IT,register_qualified,True,False,1
cf25e90d6e,IT,none,False,False,0
e690a66aa6,IT,none,False,False,0
4fa8207e96,IT,lei_declared,True,False,1
bc10c25121,IT,register_qualified,True,False,1
67be812666,IT,none,False,False,0
346113fdaf,IT,none,False,False,0
4fa1aa2505,IT,none,False,False,0
400ae94d71,IT,register_qualified,True,False,1
9523c07991,IT,lei_declared,True,False,1
f1ccc1ce34,IT,lei_declared,True,False,1
63eb0ef6cd,IT,none,False,False,0
47ba4079f2,IT,lei_declared,True,False,1
470ae30d25,IT,none,False,False,0
e1b3730103,LI,none,False,False,0
e324cc8af3,LI,none,False,False,0
455f21823a,LI,none,False,False,0
4ff1649b8f,LI,none,False,False,0
dff0a3deb4,LI,none,False,False,0
936d2f72d0,LI,none,False,False,0
a9a8ae1d50,LI,none,False,False,0
733974a539,LI,none,False,False,0
a276db719d,LI,none,False,False,0
31670a905d,LI,none,False,False,0
c70176b066,LI,none,False,False,0
114cc0292e,LI,none,False,False,0
72923afee0,LI,none,False,False,0
a11b3c0339,LI,none,False,False,0
f27a74e839,LI,none,False,False,0
9a0f120bcc,LI,none,False,False,0
b1e52de595,LI,none,False,False,0
fed9ab67f7,LI,none,False,False,0
5e076f0b78,LI,none,False,False,0
78d44f9f42,LI,none,False,False,0
05d816e198,LI,none,False,False,0
082a9cafc3,LI,none,False,False,0
2b96d9a125,LI,none,False,False,0
5ca2a3605a,LI,none,False,False,0
593b47c16a,LI,none,False,False,0
1858b00939,LI,none,False,False,0
a03e8bc0c4,LI,none,False,False,0
ed0c9f5111,LI,none,False,False,0
898e117622,LI,none,False,False,0
a409f2bde5,LI,none,False,False,0
424b8cec3c,LI,none,False,False,0
d353c1f2a4,LI,none,False,False,0
16c5a64ac7,LI,none,False,False,0
a054679f29,LI,none,False,False,0
e721a3407b,LI,none,False,False,0
58caad9f2a,LI,none,False,False,0
1b9bb30716,LI,none,False,False,0
0585cd04b4,LI,none,False,False,0
6da2db3390,LI,none,False,False,0
370f54b456,LI,none,False,False,0
1b9fc440e1,LI,none,False,False,0
615a4dbc6a,LI,none,False,False,0
6716b30924,LI,none,False,False,0
577873b9e9,LI,none,False,False,0
fab4f58ef3,LI,none,False,False,0
addf60e5ef,LI,none,False,False,0
1d8e097a44,LI,none,False,False,0
cb776a0722,LI,none,False,False,0
07b3e8ddee,LI,none,False,False,0
b31fb1e702,LI,none,False,False,0
33505dec8e,LI,none,False,False,0
0638a86778,LI,none,False,False,0
9931696444,LI,none,False,False,0
a36db4d607,LI,none,False,False,0
16823a337b,LI,none,False,False,0
2ede2ce565,LI,none,False,False,0
ca4088cc87,LI,none,False,False,0
b9fcb9c5a0,LI,none,False,False,0
323d894dbf,LI,none,False,False,0
85d64c93f1,LI,none,False,False,0
9acedcc7d5,LI,none,False,False,0
c549c8c12d,LI,none,False,False,0
5e04088bfc,LI,none,False,False,0
b70aef6d9f,LI,none,False,False,0
f8fc89f880,LI,none,False,False,0
0f3d575e1b,LI,none,False,False,0
dcc4c09ed4,LI,none,False,False,0
f18b48f16b,LI,none,False,False,0
d47fa9031a,LI,none,False,False,0
4dd6c06503,LI,none,False,False,0
742952f035,LI,none,False,False,0
a599eeacfe,LI,none,False,False,0
1425126f87,LI,none,False,False,0
bdc46286b3,LI,none,False,False,0
01fa376db1,LI,none,False,False,0
5f7ca122d3,LI,none,False,False,0
b83bb0e326,LI,none,False,False,0
ea1a493956,LI,none,False,False,0
e0a070e0e4,LI,none,False,False,0
ee68ce6204,LI,none,False,False,0
f9b303ad5b,LI,none,False,False,0
6c6cc928a2,LI,none,False,False,0
fd7aa7d065,LI,none,False,False,0
c406080b67,LI,none,False,False,0
87c30c39bc,LI,none,False,False,0
15f5ed2ac6,LI,none,False,False,0
83f6ad16b8,LI,none,False,False,0
cfa18f7da6,LI,none,False,False,0
d417d4ce3d,LI,none,False,False,0
5f437a24ae,LI,none,False,False,0
023f43183c,LI,none,False,False,0
646bcde245,LI,none,False,False,0
8346f2c7c6,LI,none,False,False,0
9730cb5993,LI,none,False,False,0
3b5dc282e5,LI,none,False,False,0
3412581447,LI,none,False,False,0
f4e447a08c,LI,none,False,False,0
bb732544d9,LI,none,False,False,0
b7b40260c7,LI,none,False,False,0
c635361445,LI,none,False,False,0
62ac7f3a3e,LI,none,False,False,0
1ec5371af4,LI,lei_declared,True,False,1
823c342229,LI,none,False,False,0
45e34d6a79,LI,none,False,False,0
49f793c1c0,LI,none,False,False,0
0a7ed53580,LI,none,False,False,0
4c9221f317,LI,none,False,False,0
d490443884,LI,none,False,False,0
ad0cac56c0,LI,none,False,False,0
1b8549c340,LI,none,False,False,0
2067304152,LI,none,False,False,0
fa0765f273,LI,none,False,False,0
ca7e35471e,LI,none,False,False,0
6188bd939b,LI,none,False,False,0
7a78ba9a18,LI,none,False,False,0
93b79a3fae,LI,none,False,False,0
04222af3f0,LI,none,False,False,0
ff8426fc6b,LI,none,False,False,0
051adfc346,LI,none,False,False,0
8bd2caef0b,LI,none,False,False,0
eac9378816,LI,none,False,False,0
282b202c3a,LI,none,False,False,0
4df401ba69,LI,none,False,False,0
ae645fc7e8,LI,none,False,False,0
886b6128b6,LI,none,False,False,0
7f125a9835,LI,none,False,False,0
98a1548f65,LI,none,False,False,0
c746d5536e,LI,none,False,False,0
077fd17289,LI,none,False,False,0
90e6339fcf,LI,none,False,False,0
ddb75fc8bf,LI,none,False,False,0
a54ed1580d,LI,none,False,False,0
f48b3cf6d5,LI,none,False,False,0
0ad00c40f0,LI,none,False,False,0
fa87155ec7,LI,none,False,False,0
74a74ee19a,LI,none,False,False,0
9c6df70ad8,LI,none,False,False,0
9702c9b505,LI,none,False,False,0
dabf5ada88,LI,none,False,False,0
49656addc0,LI,none,False,False,0
da14d954b9,LI,none,False,False,0
fe60f877c4,LI,none,False,False,0
2a13d5aa88,LI,none,False,False,0
08ec34d838,LI,lei_declared,True,False,1
566981db43,LI,none,False,False,0
a985da466b,LI,none,False,False,0
ba30d2f3ff,LI,none,False,False,0
7191b30f19,LI,none,False,False,0
ab10f05154,LI,none,False,False,0
a52b0ed206,LI,none,False,False,0
450c552504,LI,none,False,False,0
db673822fe,LI,none,False,False,0
2c719b5b90,LI,none,False,False,0
5aafd12a7d,LI,none,False,False,0
05e569d563,LI,none,False,False,0
fe9b34efcb,LI,none,False,False,0
aa69f4fefb,LI,none,False,False,0
4d9befb42f,LI,none,False,False,0
a31c31d34b,LI,none,False,False,0
0ece9dd055,LI,none,False,False,0
244e38005c,LI,none,False,False,0
5365aa18f9,LI,none,False,False,0
80aa86b9d1,LI,none,False,False,0
dd4dd3fadf,LI,none,False,False,0
566f1c82cd,LI,none,False,False,0
540b23eb2e,LI,none,False,False,0
f588df6bde,LI,none,False,False,0
769f086c39,LI,none,False,False,0
6ee08ac95b,LI,none,False,False,0
af62803a53,LI,none,False,False,0
2124694890,LI,none,False,False,0
06cc3f1bb0,LI,none,False,False,0
7a837961ff,LI,none,False,False,0
7dfb17b683,LI,none,False,False,0
e4740a5320,LI,none,False,False,0
3656182c43,LI,none,False,False,0
bb4147447a,LI,none,False,False,0
7c71289763,LI,none,False,False,0
ae49ab6a58,LI,none,False,False,0
f481a0b279,LI,none,False,False,0
4371ed471e,LI,none,False,False,0
aaf7152875,LI,none,False,False,0
4253bef5ef,LI,none,False,False,0
989847fe94,LI,none,False,False,0
44f155c85c,LI,none,False,False,0
0109552977,LI,none,False,False,0
102b8b0d90,LI,none,False,False,0
f6a4f9b739,LI,none,False,False,0
e92d2cf8b6,LI,none,False,False,0
44f68b6c41,LI,none,False,False,0
6c7f7d6d6c,LI,none,False,False,0
0ff4ecbc6d,LI,none,False,False,0
a24c592c94,LI,none,False,False,0
b8094154c6,LI,none,False,False,0
93c9b040bc,LI,none,False,False,0
720eed40af,LI,none,False,False,0
faeaad2439,LI,none,False,False,0
b30f56258e,LI,none,False,False,0
343a7b054a,LI,none,False,False,0
1d9d0d1b60,LI,none,False,False,0
c039cc6e42,LI,none,False,False,0
9f5a9693fa,LI,none,False,False,0
263320332a,LT,none,False,False,0
6a24cd0e7c,LT,register_qualified,True,False,1
671e21706d,LT,register_qualified,True,False,1
de151f6e79,LT,register_qualified,True,False,1
c2542755f1,LT,lei_declared,True,False,1
f13872db98,LT,register_qualified,True,False,1
5fa5ddce10,LT,register_qualified,True,False,1
41c02464ae,LT,register_qualified,True,False,1
dc2ac868ce,LT,register_qualified,True,False,1
8832770e87,LT,none,False,False,0
a0642fd6e0,LT,register_qualified,True,False,1
a1b8a67e53,LT,register_qualified,True,False,1
579a060624,LT,none,False,False,0
0dc3473e55,LT,register_qualified,True,False,1
552b6627f8,LT,register_qualified,True,False,1
c2e803a271,LT,register_qualified,True,False,1
4e5b11e8d2,LT,register_qualified,True,False,1
63b1129727,LT,register_qualified,True,False,1
eeaa17c621,LT,register_qualified,True,False,1
e0999a30ca,LT,register_qualified,True,False,1
d18ff6464a,LT,register_qualified,True,False,1
ee755409e2,LT,none,False,False,0
9105aa80d0,LT,none,False,False,0
43c9973c95,LT,register_qualified,True,False,1
973bd3ff20,LT,register_qualified,True,False,1
0f5d2777df,LT,register_qualified,True,False,1
d084c92161,LT,none,False,False,0
fb563fdaa5,LT,register_qualified,True,False,1
2ef5f755ad,LT,register_qualified,True,False,1
c7409a17fc,LT,none,False,False,0
fc872db5d7,LT,register_qualified,True,False,1
029e339b20,LT,register_qualified,True,False,1
6b09b36efd,LT,register_qualified,True,False,1
a5657c49d0,LT,register_qualified,True,False,1
a857f04755,LT,none,False,False,0
305e220395,LT,none,False,False,0
96f05b3818,LT,none,False,False,0
81cd0c6008,LT,none,False,False,0
257813bf43,LT,none,False,False,0
e621642607,LT,lei_declared,True,False,1
0e8f1f6424,LT,register_qualified,True,False,1
9f8eb12243,LT,none,False,False,0
dbcbbe5339,LT,none,False,False,0
7a679c5fdc,LT,none,False,False,0
0ea2340ead,LT,none,False,False,0
e490870cce,LT,none,False,False,0
02f0ec1c32,LT,register_qualified,True,False,1
498f5808e0,LT,none,False,False,0
a25f0e7176,LT,register_qualified,True,False,1
f2f00af8b0,LT,none,False,False,0
7e60694844,LT,register_qualified,True,False,1
b4dce82322,LT,register_qualified,True,False,1
5432d1eb4a,LT,register_qualified,True,False,1
44c08bd801,LT,register_qualified,True,False,1
fa24fe5ad8,LT,lei_declared,True,False,1
292136e4f9,LT,lei_declared,True,False,1
3d8409317d,LT,register_qualified,True,False,1
43ac275e25,LT,register_qualified,True,False,1
cae4e79b1a,LT,none,False,False,0
4b884af5fd,LT,none,False,False,0
17f751ff47,LT,register_qualified,True,False,1
76b8128679,LT,none,False,False,0
f30c3edbfe,LT,none,False,False,0
a58658eb11,LT,register_qualified,True,False,1
171e9def95,LT,register_qualified,True,False,1
551565121c,LT,register_qualified,True,False,1
2ff05081a9,LT,none,False,False,0
e47415f626,LT,none,False,False,0
5417576646,LT,none,False,False,0
02ebb7aff6,LT,none,False,False,0
40a6371212,LT,none,False,False,0
4abb3eae8f,LT,none,False,False,0
5835d186b2,LT,none,False,False,0
b0f76b9837,LT,register_qualified,True,False,1
efde11e7c6,LT,none,False,False,0
2e0866d85e,LT,none,False,False,0
c9e24b01c2,LT,none,False,False,0
b36d2811a3,LT,none,False,False,0
f60e7ae91e,LT,none,False,False,0
27ad7d36d2,LT,register_qualified,True,False,1
a65d3449dd,LT,none,False,False,0
3ff7370122,LT,none,False,False,0
0b7462314a,LT,register_qualified,True,False,1
272e8979df,LT,none,False,False,0
199e49715d,LT,register_qualified,True,False,1
dfdf4c95f6,LT,register_qualified,True,False,1
16343862cf,LT,register_qualified,True,False,1
b429634ec0,LT,register_qualified,True,False,1
06d4a484a4,LT,register_qualified,True,False,1
dc2c8b58cf,LT,none,False,False,0
485ecf65b1,LT,register_qualified,True,False,1
a1a62d707b,LT,none,False,False,0
ebc9225f1f,LT,register_qualified,True,False,1
986c1a61c8,LT,register_qualified,True,False,1
2324546f2a,LT,none,False,False,0
a6324a817b,LT,register_qualified,True,False,1
f4f716f3bd,LT,none,False,False,0
748c01c4d0,LT,register_qualified,True,False,1
2bdc556714,LT,register_qualified,True,False,1
dd6d9e5ceb,LT,register_qualified,True,False,1
b9bef1b881,LT,register_qualified,True,False,1
235cc8f966,LT,register_qualified,True,False,1
96c32fff11,LT,none,False,False,0
86cac284e1,LT,none,False,False,0
13b928207a,LT,none,False,False,0
7f9382a28c,LT,register_qualified,True,False,1
713cc1a3f3,LT,none,False,False,0
9476459832,LT,none,False,False,0
50c765a362,LT,none,False,False,0
1c4126ae74,LT,register_qualified,True,False,1
401488085e,LT,register_qualified,True,False,1
5e5d0400d7,LT,register_qualified,True,False,1
40d79eb6ba,LT,register_qualified,True,False,1
043a45dac5,LT,none,False,False,0
f8fee8ae8a,LT,none,False,False,0
a26c8546f1,LT,register_qualified,True,False,1
1c827aecf2,LT,register_qualified,True,False,1
a2d684c19e,LT,register_qualified,True,False,1
ff425d1fb6,LT,none,False,False,0
c6cfd20c1f,LT,none,False,False,0
7e27b58398,LT,register_qualified,True,False,1
996afd02f1,LT,register_qualified,True,False,1
357139a0db,LT,register_qualified,True,False,1
01e2d9848b,LT,register_qualified,True,False,1
3508a04624,LT,none,False,False,0
f5c6cd9bc6,LT,none,False,False,0
d6709fb5a5,LT,register_qualified,True,False,1
6b484e3d8b,LT,none,False,False,0
5fddab6fa9,LT,none,False,False,0
71587df850,LT,none,False,False,0
cceebbcc69,LT,none,False,False,0
1904cc220b,LT,none,False,False,0
1c618f7b54,LT,register_qualified,True,False,1
db37652188,LT,none,False,False,0
989fab2901,LT,register_qualified,True,False,1
62888d1282,LT,none,False,False,0
9de9c520d7,LT,register_qualified,True,False,1
8dc7dd621e,LT,none,False,False,0
58004569f5,LT,none,False,False,0
9f58806ecb,LT,register_qualified,True,False,1
4b8735cf28,LU,none,False,False,0
33ae39d54a,LU,none,False,False,0
084334312a,LU,register_qualified,True,False,1
c224ee2fa3,LU,none,False,False,0
156ec64165,LU,register_qualified,True,False,1
a7c850a6de,LU,register_qualified,True,False,1
05c88e9d59,LU,register_qualified,True,False,1
2655221912,LU,register_qualified,True,False,1
8889c4d548,LU,register_qualified,True,False,1
41233406ad,LU,none,False,False,0
c734760e14,LU,lei_declared,True,False,1
e85a72bce1,LU,lei_declared,True,False,1
b3d4e49c9e,LU,lei_declared,True,False,1
6547aee9a3,LU,none,False,False,0
f9b99726af,LU,register_qualified,True,False,1
3d46e3a1a7,LU,register_qualified,True,False,1
4c9af58072,LU,register_qualified,True,False,1
d1450a9ca6,LU,none,False,False,0
0336a34a7d,LU,none,False,False,0
af415c9f89,LU,none,False,False,0
9d114dcb48,LU,none,False,False,0
6403fcdd27,LU,lei_declared,True,False,1
ef4736fa9f,LU,none,False,False,0
514c5af1dd,LU,register_qualified,True,False,1
bac5547792,LU,register_qualified,True,False,1
808728b812,LU,none,False,False,0
251aac4ad9,LU,register_qualified,True,False,1
2493593a42,LU,none,False,False,0
9b49e64a5e,LU,none,False,False,0
2c62276d5a,LU,lei_declared,True,False,1
6bb97fe07f,LU,register_qualified,True,True,2
00357b6332,LU,none,False,False,0
d97623d06f,LU,register_qualified,True,False,1
790c6d8d23,LU,lei_declared,True,False,1
dca788d363,LU,register_qualified,True,False,1
ae0eefe28b,LU,none,False,False,0
dde41f223e,LU,register_qualified,True,False,1
637a5955d0,LU,register_qualified,True,False,1
0488819647,LU,lei_declared,True,False,1
1cdc8b3076,LU,none,False,False,0
95a0caaa73,LU,lei_declared,True,False,1
7bf2084bfd,LU,register_qualified,True,False,1
2ebf28f8da,LU,none,False,False,0
6c7b00c939,LU,none,False,False,0
c796288e3e,LU,none,False,False,0
08bcad915d,LU,none,False,False,0
49af68afcb,LU,register_qualified,True,False,1
c8ade9e8ae,LU,none,False,False,0
0c2e91fc16,LU,none,False,False,0
c69c454c26,LU,none,False,False,0
406f949b0e,LU,none,False,False,0
073802819e,LU,register_qualified,True,False,1
64c83eeb15,LU,register_qualified,True,False,1
007bf29255,LU,none,False,False,0
c18822b762,LU,register_qualified,True,False,1
0c4631d2fb,LU,lei_declared,True,False,1
589ea52446,LU,register_qualified,True,False,1
74ea17afc8,LU,none,False,False,0
9a76e6b0ee,LU,none,False,False,0
fa49b56c2f,LU,none,False,False,0
04ada2888e,LU,register_qualified,True,False,1
24e97822cf,LU,none,False,False,0
9afe80c9fc,LU,none,False,False,0
190b4f4e0e,LU,register_qualified,True,False,1
5063d4ec1f,LU,none,False,False,0
1f404b894f,LU,lei_declared,True,False,1
f855b03464,LU,none,False,False,0
e9afcff05f,LU,none,False,False,0
875c073b53,LU,none,False,False,0
75e5f26b5c,LU,lei_declared,True,False,1
e17a684aae,LU,none,False,False,0
460714bf7d,LU,none,False,False,0
571932da2c,LU,none,False,False,0
828756a3dc,LU,none,False,False,0
1abb5ff3e7,LU,none,False,False,0
a5eab38ad6,LU,register_qualified,True,False,1
e812714d2c,LU,lei_declared,True,False,1
2f4b41c15d,LU,none,False,False,0
5c1aaea08c,LU,none,False,False,0
6a8ba75dc3,LU,lei_declared,True,False,1
99fea8720e,LU,lei_declared,True,False,1
747d85f8bb,LU,none,False,False,0
3bda88246f,LU,none,False,False,0
c7156afdeb,LU,none,False,False,0
d1a41a6368,LU,lei_declared,True,False,1
2f8c8c06f2,LU,lei_declared,True,False,1
2337d4239a,LU,lei_declared,True,False,1
6f52cf91aa,LU,none,False,False,0
18fe0f1e8e,LU,none,False,False,0
f9c46f4ab8,LU,none,False,False,0
831cd32f80,LU,lei_declared,True,False,1
ecfc7130a1,LU,none,False,False,0
9ae92a9e3a,LU,none,False,False,0
161efaadef,LU,register_qualified,True,False,1
0488119546,LU,lei_declared,True,False,1
302ceca63f,LU,register_qualified,True,False,1
433af7e90a,LU,none,False,False,0
5577191e9e,LU,register_qualified,True,False,1
f95d68d287,LU,none,False,False,0
f8339fad07,LV,none,False,False,0
9d7abb4090,LV,none,False,False,0
5c2df74ad4,LV,register_qualified,True,False,1
72823dbade,LV,register_qualified,True,False,1
8f459168d6,LV,none,False,False,0
fb57cef567,LV,none,False,False,0
5d5068bb9c,LV,register_qualified,True,False,1
ec3a3a4229,LV,register_qualified,True,False,1
6b799c1302,LV,register_qualified,True,False,1
57e337d93b,LV,register_qualified,True,False,1
e335c82ba6,LV,register_qualified,True,False,1
c74dc46b3d,LV,none,False,False,0
2278b455be,LV,none,False,False,0
a6df0c4fbb,LV,none,False,False,0
a2358d4274,LV,none,False,False,0
44c2763f2b,LV,register_qualified,True,False,1
8af7353493,LV,register_qualified,True,False,1
296a0f11ab,LV,register_qualified,True,False,1
229d4877f0,LV,none,False,False,0
263d8619e4,LV,none,False,False,0
327ad8b7a2,LV,none,False,False,0
1a874b1cf0,LV,register_qualified,True,False,1
321a923b61,LV,register_qualified,True,False,1
634b3b403b,LV,register_qualified,True,False,1
3fabedbd56,LV,none,False,False,0
d0d633975e,LV,register_qualified,True,False,1
a38b7904ac,LV,register_qualified,True,False,1
105965e968,LV,register_qualified,True,False,1
5b958e3331,LV,register_qualified,True,False,1
155842a9ca,LV,register_qualified,True,False,1
f402a49ed7,LV,register_qualified,True,False,1
37736e0814,LV,none,False,False,0
2d6b23f0dd,LV,register_qualified,True,False,1
b66dbe34b7,LV,none,False,False,0
32d8d74900,LV,none,False,False,0
2d56e98153,LV,none,False,False,0
af13a5b3a1,LV,none,False,False,0
0041de0295,LV,register_qualified,True,False,1
8957044a83,LV,register_qualified,True,False,1
e33803398d,LV,register_qualified,True,False,1
c49ee7c945,LV,register_qualified,True,False,1
968dd04120,LV,register_qualified,True,False,1
1ee0b81337,LV,none,False,False,0
baf39d1ea2,LV,none,False,False,0
a3f971762c,LV,none,False,False,0
c4ad40a31a,LV,register_qualified,True,False,1
013f5789a2,LV,register_qualified,True,False,1
a3fa8cb6fb,LV,none,False,False,0
c41c2b4e94,LV,none,False,False,0
24293e381a,LV,none,False,False,0
e7dff79aa8,LV,none,False,False,0
d2676c8036,LV,none,False,False,0
a09c80705c,LV,register_qualified,True,False,1
bc7817f49d,LV,lei_declared,True,False,1
0a0cec0a41,LV,register_qualified,True,False,1
d5eef89d53,LV,none,False,False,0
1f1546e0f3,LV,register_qualified,True,False,1
f47cd16503,LV,none,False,False,0
8b6a05d211,LV,none,False,False,0
6dc5f00e52,LV,none,False,False,0
0e353a75ba,LV,none,False,False,0
ff45b07cee,LV,none,False,False,0
f62a6c69b3,LV,none,False,False,0
6b97c6528b,LV,none,False,False,0
b8169ea6a9,LV,none,False,False,0
0503cab4e4,LV,none,False,False,0
aa573f28c3,LV,none,False,False,0
1bfdef6fc7,LV,register_qualified,True,False,1
5e5e776293,LV,register_qualified,True,False,1
e16725ae64,LV,none,False,False,0
2cb187579f,LV,register_qualified,True,False,1
8c6cb08fa5,LV,register_qualified,True,False,1
c3b2f91c1e,LV,register_qualified,True,False,1
3cbb76a5b1,LV,none,False,False,0
0cff87e4eb,LV,register_qualified,True,False,1
dc2d674ce1,LV,none,False,False,0
2ac6ad395c,LV,none,False,False,0
4a7b12fe93,LV,none,False,False,0
6ac524e6a9,LV,none,False,False,0
35f756357d,LV,none,False,False,0
ecb4d9cd22,LV,register_qualified,True,False,1
3461c1002b,LV,register_qualified,True,False,1
c7a175939b,LV,register_qualified,True,False,1
9054650d03,LV,register_qualified,True,False,1
c6816d545a,LV,none,False,False,0
070673035a,LV,none,False,False,0
ae4510f01a,LV,register_qualified,True,False,1
c2daaaf284,LV,register_qualified,True,False,1
a336555ac1,LV,none,False,False,0
e04bce8fa3,LV,none,False,False,0
c81bc0d9d3,LV,none,False,False,0
b34f2f2f1a,LV,register_qualified,True,False,1
fa4601b055,LV,register_qualified,True,False,1
f156276535,LV,none,False,False,0
dde6014ba0,LV,none,False,False,0
0015f6caa1,LV,none,False,False,0
6329004b9d,LV,register_qualified,True,False,1
ba2582a162,LV,none,False,False,0
e07f598a16,LV,none,False,False,0
169fc35766,LV,none,False,False,0
bebb5b9ce2,LV,none,False,False,0
ff2ff70e92,LV,none,False,False,0
7943b4b7f3,LV,none,False,False,0
17c0045856,LV,none,False,False,0
c89a51cd99,LV,register_qualified,True,False,1
5364d78530,LV,register_qualified,True,False,1
064b8316e7,LV,none,False,False,0
af1d268014,LV,none,False,False,0
8800d36322,LV,none,False,False,0
f7b3c1ebda,LV,none,False,False,0
03f99291bb,LV,register_qualified,True,False,1
1b36392361,LV,register_qualified,True,False,1
079981d097,LV,none,False,False,0
e68f79d284,LV,register_qualified,True,False,1
8c9e0b3968,LV,register_qualified,True,False,1
6b98f90822,LV,register_qualified,True,False,1
d819599d4b,LV,register_qualified,True,False,1
a9aeb48087,LV,register_qualified,True,False,1
2addf92ccf,LV,none,False,False,0
d2a05d6753,LV,none,False,False,0
39d53386e9,LV,none,False,False,0
1eb2180570,LV,register_qualified,True,False,1
79f467cd7f,LV,none,False,False,0
ce4949a08c,LV,register_qualified,True,False,1
d26963098d,LV,none,False,False,0
8b27496646,LV,none,False,False,0
9709a0d4ab,LV,none,False,False,0
b7eb654efc,LV,register_qualified,True,False,1
3d1e0de1f7,LV,none,False,False,0
b252949d3e,LV,none,False,False,0
4e963def89,LV,none,False,False,0
cb3acb002a,LV,none,False,False,0
fb089dda2f,LV,register_qualified,True,False,1
b7a49827eb,LV,register_qualified,True,False,1
105bcfcde7,LV,none,False,False,0
1fd20b48ed,LV,none,False,False,0
1a538c482f,LV,register_qualified,True,False,1
cce55af85c,LV,register_qualified,True,False,1
c00b8b3dfe,LV,none,False,False,0
e23e280916,LV,none,False,False,0
4513eace67,LV,register_qualified,True,False,1
dc1353d8cc,MT,none,False,False,0
829790fd13,MT,none,False,False,0
3c406b7419,MT,lei_declared,True,False,1
44b4ea9ebe,MT,lei_declared,True,False,1
23d5cdcc26,MT,none,False,False,0
fa55772fb4,MT,register_qualified,True,False,1
b7e075d12e,MT,register_qualified,True,False,1
e988c20f01,MT,register_qualified,True,False,1
df02bc57b5,MT,none,False,False,0
d66fbf34d9,MT,lei_declared,True,False,1
ce2c263827,MT,none,False,False,0
2ed6a02c59,MT,lei_declared,True,False,1
0714084d5f,MT,none,False,False,0
c5e60566d2,MT,none,False,False,0
d4c54129b9,MT,lei_declared,True,False,1
8c59b60dc9,MT,lei_declared,True,False,1
f9d5d34257,MT,register_qualified,True,False,1
061f66eedc,MT,lei_declared,True,False,1
9963969d1f,MT,none,False,False,0
7c24497bc2,MT,none,False,False,0
c15bcf95a7,MT,none,False,False,0
b308b34e93,MT,lei_declared,True,False,1
275679765d,MT,none,False,False,0
0b1997e310,MT,none,False,False,0
5d08cfb231,MT,none,False,False,0
e0e580ff4c,MT,none,False,False,0
069f240811,MT,none,False,False,0
e69489cb0a,MT,lei_declared,True,False,1
6f2e134450,MT,lei_declared,True,False,1
31fa322f8d,MT,none,False,False,0
c11a97a1f6,MT,lei_declared,True,False,1
cead9751cb,MT,lei_declared,True,False,1
ba7600ceab,MT,lei_declared,True,False,1
9641e2cbef,MT,none,False,False,0
9b89fcb94f,MT,register_qualified,True,False,1
75de2403c8,MT,none,False,False,0
e6de7401eb,MT,none,False,False,0
f1baace1cc,MT,none,False,False,0
ffb2c9f51b,MT,none,False,False,0
d130346778,MT,lei_declared,True,False,1
05d617a76e,MT,lei_declared,True,False,1
283621d21c,MT,lei_declared,True,False,1
7449eb8343,MT,none,False,False,0
321d682df3,MT,register_qualified,True,False,1
a61b912fa0,MT,register_qualified,True,False,1
00976a911e,MT,none,False,False,0
87f6855881,MT,none,False,False,0
426c85ff71,MT,none,False,False,0
9329974526,MT,lei_declared,True,False,1
403bd87e34,MT,lei_declared,True,False,1
9f41d530a9,MT,lei_declared,True,False,1
a2182e2c93,MT,lei_declared,True,False,1
eea75dcb2f,MT,none,False,False,0
f6e62b211a,MT,none,False,False,0
3f7c2d513b,MT,none,False,False,0
8b17d02bc0,MT,lei_declared,True,False,1
e9516b5888,MT,lei_declared,True,False,1
1e3a42030c,MT,register_qualified,True,False,1
f14df7ebb7,MT,none,False,False,0
e3d975d4b1,MT,none,False,False,0
61da433438,MT,lei_declared,True,False,1
f8fe4b1ab7,MT,lei_declared,True,False,1
7824f16363,MT,register_qualified,True,False,1
21cbd01c42,MT,none,False,False,0
80dc2f7caa,MT,register_qualified,True,False,1
2ccb0d71d3,MT,lei_declared,True,False,1
9098449ad7,MT,lei_declared,True,False,1
b160f8f8d8,MT,none,False,False,0
e60a58a4f9,MT,none,False,False,0
6e2af75fbc,MT,lei_declared,True,False,1
2bf5e82a01,MT,none,False,False,0
96bd6c9ca4,MT,none,False,False,0
b9536a4b85,MT,none,False,False,0
77ca733dbc,MT,none,False,False,0
74014dca78,MT,none,False,False,0
7643d7fe8a,MT,none,False,False,0
8ae2ad2f03,MT,none,False,False,0
f0959bc806,MT,none,False,False,0
688f612651,MT,lei_declared,True,False,1
1698f1297e,MT,none,False,False,0
8ae25b3606,MT,register_qualified,True,False,1
221ef74359,MT,none,False,False,0
22ead8283e,MT,lei_declared,True,False,1
597bf7445c,MT,none,False,False,0
5bd4c76645,MT,none,False,False,0
9a9cb54e80,MT,none,False,False,0
d55aa0c761,MT,none,False,False,0
7de80b4332,MT,none,False,False,0
3354a97027,MT,none,False,False,0
4914b9a521,MT,lei_declared,True,False,1
e23cc4ec5b,MT,none,False,False,0
c35c9a6359,MT,none,False,False,0
257304867b,MT,none,False,False,0
e09adabe14,MT,lei_declared,True,False,1
c1b027c63a,MT,none,False,False,0
cb13993304,MT,none,False,False,0
006e62c83c,MT,none,False,False,0
ae76009584,MT,register_qualified,True,False,1
fe25a1d677,MT,none,False,False,0
3ced278e58,MT,none,False,False,0
5f41c47106,MT,register_qualified,True,False,1
928dbc2bbe,MT,lei_declared,True,False,1
27d7872976,MT,lei_declared,True,False,1
ef3323ba2c,MT,none,False,False,0
e887793887,MT,register_qualified,True,False,1
fc32d4e54f,MT,lei_declared,True,False,1
51ed6c9502,MT,lei_declared,True,False,1
fef2479e4b,MT,lei_declared,True,False,1
504c753602,MT,lei_declared,True,False,1
b173c8dade,MT,none,False,False,0
d20b368a23,MT,lei_declared,True,False,1
c255696b15,MT,none,False,False,0
39d421ba1d,MT,none,False,False,0
405be259ee,MT,none,False,False,0
0821e89fe2,MT,none,False,False,0
b063f1a71d,MT,none,False,False,0
c6d5c4ac7a,MT,none,False,False,0
0fa05e4930,MT,lei_declared,True,False,1
54158e324b,MT,none,False,False,0
cff5b572b3,MT,none,False,False,0
5a0ce279ae,MT,none,False,False,0
2d949dbb50,MT,lei_declared,True,False,1
c2bbfe2296,MT,none,False,False,0
365cffc983,MT,none,False,False,0
93350b3503,MT,none,False,False,0
80b4f589f4,MT,lei_declared,True,False,1
6b3e275663,MT,lei_declared,True,False,1
4fe65ea990,MT,none,False,False,0
62e979fc5a,MT,lei_declared,True,False,1
b929aabd63,MT,none,False,False,0
3be0dbd34a,MT,lei_declared,True,False,1
55fa8d9aec,MT,none,False,False,0
f81795501c,MT,lei_declared,True,False,1
9201740ca4,MT,lei_declared,True,False,1
e40da633dc,MT,register_qualified,True,False,1
c7c28c5748,MT,lei_declared,True,False,1
f664cb568b,MT,lei_declared,True,False,1
5751a7d795,MT,none,False,False,0
be7d80747c,MT,none,False,False,0
a42e17fd8b,MT,none,False,False,0
912a8bd59f,MT,none,False,False,0
2ffaf5bc2d,MT,none,False,False,0
3309ebf04e,MT,none,False,False,0
243cdb0fac,MT,none,False,False,0
52ff426ed6,MT,lei_declared,True,False,1
5502a9d8b7,MT,none,False,False,0
5f47067af5,MT,none,False,False,0
6d918605d4,MT,none,False,False,0
178d46ef4d,MT,none,False,False,0
034c04a4ba,MT,register_qualified,True,False,1
b37e1d4a64,MT,none,False,False,0
c62290991e,MT,register_qualified,True,False,1
7476904918,MT,lei_declared,True,False,1
119c124ba7,MT,lei_declared,True,False,1
f0ebe77174,MT,none,False,False,0
462382ad1c,MT,lei_declared,True,False,1
77c2f91c9b,MT,none,False,False,0
8901cbcb08,MT,none,False,False,0
884224e028,MT,none,False,False,0
55d82a475d,MT,none,False,False,0
a826e722e1,MT,none,False,False,0
f702ed5aac,MT,none,False,False,0
0ee5afd96d,MT,lei_declared,True,False,1
7afa706bbb,MT,none,False,False,0
b3653372b3,MT,none,False,False,0
626a519eea,MT,none,False,False,0
c6ad896229,MT,lei_declared,True,False,1
bf8e46244e,MT,none,False,False,0
d7c8112f2f,MT,register_qualified,True,False,1
fe7d6b2005,MT,none,False,False,0
e9d553c241,MT,none,False,False,0
64ab467dcc,MT,none,False,False,0
b3d3c3c0b9,MT,none,False,False,0
152374d772,MT,none,False,False,0
52573fca02,MT,none,False,False,0
2bbb9bc131,MT,none,False,False,0
b617712cbb,MT,none,False,False,0
64683f89c2,MT,none,False,False,0
fc0ef9f27f,MT,none,False,False,0
e4ece58693,MT,none,False,False,0
f799aec65e,MT,none,False,False,0
0053779236,MT,none,False,False,0
7142086e26,MT,none,False,False,0
b318835287,MT,none,False,False,0
917192311b,MT,register_qualified,True,False,1
5ee061477c,MT,lei_declared,True,False,1
61f99b1275,MT,lei_declared,True,False,1
91f2ed43b1,MT,none,False,False,0
5fda25b79a,MT,register_qualified,True,False,1
10e85f83bf,MT,none,False,False,0
13547ea25a,MT,none,False,False,0
ed528bc3bc,MT,none,False,False,0
bd4e4b220f,MT,lei_declared,True,False,1
06a440b9d5,NL,none,False,False,0
1c0ecf1698,NL,none,False,False,0
5ba99aafd3,NL,none,False,False,0
20c00f39f9,NL,none,False,False,0
c0b7c7cbdf,NL,none,False,False,0
73e7554590,NL,lei_declared,True,False,1
91be90c034,NL,lei_declared,True,False,1
6eb27992a1,NL,register_qualified,True,False,1
5c62b3f159,NL,register_qualified,True,False,1
9c16fb3837,NL,none,False,False,0
6e53505127,NL,none,False,False,0
e16e0f3da5,NL,register_qualified,True,False,1
eabdb225ca,NL,lei_declared,True,False,1
4db15a6aed,NL,none,False,False,0
d2b098721b,NL,none,False,False,0
d077914453,NL,register_qualified,True,False,1
544b209517,NL,register_qualified,True,False,1
52856de521,NL,register_qualified,True,False,1
8750a1413d,NL,register_qualified,True,False,1
c9ad2e52a9,NL,register_qualified,True,False,1
d12c28a6d5,NL,register_qualified,True,False,1
7f02584fbc,NL,lei_declared,True,False,1
ca9ace7dfd,NL,none,False,False,0
924fa3ad06,NL,lei_declared,True,False,1
35300ceb43,NL,none,False,False,0
27f41d0c89,NL,none,False,False,0
697f40edf8,NL,none,False,False,0
130e664696,NL,none,False,False,0
05b7f6159c,NL,lei_declared,True,False,1
2dd3f8ff7c,NL,none,False,False,0
9ee9a47a6a,NL,none,False,False,0
83105cde27,NL,none,False,False,0
67a05529e3,NL,none,False,False,0
844e49b82d,NL,lei_declared,True,False,1
f3277f8410,NL,lei_declared,True,False,1
e96eb66861,NL,none,False,False,0
17ff5dadd5,NL,register_qualified,True,False,1
95d857d65b,NL,lei_declared,True,False,1
b5815832e3,NL,lei_declared,True,False,1
0be36fe9f7,NL,register_qualified,True,False,1
07a64ffd44,NL,lei_declared,True,False,1
a2a352ad9e,NL,lei_declared,True,False,1
34d71f3f38,NL,register_qualified,True,False,1
cf81941a7d,NL,lei_declared,True,False,1
8ce1db7b3f,NL,lei_declared,True,False,1
83cd76cd22,NL,none,False,False,0
9325642eac,NL,lei_declared,True,False,1
6ad7080c62,NL,none,False,False,0
64a3cd8ca8,NL,lei_declared,True,False,1
1efaee78fb,NL,none,False,False,0
2cdeaada4f,NL,none,False,False,0
e89365520f,NL,none,False,False,0
241ee9f4cb,NL,register_qualified,True,False,1
d7c18e77a5,NL,none,False,False,0
d1cb0915e8,NL,none,False,False,0
6a7fef9fb0,NL,register_qualified,True,False,1
0444aa76f9,NL,none,False,False,0
c4bd6e9a11,NL,register_qualified,True,False,1
1c2a755781,NL,none,False,False,0
17234f6eb7,NL,none,False,False,0
a294f88608,NL,none,False,False,0
d5be40e15f,NL,none,False,False,0
0473e20d7c,NL,none,False,False,0
1b7c4413a3,NL,lei_declared,True,False,1
538c2b5627,NL,none,False,False,0
5b3d371eb9,NL,none,False,False,0
c6f4e8b415,NL,none,False,False,0
d0e7602e0a,NL,none,False,False,0
912ca05624,NL,none,False,False,0
214b77adf4,NL,none,False,False,0
73050a2501,NL,none,False,False,0
12583652cb,NL,none,False,False,0
3023c0f596,NL,none,False,False,0
e47c7ce806,NL,lei_declared,True,False,1
dace82609b,NL,lei_declared,True,False,1
ff08aa80a1,NL,none,False,False,0
23b6320f2b,NL,none,False,False,0
f1f6d304fc,NL,none,False,False,0
e01f199659,NL,none,False,False,0
8c17e9d7e5,NL,lei_declared,True,False,1
5434771ac2,NL,none,False,False,0
6531a1f824,NL,lei_declared,True,False,1
12ffc4af19,NL,none,False,False,0
ae1e5fbeed,NL,lei_declared,True,False,1
7202f30143,NL,lei_declared,True,False,1
4c446907a8,NL,register_qualified,True,False,1
7354d7885d,NL,none,False,False,0
18d4d858bb,NL,none,False,False,0
7f213ba5f2,NL,lei_declared,True,False,1
b446aaa6d2,NL,none,False,False,0
eb5496bf5b,NL,lei_declared,True,False,1
f07586feb8,NL,none,False,False,0
f4538ea1fd,NL,none,False,False,0
be63298c4c,NL,none,False,False,0
a1dc6251eb,NL,none,False,False,0
c1e542adbe,NL,none,False,False,0
6c2802d5e5,NL,none,False,False,0
8129d07359,NL,none,False,False,0
c40b9688f2,NL,none,False,False,0
70394fc8e5,NL,none,False,False,0
e4a13e946d,NL,none,False,False,0
f1095f7a31,NL,none,False,False,0
b49389acee,NL,none,False,False,0
1e0dae3e44,NL,none,False,False,0
d34c3b3147,NL,none,False,False,0
872398607e,NL,none,False,False,0
815f7fd109,NL,none,False,False,0
d29b28f21b,NL,none,False,False,0
51f4fe09c3,NL,none,False,False,0
6cfb374bc6,NL,none,False,False,0
ce71fe40de,NL,none,False,False,0
ef00ce239d,NL,none,False,False,0
475d970a9e,NL,none,False,False,0
23445fa6d9,NL,none,False,False,0
f57f25dfef,NL,none,False,False,0
3f3ff8fc90,NL,none,False,False,0
7fbb3706f8,NL,none,False,False,0
af0ad30974,NL,lei_declared,True,False,1
857ce30126,NL,none,False,False,0
b5381de88a,NL,none,False,False,0
6caabcadd9,NL,none,False,False,0
dc1990292c,NL,none,False,False,0
d051c86863,NL,lei_declared,True,False,1
6e66cec10f,NL,none,False,False,0
8778d13bf0,NL,none,False,False,0
ced93ff469,NL,none,False,False,0
6e74b86e70,NL,lei_declared,True,False,1
13dc455a95,NL,none,False,False,0
d8b4f8ea8d,NL,none,False,False,0
22ed4aba56,NL,none,False,False,0
fba3e9630d,NL,none,False,False,0
9f5b708982,NL,none,False,False,0
f6b8d5905a,NL,none,False,False,0
12ce8dcd94,NL,none,False,False,0
8a0d8e70cb,NL,none,False,False,0
102e548419,NL,none,False,False,0
9dc09124c0,NL,none,False,False,0
4c5e9886ae,NL,none,False,False,0
4d783c00cb,NL,none,False,False,0
ad98b6e9f3,NL,lei_declared,True,False,1
a28d4f4a49,NL,lei_declared,True,False,1
8a8f9a4094,NL,lei_declared,True,False,1
2d1b43eef5,NL,none,False,False,0
5a454893eb,NL,none,False,False,0
af7981d04f,NL,none,False,False,0
dd4fd67dc6,NL,none,False,False,0
d192ec58ab,NL,none,False,False,0
1fd0784179,NL,lei_declared,True,False,1
e6d508d538,NL,none,False,False,0
04407c213f,NL,none,False,False,0
d73d73b785,NL,lei_declared,True,False,1
4ffc4f2ab5,NL,none,False,False,0
f974f4ccc1,NL,none,False,False,0
83f4f96a10,NL,register_qualified,True,False,1
e91f867a2d,NL,none,False,False,0
1b9992dd0a,NL,register_qualified,True,False,1
6de6960400,NL,none,False,False,0
dc03fedb9a,NL,register_qualified,True,False,1
17c1cbb393,NL,none,False,False,0
49b16762c1,NL,none,False,False,0
e880a69e33,NL,lei_declared,True,False,1
741178442b,NL,none,False,False,0
be8d556f23,NL,none,False,False,0
4729932132,NL,none,False,False,0
cf4408a106,NL,lei_declared,True,False,1
18d4e85754,NL,register_qualified,True,False,1
582a05639a,NL,none,False,False,0
aa73e87fc2,NL,none,False,False,0
1ba6a6d5d3,NL,none,False,False,0
3c455a411b,NL,lei_declared,True,False,1
32a46a4a86,NL,lei_declared,True,False,1
38690db869,NL,none,False,False,0
71f7f81eb7,NL,none,False,False,0
b14286acef,NL,none,False,False,0
4f558c36b6,NL,lei_declared,True,False,1
dd04bf5d01,NL,none,False,False,0
68d52aaffc,NL,none,False,False,0
a726453947,NL,lei_declared,True,False,1
170452e385,NL,none,False,False,0
e4e74266ce,NL,register_qualified,True,False,1
c415b8d42c,NL,none,False,False,0
b7e6d3069a,NL,none,False,False,0
f716d22b11,NL,none,False,False,0
5be1960428,NL,register_qualified,True,False,1
6c209ce054,NL,lei_declared,True,False,1
79aca53a20,NL,none,False,False,0
5ffb8300c4,NL,none,False,False,0
90d0c4eca4,NL,none,False,False,0
c2a2fdce7b,NL,lei_declared,True,False,1
dfb94b7464,NL,lei_declared,True,False,1
2d242c2a19,NL,lei_declared,True,False,1
eedc86d0ef,NL,none,False,False,0
6203967b06,NL,none,False,False,0
a40ad62b19,NL,lei_declared,True,False,1
b5a4538dcc,NL,none,False,False,0
6053726d07,NL,lei_declared,True,False,1
85ea0d7fb8,NL,none,False,False,0
cf9c4bb86a,NL,register_qualified,True,False,1
a68035bcda,NL,none,False,False,0
c28cc2e985,NL,none,False,False,0
fb4e5ecf82,NL,none,False,False,0
0a69d6907c,NL,none,False,False,0
ea0691d71d,NL,none,False,False,0
56fc3cf0b2,NL,none,False,False,0
4639c0a557,NL,none,False,False,0
10ec8e1b32,NL,none,False,False,0
096a83c1fb,NL,lei_declared,True,False,1
1ed5909ab1,NL,lei_declared,True,False,1
edea40b1ed,NL,lei_declared,True,False,1
d053560286,NL,none,False,False,0
fed346c19e,NL,none,False,False,0
130eaeb5fd,NL,none,False,False,0
1dbdde90b9,NL,lei_declared,True,False,1
f8944320fa,NL,none,False,False,0
7b64f6d561,NL,none,False,False,0
6d3dd46677,NL,none,False,False,0
2ec1fcb62d,NL,lei_declared,True,False,1
a8e6bcab8d,NL,register_qualified,True,False,1
72290c242c,NL,lei_declared,True,False,1
20a2cf72c1,NL,none,False,False,0
bde45a3dc8,NL,register_qualified,True,False,1
7f979f2b7c,NL,none,False,False,0
3933d7a6f1,NL,lei_declared,True,False,1
7155c298bc,NL,none,False,False,0
c3a414e125,NL,none,False,False,0
7c5c52b666,NL,none,False,False,0
8279101305,NL,none,False,False,0
6a16b275b9,NL,register_qualified,True,False,1
0de9559ce6,NL,none,False,False,0
7b4f8c0f8a,NL,none,False,False,0
f34c8667be,NL,register_qualified,True,False,1
e5f1c5e7fa,NL,lei_declared,True,False,1
a3527632a2,NL,none,False,False,0
95a4dbccb8,NL,register_qualified,True,False,1
dcd3f40a7a,NL,none,False,False,0
f3ace83b1d,NL,none,False,False,0
82614fff80,NL,register_qualified,True,False,1
d97cc5975c,NL,register_qualified,True,False,1
7e561c5011,NL,none,False,False,0
ba280816d9,NL,lei_declared,True,False,1
a0f819386e,NL,none,False,False,0
ebde5465ee,NL,lei_declared,True,False,1
54ac23f947,NL,none,False,False,0
5b305dbf2e,NL,lei_declared,True,False,1
4803653d56,NL,none,False,False,0
0dbec3fd8e,NL,none,False,False,0
a12a5267f5,NL,none,False,False,0
eaf35b5c95,NL,none,False,False,0
3aa221b85f,NL,register_qualified,True,False,1
3b821ae18a,NL,none,False,False,0
c511541f4a,NL,none,False,False,0
9e65b0ba1a,NL,none,False,False,0
e6e317b5a3,NL,none,False,False,0
9a4f922550,NL,none,False,False,0
c83655a953,NL,none,False,False,0
3574232e0a,NL,lei_declared,True,False,1
e9cc6bff89,NL,none,False,False,0
7ac73e6d76,NL,none,False,False,0
e363e640a6,NL,none,False,False,0
27301834a1,NL,lei_declared,True,False,1
a2bb5329f6,NL,register_qualified,True,False,1
d2e077f005,NL,none,False,False,0
25b1b4913e,NL,register_qualified,True,False,1
9a78555cc7,NL,register_qualified,True,False,1
234d4766b7,NL,register_qualified,True,False,1
fcdbc45b0d,NL,none,False,False,0
40edcd7e13,NL,none,False,False,0
694b35efa7,NL,register_qualified,True,False,1
a95c236b92,NL,lei_declared,True,False,1
4f36b7a7b5,NL,lei_declared,True,False,1
fb17f25062,NL,none,False,False,0
3c09f50480,NL,lei_declared,True,False,1
b6ea0e0a61,NL,none,False,False,0
66b75b0d53,NL,none,False,False,0
247860cac3,NL,none,False,False,0
33a152c386,NL,none,False,False,0
885545475f,NL,none,False,False,0
ef79c1633f,NL,register_qualified,True,False,1
23e8a38132,NL,register_qualified,True,False,1
dff8af7f52,NL,none,False,False,0
b98cc735bf,NL,none,False,False,0
febd813e32,NL,none,False,False,0
6f532f61e4,NL,none,False,False,0
d4224f379d,NL,none,False,False,0
daa58ff2ad,NL,none,False,False,0
856226e261,NL,register_qualified,True,False,1
1528f13bf9,NL,none,False,False,0
11c1a75f79,NL,none,False,False,0
70ac350344,NL,none,False,False,0
dae21c6498,NL,none,False,False,0
90a173cd9a,NL,none,False,False,0
32d5a0338d,NL,none,False,False,0
2c8d4960b0,NL,lei_declared,True,False,1
dfa67fa74e,NL,none,False,False,0
77b1caf728,NL,none,False,False,0
7f4e7cdd38,NL,lei_declared,True,False,1
8eb97daa10,NL,lei_declared,True,False,1
805d08eb5b,NL,none,False,False,0
fdf79de790,NL,none,False,False,0
118381cc87,NL,none,False,False,0
d39674abc5,NL,none,False,False,0
15e8c8e54c,NL,none,False,False,0
9de7c8ac69,NL,none,False,False,0
7f24d4dc73,NL,lei_declared,True,False,1
1caa364af2,NL,none,False,False,0
1dfecc9833,NL,none,False,False,0
81322bbaa0,NL,lei_declared,True,False,1
50eae2510f,NL,lei_declared,True,False,1
68386a6e5b,NL,lei_declared,True,False,1
31c3e27e85,NL,lei_declared,True,False,1
89b4418b10,NL,lei_declared,True,False,1
823d0c4678,NL,lei_declared,True,False,1
70cfced9bd,NL,lei_declared,True,False,1
b2a24052f7,NL,none,False,False,0
2d616b3ed6,NL,none,False,False,0
8a3a11a796,NL,lei_declared,True,False,1
22eddd4e0c,NL,register_qualified,True,False,1
1069dea826,NL,none,False,False,0
da6a931a77,NL,none,False,False,0
008f984085,NL,none,False,False,0
ee1515f94a,NL,lei_declared,True,False,1
beb61f4e51,NL,none,False,False,0
8e9b2ac91a,NL,none,False,False,0
4f6f9f1f3a,NL,none,False,False,0
92ad9b510b,NL,none,False,False,0
43501c3f70,NL,none,False,False,0
3198208203,NL,none,False,False,0
0c09f84b94,NL,none,False,False,0
70a2469e75,NL,none,False,False,0
4629b61180,NL,none,False,False,0
0637499eca,NL,register_qualified,True,False,1
f21566f1db,NL,none,False,False,0
d94e478ac4,NL,lei_declared,True,False,1
3fca13215e,NL,lei_declared,True,False,1
5d9e715883,NL,lei_declared,True,False,1
83757498e6,NL,none,False,False,0
b240d73b71,NL,none,False,False,0
9a22087871,NL,none,False,False,0
2c2e3ede1e,NL,lei_declared,True,False,1
69316d74a6,NL,register_qualified,True,False,1
7e97f5a059,NL,none,False,False,0
0f1cfbab96,NL,none,False,False,0
656562389f,NL,none,False,False,0
afe84bc3b0,NL,none,False,False,0
37e693a27e,NL,none,False,False,0
0fe3119ebc,NL,none,False,False,0
d93bfd50a3,NL,none,False,False,0
539e783964,NL,none,False,False,0
7c32055a2b,NL,register_qualified,True,False,1
caa20855b9,NL,none,False,False,0
e861653f7b,NL,lei_declared,True,False,1
c22f437007,NL,none,False,False,0
928f5941b5,NL,none,False,False,0
595d1b260a,NL,lei_declared,True,False,1
e6b6444bf4,NL,register_qualified,True,False,1
5e10d90d06,NL,lei_declared,True,False,1
3872a9c61d,NL,lei_declared,True,False,1
e3d75de889,NL,none,False,False,0
072ad82565,NL,none,False,False,0
84b265b2d5,NL,none,False,False,0
c6e902b67c,NL,none,False,False,0
dac968df5b,NL,none,False,False,0
9085ef758d,NL,none,False,False,0
01798b48cf,NL,none,False,False,0
bd76da76cf,NL,none,False,False,0
939cadf95b,NL,none,False,False,0
8fa27c347e,NL,none,False,False,0
6025c1ae56,NL,none,False,False,0
35b131a286,NL,register_qualified,True,False,1
36a5c6aab1,NL,none,False,False,0
bae44e5596,NL,none,False,False,0
a96a28a8a0,NL,none,False,False,0
d739abece6,NL,lei_declared,True,False,1
008f3d6648,NL,none,False,False,0
f8b54ac626,NL,none,False,False,0
3025984c07,NL,none,False,False,0
a9bf0f83c4,NL,lei_declared,True,False,1
dca1c054c0,NL,lei_declared,True,False,1
0a013d7a1a,NL,none,False,False,0
bc48297289,NL,register_qualified,True,False,1
37ba4d9144,NL,none,False,False,0
b07f500f35,NL,lei_declared,True,False,1
4f7fd2223a,NL,lei_declared,True,False,1
bf2849bc71,NL,none,False,False,0
8ca0633928,NL,lei_declared,True,False,1
2e05ee885e,NL,none,False,False,0
c3731b72f3,NL,none,False,False,0
3ece7006da,NL,none,False,False,0
08639029b1,NL,lei_declared,True,False,1
47632d96f4,NL,none,False,False,0
7f30591754,NL,none,False,False,0
1c6f8d3e56,NL,none,False,False,0
f86cc571d6,NL,none,False,False,0
7c3cc8145a,NL,none,False,False,0
c0b30e4403,NL,none,False,False,0
4350622a7b,NL,none,False,False,0
2a79063b38,NL,none,False,False,0
0d2b39bd7d,NL,none,False,False,0
7e863b7306,NL,none,False,False,0
5fb91e3b73,NL,none,False,False,0
b65b5a0d25,NL,none,False,False,0
e6dfcd6bd0,NL,none,False,False,0
3c916bc25c,NL,none,False,False,0
964099a5e1,NL,none,False,False,0
830f5bd68f,NL,none,False,False,0
d2a7a46de0,NL,none,False,False,0
fc377c57dc,NL,none,False,False,0
5044bd5682,NL,none,False,False,0
2a3567d3e1,NL,lei_declared,True,False,1
0201f841be,NL,lei_declared,True,False,1
278ae2ec06,NL,lei_declared,True,False,1
afbd46320c,NL,none,False,False,0
e0111eec97,NL,none,False,False,0
b8c23cc009,NL,register_qualified,True,False,1
1c09a58cc5,NL,none,False,False,0
202b7ec3c7,NL,none,False,False,0
fe1c9d7f89,NL,none,False,False,0
dc6aa1a5ee,NL,none,False,False,0
2d4e843cc4,NL,none,False,False,0
144340854c,NL,none,False,False,0
074e9666d1,NL,none,False,False,0
142c618f03,NL,none,False,False,0
c2eb307a8a,NL,none,False,False,0
e43200ae91,NL,none,False,False,0
1d7871a3bc,NL,none,False,False,0
877de2ad7d,NL,none,False,False,0
4fb02fab5b,NL,none,False,False,0
0f240df9b5,NL,none,False,False,0
c824bafcd8,NL,register_qualified,True,False,1
bfc03ea3a7,NL,none,False,False,0
f96d08a504,NL,lei_declared,True,False,1
299edbba89,NL,none,False,False,0
90a281f111,NL,lei_declared,True,False,1
2e9fba6b96,NL,none,False,False,0
34ae6feb8a,NL,lei_declared,True,False,1
2830bc2ce0,NL,lei_declared,True,False,1
2700c31ed6,NL,none,False,False,0
2ecc1d0f58,NL,none,False,False,0
c5944c9873,NL,none,False,False,0
0aaab59114,NL,lei_declared,True,False,1
e319baf2a1,NL,none,False,False,0
212ad41e13,NL,none,False,False,0
9b7694759e,NL,none,False,False,0
649fcbcc10,NL,none,False,False,0
dcef8cd3cd,NL,none,False,False,0
377ac101fc,NL,none,False,False,0
13db523918,NL,none,False,False,0
d840198392,NL,register_qualified,True,False,1
3092ca7ea6,NL,none,False,False,0
35b6d16bb0,NL,none,False,False,0
d2a875a110,NL,register_qualified,True,False,1
6264439675,NL,lei_declared,True,False,1
a0ca6e6ae0,NL,register_qualified,True,False,1
4562339712,NL,register_qualified,True,False,1
053cec4c60,NL,none,False,False,0
d62bb2dc5f,NL,register_qualified,True,False,1
190ca96122,NL,lei_declared,True,False,1
0cfa6f2b20,NL,register_qualified,True,False,1
95e81da314,NL,none,False,False,0
e9a3d88459,NL,lei_declared,True,False,1
04ba860d33,NL,lei_declared,True,False,1
036556d036,NL,none,False,False,0
c298f76c4c,NL,none,False,False,0
3addc2d54b,NL,none,False,False,0
72af5b7c22,NL,register_qualified,True,False,1
16a51de78a,NL,register_qualified,True,False,1
ecfcf7c695,NL,none,False,False,0
5356ccaa7e,NL,register_qualified,True,False,1
7ed46ea428,NL,none,False,False,0
2d4f4f7e88,NL,none,False,False,0
637def53e3,NL,lei_declared,True,False,1
b600a9aa2b,NL,none,False,False,0
64a5faff58,NL,lei_declared,True,False,1
8ed2bd5f4e,NL,none,False,False,0
50cef1b85a,NL,register_qualified,True,False,1
313da52eef,NL,register_qualified,True,False,1
2df1062f20,NL,lei_declared,True,False,1
14a4e3585b,NL,lei_declared,True,False,1
0e1e0f196d,NL,none,False,False,0
1ab48580db,NL,none,False,False,0
d151f3b85c,NL,none,False,False,0
61aaa90de6,NL,none,False,False,0
226d8e55e8,NL,none,False,False,0
3d4ba28d8c,NL,none,False,False,0
3ef7305ee9,NL,none,False,False,0
0e94988fdf,NL,none,False,False,0
f7e7218224,NL,none,False,False,0
b69f74e233,NL,lei_declared,True,False,1
09b7d7b7d5,NL,none,False,False,0
aae31b2511,NL,none,False,False,0
5f694a1a25,NL,none,False,False,0
e13483ca63,NL,register_qualified,True,False,1
0f6603f648,NL,none,False,False,0
6eb0e9006c,NL,lei_declared,True,False,1
a66ae05674,NL,none,False,False,0
e0134bbdc0,NL,lei_declared,True,False,1
69af0cb977,NL,lei_declared,True,False,1
daf77c9e13,NL,none,False,False,0
2a9c4e32bd,NL,none,False,False,0
4ab9578a38,NL,none,False,False,0
c30bcb8cae,NL,none,False,False,0
65ed4c7bca,NL,none,False,False,0
c7e46f4b5d,NL,lei_declared,True,False,1
5ff2d75ac7,NL,register_qualified,True,False,1
df8d4f5839,NL,none,False,False,0
9bc73c3413,NL,none,False,False,0
b157c17a23,NL,none,False,False,0
d3e66f3da6,NL,none,False,False,0
58c3c12b64,NL,none,False,False,0
7480e1481f,NL,register_qualified,True,False,1
75e4a39c36,NL,lei_declared,True,False,1
42d4db7b57,NL,none,False,False,0
352b30f511,NL,lei_declared,True,False,1
3e7b052ef0,NL,register_qualified,True,False,1
07d78cfe2d,NL,register_qualified,True,False,1
8fdadfc5fb,NL,none,False,False,0
cb00beb2bf,NL,none,False,False,0
157ec87c6d,NL,lei_declared,True,False,1
4f88c1a441,NL,lei_declared,True,False,1
e0ef0c2443,NL,none,False,False,0
624c698b37,NL,none,False,False,0
4543645426,NL,lei_declared,True,False,1
c4379c6615,NL,register_qualified,True,False,1
638e39d5cc,NL,lei_declared,True,False,1
fcd81aef9d,NL,register_qualified,True,False,1
b3d9283cf8,NL,lei_declared,True,False,1
c93e6c1aa9,NL,none,False,False,0
713609db70,NL,none,False,False,0
7ea898706d,NL,lei_declared,True,False,1
8a8edee71d,NL,lei_declared,True,False,1
598b12cbd7,NL,none,False,False,0
85860c06b1,NL,none,False,False,0
58f6162584,NL,none,False,False,0
10875430b5,NL,lei_declared,True,False,1
a9d136d157,NL,lei_declared,True,False,1
39c2180bc9,NL,lei_declared,True,False,1
7cbb877aa2,NL,none,False,False,0
7d6624b31b,NL,none,False,False,0
5b45e5862a,NL,none,False,False,0
ef2b6b4dc0,NL,none,False,False,0
34c4833514,NL,none,False,False,0
7b0d6fecd7,NL,none,False,False,0
b2464bc5ae,NL,none,False,False,0
ec7af3eecf,NL,none,False,False,0
6cfddec6db,NL,none,False,False,0
516176bcae,NL,none,False,False,0
9d89d35a8b,NL,none,False,False,0
08d9caaaf8,NL,none,False,False,0
b8c6935790,NL,none,False,False,0
a322519655,NL,none,False,False,0
38c48dfdb9,NL,none,False,False,0
bdc4efcfac,NL,none,False,False,0
b9832cde3d,NL,none,False,False,0
8ea25b06cb,NL,none,False,False,0
43257b4774,NL,none,False,False,0
536c0f5878,NL,register_qualified,True,False,1
d9b459cd62,NL,none,False,False,0
3fcb1561bf,NL,none,False,False,0
02a80194fb,NL,lei_declared,True,False,1
8c005acb31,NL,lei_declared,True,False,1
d7034f07f0,NL,register_qualified,True,False,1
2433119d4a,NL,none,False,False,0
a2b84cb4bc,NL,register_qualified,True,False,1
d4f3d3dec3,NL,lei_declared,True,False,1
4f7b63e786,NL,none,False,False,0
f2e0050d14,NL,none,False,False,0
7587f1bddb,NL,none,False,False,0
b7594d2250,NL,none,False,False,0
d805374d83,NL,none,False,False,0
03f552ef8f,NL,none,False,False,0
b7e190bc8f,NL,none,False,False,0
f2c557854a,NL,register_qualified,True,False,1
7b1404c7ce,NL,none,False,False,0
81a1921323,NL,none,False,False,0
9b4fdf87e1,NL,none,False,False,0
ca7d950892,NL,none,False,False,0
47d62fc2a8,NL,none,False,False,0
216b9b41f8,NL,none,False,False,0
96a20d53f0,NL,register_qualified,True,False,1
1cdc2cb38b,NL,none,False,False,0
229140cf15,NL,register_qualified,True,False,1
33a6e8a132,NL,none,False,False,0
12c69f6c90,NL,none,False,False,0
ef3ffe7c1a,NL,none,False,False,0
55f8006f52,NL,none,False,False,0
fe9814bedc,NL,none,False,False,0
1907a73012,NL,none,False,False,0
eac7d58036,NL,none,False,False,0
26929c1bbd,NL,lei_declared,True,False,1
f8f26d4a5c,NL,none,False,False,0
15494b7c65,NL,none,False,False,0
9fd314b686,NL,none,False,False,0
60beb0df29,NL,none,False,False,0
b3535d9c4e,NL,lei_declared,True,False,1
608fa42d26,NL,none,False,False,0
1cda6d8c92,NL,none,False,False,0
0fa9ae018f,NL,none,False,False,0
2ee22dc61a,NL,none,False,False,0
c818e60f22,NL,none,False,False,0
34c0a69b30,NL,none,False,False,0
6bbe23d87e,NL,none,False,False,0
bc60735c93,NL,none,False,False,0
35f71bf677,NL,none,False,False,0
56730ef0fa,NL,lei_declared,True,False,1
4ef78a5b3a,NL,none,False,False,0
def60823b7,NL,none,False,False,0
99c065edb6,NL,lei_declared,True,False,1
63fc7ecdac,NL,none,False,False,0
a5bb10d252,NL,lei_declared,True,False,1
770f008e59,NL,none,False,False,0
24dcfd4dbd,NL,none,False,False,0
0a2315952c,NL,none,False,False,0
5f64e17568,NL,none,False,False,0
eca0f82db2,NL,none,False,False,0
ad08603f45,NL,none,False,False,0
61cff014fb,NL,lei_declared,True,False,1
176ee6de65,NL,none,False,False,0
ec98a4eae7,NL,none,False,False,0
e95637314b,NL,register_qualified,True,False,1
e31eaf33cb,NL,none,False,False,0
61c7c10602,NL,register_qualified,True,False,1
fc383494d5,NL,lei_declared,True,False,1
d7bff425dd,NL,register_qualified,True,False,1
d42b7c33b5,NL,none,False,False,0
8eb435e80c,NL,none,False,False,0
fbd3e99bf0,NL,none,False,False,0
455951d222,NL,none,False,False,0
f3d52cb12b,NL,none,False,False,0
3d8880393e,NL,register_qualified,True,False,1
8e3f07a3cb,NL,lei_declared,True,False,1
1687862859,NL,register_qualified,True,False,1
5e8d5cc551,NL,none,False,False,0
0eaf6891da,NL,none,False,False,0
0eb109730d,NL,none,False,False,0
066df01f2a,NL,none,False,False,0
cccc4e2ba1,NL,none,False,False,0
996f6ad1fc,NL,none,False,False,0
f9bff37eae,NL,register_qualified,True,False,1
1ecceb06ca,NL,none,False,False,0
c88609aead,NL,none,False,False,0
6ec73cd32c,NL,none,False,False,0
8a4934595b,NL,register_qualified,True,False,1
bbfa3f2598,NL,none,False,False,0
0e845d820d,NL,none,False,False,0
787421d6a5,NL,none,False,False,0
2cfd522acc,NL,none,False,False,0
64c65f8015,NL,register_qualified,True,False,1
311b310099,NL,lei_declared,True,False,1
c22966dfe7,NL,none,False,False,0
d7508f057a,NL,lei_declared,True,False,1
36c7584a1b,NL,none,False,False,0
72cefe3502,NL,register_qualified,True,False,1
052b74b364,NL,lei_declared,True,False,1
75e68e0bb9,NL,none,False,False,0
a1cb5c296f,NL,none,False,False,0
5e1d4b9d14,NL,none,False,False,0
0b33e05af0,NL,none,False,False,0
22db3f1685,NL,none,False,False,0
77aa085e5c,NL,none,False,False,0
39cce2d404,NL,none,False,False,0
0c5b6351cd,NL,none,False,False,0
71d6e46366,NL,none,False,False,0
873e6bc1f7,NL,none,False,False,0
efd6e275b4,NL,none,False,False,0
602b306ff2,NL,register_qualified,True,False,1
df06e8f233,NL,none,False,False,0
39ef547e88,NL,none,False,False,0
f2ba0e2eeb,NL,none,False,False,0
4fa19362c1,NL,lei_declared,True,False,1
5bd9bb2c7d,NL,register_qualified,True,False,1
6158109524,NL,register_qualified,True,False,1
4f71d4dd15,NL,none,False,False,0
357989ebd4,NL,lei_declared,True,False,1
62f7ee70cc,NL,none,False,False,0
de033c29b4,NL,none,False,False,0
26d2811f63,NL,none,False,False,0
cfa6ce53b7,NL,none,False,False,0
aa20487a78,NL,lei_declared,True,False,1
7b00787d66,NL,none,False,False,0
5053b587a4,NL,none,False,False,0
e41fb893c6,NL,none,False,False,0
57535bdd42,NL,none,False,False,0
649ce27a16,NL,none,False,False,0
9f4d478f19,NL,none,False,False,0
590ba35c13,NL,none,False,False,0
eafbb3b511,NL,none,False,False,0
b2b98364a0,NL,lei_declared,True,False,1
66c193bc6d,NL,lei_declared,True,False,1
5d48c10996,NL,none,False,False,0
2ae648022c,NL,none,False,False,0
736b4621e0,NL,lei_declared,True,False,1
670f136911,NL,none,False,False,0
f1b6ff349d,NL,none,False,False,0
8e49540c0a,NL,register_qualified,True,False,1
1231156469,NL,lei_declared,True,False,1
ebc3279752,NL,none,False,False,0
973ba494db,NL,lei_declared,True,False,1
7366ff2a9b,NL,none,False,False,0
4725f1ed63,NL,none,False,False,0
cbaf30f885,NL,register_qualified,True,False,1
31a8252faa,NL,none,False,False,0
a6d4a71161,NL,lei_declared,True,False,1
d4684aefbd,NL,none,False,False,0
46c527c347,NL,none,False,False,0
fa416f9164,NL,none,False,False,0
74de258985,NL,none,False,False,0
172c368a62,NL,none,False,False,0
bf5e7390e5,NL,none,False,False,0
49ae5778e2,NL,none,False,False,0
19df5021d1,NL,none,False,False,0
8125a55e54,NL,none,False,False,0
3dea1c65ef,NL,lei_declared,True,False,1
50d9d28981,NL,register_qualified,True,False,1
0c80f9ee1a,NL,none,False,False,0
0f91b9eb9d,NL,none,False,False,0
ffcc0aad74,NL,none,False,False,0
16f0f5e41e,NL,none,False,False,0
9e96472f4e,NL,register_qualified,True,False,1
252c6131f7,NL,none,False,False,0
1dbf16026e,NL,lei_declared,True,False,1
14df91f00b,NL,lei_declared,True,False,1
78af900e5f,NL,none,False,False,0
47b0a232c0,NL,lei_declared,True,False,1
0839d7f9b4,NL,none,False,False,0
3cecdfbb8c,NL,none,False,False,0
2a3dff3c75,NL,lei_declared,True,False,1
3f2f787634,NL,register_qualified,True,False,1
c907b545a0,NL,register_qualified,True,False,1
e502fea490,NL,none,False,False,0
bd33f7ccc8,NL,none,False,False,0
e98e4ff35c,NL,none,False,False,0
6a5b82f789,NL,none,False,False,0
aacb35dca0,NL,none,False,False,0
a11cff6da6,NL,lei_declared,True,False,1
b9fed3baef,NL,register_qualified,True,False,1
e1c1f27393,NL,none,False,False,0
99ef8ea5a3,NL,none,False,False,0
ad68fb7e48,NL,none,False,False,0
6ce0058352,NL,lei_declared,True,False,1
cdbbf4e69a,NL,lei_declared,True,False,1
71017c8252,NL,none,False,False,0
2b744bcd9b,NL,none,False,False,0
ddac6e44c3,NL,lei_declared,True,False,1
744786f4a5,NL,lei_declared,True,False,1
c9e2a1371d,NL,none,False,False,0
7e3a1353ea,NL,none,False,False,0
1be6833978,NL,none,False,False,0
d51aa2adb6,NL,register_qualified,True,False,1
4a97d12edc,NL,none,False,False,0
0a8f801388,NL,none,False,False,0
5a96657d95,NL,none,False,False,0
58b8c9ef44,NL,none,False,False,0
3629f326fc,NL,none,False,False,0
4880f5e09d,NL,lei_declared,True,False,1
fca40c7ac8,NL,none,False,False,0
35c5f7c5e7,NL,lei_declared,True,False,1
cc2460e459,NL,none,False,False,0
a770105a99,NL,none,False,False,0
69930e7d15,NL,none,False,False,0
838b178da2,NL,register_qualified,True,False,1
d3dab204da,NL,none,False,False,0
01bc8b7fbb,NL,lei_declared,True,False,1
a8f3d6b183,NL,none,False,False,0
c2484f6fe0,NL,register_qualified,True,False,1
87a893e505,NL,none,False,False,0
568df43c4c,NL,none,False,False,0
cab8ccada6,NL,none,False,False,0
e6bea8b083,NL,none,False,False,0
61b136de9f,NL,none,False,False,0
29221e3f2d,NL,none,False,False,0
cda6b88553,NL,none,False,False,0
f7c4fcef22,NL,none,False,False,0
e7340ad443,NL,none,False,False,0
192bc6ac0d,NL,none,False,False,0
fe8f14e786,NL,register_qualified,True,False,1
02a9987cea,NL,lei_declared,True,False,1
03c0c69a8d,NL,none,False,False,0
abd4b546be,NL,none,False,False,0
9ff5b8c15b,NL,none,False,False,0
5d51fc2b9f,NL,register_qualified,True,False,1
c9b90cd52e,NL,none,False,False,0
e01e3c9dca,NL,none,False,False,0
f5c9a94b67,NL,register_qualified,True,False,1
5e281c1f69,NL,register_qualified,True,False,1
8c5a7bb9b6,NL,register_qualified,True,False,1
4e432c119f,NL,none,False,False,0
fb0f8d3e12,NL,none,False,False,0
08dceb7250,NL,lei_declared,True,False,1
50f8c9ebba,NL,none,False,False,0
9bcef1a444,NL,none,False,False,0
2e474efa81,NL,none,False,False,0
0c99b468dc,NL,none,False,False,0
978b0a5b58,NL,none,False,False,0
fe3b34d8ea,NL,lei_declared,True,False,1
c5806eda00,NL,lei_declared,True,False,1
2bdeaf0f54,NL,none,False,False,0
3bdb3de3dc,NL,register_qualified,True,False,1
9e45ca04a3,NL,none,False,False,0
476e2e64a8,NL,none,False,False,0
2df86879ef,NL,none,False,False,0
60a1c5389f,NL,none,False,False,0
bbcce2addd,NL,register_qualified,True,False,1
de9bd13ff3,NL,none,False,False,0
d8818e3dda,NL,register_qualified,True,False,1
ee5c91af5a,NL,none,False,False,0
e4772f284c,NL,none,False,False,0
eb4de9fb2c,NL,none,False,False,0
beb9e80f97,NL,lei_declared,True,False,1
41ea705020,NL,none,False,False,0
365dd7abe2,NL,none,False,False,0
c329180694,NL,none,False,False,0
909ee0b762,NL,none,False,False,0
a0f64f935b,NL,none,False,False,0
78d83c31f4,NL,none,False,False,0
b7e2fe821c,NL,lei_declared,True,False,1
ea1d769f14,NL,none,False,False,0
3373364924,NL,none,False,False,0
59579a9b60,NL,lei_declared,True,False,1
07384f5124,NL,none,False,False,0
998556153b,NL,lei_declared,True,False,1
5c95315dde,NL,lei_declared,True,False,1
8f6612d150,NL,none,False,False,0
0b48f681e8,NL,none,False,False,0
ab502f3aa5,NL,none,False,False,0
39fa96f6d6,NL,none,False,False,0
8fae8c8ac5,NL,none,False,False,0
d682d0536c,NL,none,False,False,0
57b3a3f23a,NL,none,False,False,0
a0c6d93c52,NL,none,False,False,0
b1f89d0ee0,NL,none,False,False,0
7bc1d1da55,NL,none,False,False,0
dc74f127f6,NL,none,False,False,0
3e8ca5863e,NL,none,False,False,0
412b80b373,NL,none,False,False,0
9fc4569847,NL,none,False,False,0
60d3c233c1,NL,none,False,False,0
b08349fad9,NL,none,False,False,0
b20aaa950a,NL,register_qualified,True,False,1
ad716948f4,NL,none,False,False,0
5217278558,NL,none,False,False,0
dd80045147,NL,none,False,False,0
9aaba5d96b,NL,none,False,False,0
fd728bdf1f,NL,none,False,False,0
32a4b578e7,NL,none,False,False,0
cb41ed1379,NL,none,False,False,0
132f733614,NL,none,False,False,0
b5efe3d345,NL,lei_declared,True,False,1
30e8255878,NL,register_qualified,True,False,1
0a4acb0ea9,NL,register_qualified,True,False,1
50911bcc51,NL,lei_declared,True,False,1
59a4c69839,NL,lei_declared,True,False,1
c93617a5e0,NL,lei_declared,True,False,1
bb933393dc,NL,none,False,False,0
ee20ca96a3,NL,register_qualified,True,False,1
53035a314c,NL,none,False,False,0
526a93a828,NL,lei_declared,True,False,1
560edae2c3,NL,none,False,False,0
e5ea6eff05,NL,none,False,False,0
6e766b16a8,NL,none,False,False,0
b1b21fa906,NL,none,False,False,0
f901e2c6aa,NL,none,False,False,0
504807e40d,NL,none,False,False,0
4a2c4ef325,NL,none,False,False,0
1332472171,NL,register_qualified,True,False,1
98fb2299a5,NL,none,False,False,0
fbd16b35af,NL,none,False,False,0
3b737b29b7,NL,lei_declared,True,False,1
d9a609491f,NL,none,False,False,0
65fde89fc1,NL,none,False,False,0
a180dfb7d6,NL,none,False,False,0
5c6bb33f69,NL,none,False,False,0
10427e3d26,NL,none,False,False,0
edefe0a9fd,NL,none,False,False,0
5cadbe7d54,NL,none,False,False,0
a2c532102f,NL,none,False,False,0
097c12190b,NL,lei_declared,True,False,1
87faf7f39c,NL,register_qualified,True,False,1
657ebac0b7,NL,none,False,False,0
db058e071f,NL,none,False,False,0
2c986c54a1,NL,none,False,False,0
7d7da5ad79,NL,none,False,False,0
b23b6b3673,NL,none,False,False,0
29b58a1658,NL,none,False,False,0
50c3ed26c0,NL,none,False,False,0
e4f6786768,NL,none,False,False,0
2b9449be19,NL,none,False,False,0
87186fdd4d,NL,none,False,False,0
cd728b2691,NL,none,False,False,0
5eb2dcec97,NL,none,False,False,0
754ec0bf3f,NL,none,False,False,0
a1e4bdceae,NL,none,False,False,0
6368013f42,NL,lei_declared,True,False,1
b6dab018d4,NL,none,False,False,0
afc8957090,NL,lei_declared,True,False,1
b0dfcf505b,NL,lei_declared,True,False,1
d80a7273d4,NL,lei_declared,True,False,1
3501f00fac,NL,lei_declared,True,False,1
0144872a8f,NL,register_qualified,True,False,1
81328be01a,NL,none,False,False,0
3958ab59a9,NL,none,False,False,0
8fb5bd4d93,NL,none,False,False,0
3f2aeeddd4,NL,none,False,False,0
e9192548be,NL,none,False,False,0
a5b83dd336,NL,none,False,False,0
6bc71abdae,NL,register_qualified,True,False,1
d17aa9f783,NL,lei_declared,True,False,1
e7e3ac7886,NL,lei_declared,True,False,1
6b775de576,NL,lei_declared,True,False,1
3354b033fc,NL,lei_declared,True,False,1
90e2fbea86,NL,none,False,False,0
846cbb1bfd,NL,lei_declared,True,False,1
a71f8b9f4d,NL,none,False,False,0
d93e526cb6,NL,none,False,False,0
3555e67e90,NL,none,False,False,0
d5b695dcd3,NL,none,False,False,0
8767c8f36e,NL,none,False,False,0
f2cd61e447,NL,lei_declared,True,False,1
2f92a0c976,NL,none,False,False,0
7ef5f5b7d7,NL,none,False,False,0
a0ce19c175,NL,none,False,False,0
54e6899794,NL,register_qualified,True,False,1
5ec4aa9d36,NL,none,False,False,0
f78d81dcef,NL,none,False,False,0
d1f74ef5f6,NL,none,False,False,0
6ab37e1ec7,NL,register_qualified,True,False,1
7ac8e8c9a9,NL,none,False,False,0
81e4f44e11,NL,lei_declared,True,False,1
03785fc028,NL,none,False,False,0
28f0f01b05,NL,register_qualified,True,False,1
d5b8bb9356,NL,none,False,False,0
c61d79273f,NL,register_qualified,True,False,1
673d7d57f9,NL,none,False,False,0
832718f2b3,NL,lei_declared,True,False,1
9faa1a97ce,NL,none,False,False,0
55c7031a9a,NL,none,False,False,0
1727ad49e9,NL,lei_declared,True,False,1
0ec39e98ca,NL,register_qualified,True,False,1
c0db7e2ce6,NL,register_qualified,True,False,1
ef99f4874a,NL,none,False,False,0
b910f99ddf,NL,none,False,False,0
a8e0e532e4,NL,lei_declared,True,False,1
2924d45919,NL,register_qualified,True,False,1
dbff317164,NL,lei_declared,True,False,1
feeda2ea95,NL,lei_declared,True,False,1
a256f22cb5,NL,none,False,False,0
0dd62865f8,NL,none,False,False,0
c60734fd3d,NL,lei_declared,True,False,1
09d631c43e,NL,lei_declared,True,False,1
1c7b4e4116,NL,none,False,False,0
16f6b9d657,NL,lei_declared,True,False,1
478ad76dac,NL,none,False,False,0
5a8f916c91,NL,lei_declared,True,False,1
95efdc983e,NL,register_qualified,True,False,1
fd3c154e38,NL,none,False,False,0
ead91181d6,NL,none,False,False,0
d8f30717d6,NL,none,False,False,0
1c04dcecf6,NL,lei_declared,True,False,1
e82bdcf729,NL,lei_declared,True,False,1
605bdcd827,NL,lei_declared,True,False,1
e204253da5,NL,lei_declared,True,False,1
3ff9425288,NL,lei_declared,True,False,1
aa6ab34e8d,NL,none,False,False,0
47e2261a00,NL,none,False,False,0
d677667d12,NL,none,False,False,0
e2a4ac4cb1,NL,none,False,False,0
7fc31955f4,NL,none,False,False,0
bb51ba8010,NL,lei_declared,True,False,1
d67c093b8e,NL,lei_declared,True,False,1
d20f9c3d6d,NL,none,False,False,0
297eb8c170,NL,none,False,False,0
f17368a13b,NL,none,False,False,0
b2bdcda407,NL,none,False,False,0
f85fea9d2c,NL,lei_declared,True,False,1
c9690d245e,NL,none,False,False,0
93bc879bf8,NL,lei_declared,True,False,1
0d2339679b,NL,none,False,False,0
d0d01d94b1,NL,none,False,False,0
9b9bc76310,NL,none,False,False,0
d7a8bb2438,NL,none,False,False,0
35936ef53f,NL,none,False,False,0
9b794edca0,NL,lei_declared,True,False,1
3c0540c463,NL,none,False,False,0
bf53a4a01a,NL,none,False,False,0
443c8f59e6,NL,none,False,False,0
77f42ab835,NL,register_qualified,True,False,1
30328ee01c,NL,none,False,False,0
115e922581,NL,lei_declared,True,False,1
7d26419e7a,NL,none,False,False,0
0d2e7aad87,NL,none,False,False,0
ca2fe5c63f,NL,none,False,False,0
ed7a1104d2,NL,none,False,False,0
5ffb97bb0f,NL,lei_declared,True,False,1
96b70a19c9,NL,none,False,False,0
08982ec57f,NL,register_qualified,True,False,1
2f1cfd3ecb,NL,lei_declared,True,False,1
145760a265,NL,register_qualified,True,False,1
507d7917b5,NL,none,False,False,0
f8a3f33986,NL,lei_declared,True,False,1
e7bd20666e,NL,register_qualified,True,False,1
6ad084aa84,NL,none,False,False,0
3cf9d32bae,NL,none,False,False,0
636150b1e4,NL,register_qualified,True,False,1
81d7140b1a,NL,none,False,False,0
aa80d41231,NL,lei_declared,True,False,1
597400e98c,NL,none,False,False,0
4a4c7c543b,NL,none,False,False,0
6b142fb9fb,NL,none,False,False,0
cc80a7e726,NL,lei_declared,True,False,1
b6dbd68a2a,NL,none,False,False,0
a07594cc8d,NL,none,False,False,0
3130e7b36d,NL,lei_declared,True,False,1
609386fbeb,NL,none,False,False,0
0b0ca1c361,NL,none,False,False,0
49423e6d5b,NL,none,False,False,0
7fb8f6d619,NL,none,False,False,0
1ca4f08108,NL,none,False,False,0
9c38a302ac,NL,none,False,False,0
1d49da8039,NL,none,False,False,0
5c860d5d70,NL,register_qualified,True,False,1
675fefec9a,NL,none,False,False,0
f81e88908a,NL,none,False,False,0
bd1f62686f,NL,register_qualified,True,False,1
17eda4b303,NL,register_qualified,True,False,1
feb1789817,NL,none,False,False,0
bea77cd9c3,NL,register_qualified,True,False,1
4e40f04519,NL,lei_declared,True,False,1
ede4688636,NL,none,False,False,0
9d3a1fcb64,NL,register_qualified,True,False,1
721bf0163a,NL,none,False,False,0
be4d3c1569,NL,none,False,False,0
1a40b2cd7b,NL,none,False,False,0
f52900f21d,NL,none,False,False,0
49d0813ba5,NL,none,False,False,0
2d9a7760ff,NL,none,False,False,0
752baa0172,NL,none,False,False,0
e41a48d2ae,NL,lei_declared,True,False,1
febbd42c07,NL,lei_declared,True,False,1
ca9a1fd4b0,NL,register_qualified,True,False,1
52d0ccb4e7,NL,none,False,False,0
62b92a92c1,NL,lei_declared,True,False,1
7f07e97927,NL,register_qualified,True,False,1
59c9a0f08e,NL,register_qualified,True,False,1
3981d2e62a,NL,none,False,False,0
a5892e5839,NL,none,False,False,0
cb35eb97ff,NL,register_qualified,True,False,1
838d848db4,NL,none,False,False,0
a16c2b2fbb,NL,none,False,False,0
fac8d3457b,NL,none,False,False,0
a8bbe23534,NL,none,False,False,0
9a248d9fe5,NL,none,False,False,0
4dbb25bcc5,NL,register_qualified,True,False,1
c23ea2fd31,NL,none,False,False,0
1f11288c21,NL,none,False,False,0
aa0a6aa359,NL,lei_declared,True,False,1
cfdc917c47,NL,none,False,False,0
3857aeba47,NL,register_qualified,True,False,1
2b09435b9a,NL,lei_declared,True,False,1
1123e4b348,NL,none,False,False,0
bcb893e6e2,NL,none,False,False,0
47781e4160,NL,register_qualified,True,False,1
e6c0047dea,NL,lei_declared,True,False,1
a3f9631959,NL,none,False,False,0
21206f4e29,NL,lei_declared,True,False,1
178d871e69,NL,lei_declared,True,False,1
9b987e338d,NL,lei_declared,True,False,1
42382880e4,NL,register_qualified,True,False,1
27fdff05be,NL,lei_declared,True,False,1
4ef675dc16,NL,register_qualified,True,False,1
63d61955ad,NL,lei_declared,True,False,1
e9820ba6fe,NL,none,False,False,0
4083a88ada,NL,lei_declared,True,False,1
95b221aa1c,NL,lei_declared,True,False,1
f6c9e58be0,NL,register_qualified,True,False,1
61bd896162,NL,register_qualified,True,False,1
9750c3434a,NL,none,False,False,0
96facc3ccc,NL,lei_declared,True,False,1
e528da76d0,NL,none,False,False,0
7e97cf8b69,NL,none,False,False,0
29508c9f25,NL,none,False,False,0
206be5b9a1,NL,lei_declared,True,False,1
1ed8225f2d,NL,register_qualified,True,False,1
71a4115065,NL,lei_declared,True,False,1
c1d6e2fde1,NL,register_qualified,True,False,1
5a2e81d70f,NL,none,False,False,0
7d52744153,NL,none,False,False,0
daaeca4c65,NL,none,False,False,0
4e66e416d1,NL,lei_declared,True,False,1
ac9ff74ff2,NL,lei_declared,True,False,1
be84ba9b3d,NL,lei_declared,True,False,1
43387fd6f7,NL,lei_declared,True,False,1
1bbae3ba2f,NL,none,False,False,0
288c2a17b1,NL,none,False,False,0
a24e30bfd8,NL,none,False,False,0
9dbf7fb1de,NL,none,False,False,0
149bc9d3a8,NL,lei_declared,True,False,1
f8b2e9ffde,NL,lei_declared,True,False,1
e08e11550e,NL,lei_declared,True,False,1
feeddd3a84,NL,none,False,False,0
84ffbae28b,NL,none,False,False,0
e592d42e23,NL,none,False,False,0
9663a60f76,NL,lei_declared,True,False,1
595d80a140,NL,register_qualified,True,False,1
e62ccad5b3,NL,none,False,False,0
74f2beaf25,NL,none,False,False,0
460690870a,NL,register_qualified,True,False,1
a5a5ca6dc5,NL,none,False,False,0
2ad423daee,NL,none,False,False,0
19401dd004,NL,none,False,False,0
6f21e142ff,NL,none,False,False,0
3d26900d5d,NL,none,False,False,0
dcff7b01cb,NL,none,False,False,0
e7827d4cde,NL,none,False,False,0
779c24c3b9,NL,none,False,False,0
1525b184b7,NL,none,False,False,0
b95d10c15f,NL,none,False,False,0
81756a116c,NL,register_qualified,True,False,1
4175712d7a,NL,register_qualified,True,False,1
5f34911471,NL,lei_declared,True,False,1
271d09c06e,NL,lei_declared,True,False,1
e724e7ab46,NL,none,False,False,0
4b26b6627d,NL,none,False,False,0
57c3a35364,NL,none,False,False,0
8454600a9d,NL,none,False,False,0
c54ecad62a,NL,none,False,False,0
94fede8359,NL,none,False,False,0
1cba8290a7,NL,lei_declared,True,False,1
be1408e88e,NL,lei_declared,True,False,1
8b96857fdb,NL,lei_declared,True,False,1
768aa2acb0,NL,none,False,False,0
fe79807b84,NL,none,False,False,0
4f9dd974a8,NL,none,False,False,0
f3689849cf,NL,lei_declared,True,False,1
eb7457f11b,NL,none,False,False,0
c944c084fc,NL,none,False,False,0
b60c37b81b,NL,none,False,False,0
aa2873c602,NL,none,False,False,0
0921624c80,NL,none,False,False,0
0d4fff1dc3,NL,none,False,False,0
cea0175330,NL,none,False,False,0
df2a24e736,NL,none,False,False,0
532764277e,NL,none,False,False,0
75f2de11b2,NL,none,False,False,0
5b8f4bec21,NL,none,False,False,0
310d14b509,NL,none,False,False,0
bdbce0606c,NL,register_qualified,True,False,1
c09848a98b,NL,none,False,False,0
81d8a7c0a6,NL,lei_declared,True,False,1
be01f0e97d,NL,lei_declared,True,False,1
d57ad06f40,NL,none,False,False,0
1f5ecc8a2d,NL,none,False,False,0
fb653d4d61,NL,lei_declared,True,False,1
15989e4a02,NL,none,False,False,0
9d871feab9,NL,lei_declared,True,False,1
afb8a2e52e,NL,lei_declared,True,False,1
9413477e4d,NL,none,False,False,0
5ab3f2f916,NL,none,False,False,0
c57ee6f12b,NL,lei_declared,True,False,1
6858bd32cf,NL,none,False,False,0
eea869df7a,NL,none,False,False,0
f0ae3a6873,NL,none,False,False,0
ee3b022387,NL,none,False,False,0
d3592fb0e0,NL,none,False,False,0
30932057d8,NL,none,False,False,0
157428b50d,NL,none,False,False,0
d1c72c637a,NL,none,False,False,0
04273ad342,NL,register_qualified,True,False,1
80b11c00db,NL,none,False,False,0
38ba606b62,NL,none,False,False,0
61a3d6b54e,NL,lei_declared,True,False,1
1f425ab8ca,NL,none,False,False,0
28101ef7bb,NL,none,False,False,0
c09f248dc9,NL,none,False,False,0
114e4a282d,NL,lei_declared,True,False,1
a77be48c08,NL,lei_declared,True,False,1
752cd33ec6,NL,lei_declared,True,False,1
ceca6fb968,NL,none,False,False,0
56f49136c0,NL,none,False,False,0
f5ddd93040,NL,none,False,False,0
705355064b,NL,register_qualified,True,False,1
8502302558,NL,none,False,False,0
bf65d7d5f6,NL,register_qualified,True,False,1
b57dc20c10,NL,none,False,False,0
3641a3c0e4,NL,lei_declared,True,False,1
0cb0ae5322,NL,register_qualified,True,False,1
b69edda6b0,NL,none,False,False,0
4291fe087b,NL,lei_declared,True,False,1
02e2fbb77a,NL,lei_declared,True,False,1
b45660c250,NL,none,False,False,0
c60e67af21,NL,none,False,False,0
333b0d941c,NL,none,False,False,0
19c1bcd0d0,NL,none,False,False,0
eb4e872865,NL,none,False,False,0
9649feab3a,NL,lei_declared,True,False,1
9fbf10da0b,NL,none,False,False,0
da9d06a3ca,NL,lei_declared,True,False,1
db30ae1b8d,NL,none,False,False,0
69d0f264d4,NL,none,False,False,0
41f2cda3c4,NL,none,False,False,0
a59d180ddf,NL,none,False,False,0
df333aded7,NL,none,False,False,0
b475fc141f,NL,none,False,False,0
e4b8807756,NL,none,False,False,0
7446dbad77,NL,none,False,False,0
4ae2eb411e,NL,none,False,False,0
1d274b8ae7,NL,none,False,False,0
1f6b6a2f1c,NL,none,False,False,0
786f7dd160,NL,none,False,False,0
740d82b20e,NL,none,False,False,0
3417940a91,NL,none,False,False,0
c1fb4207fa,NL,lei_declared,True,False,1
5ca50c6f4c,NL,none,False,False,0
10130d4a16,NL,lei_declared,True,False,1
000419405e,NL,lei_declared,True,False,1
9599ad7fca,NL,none,False,False,0
c6efc73953,NL,none,False,False,0
9887691858,NL,lei_declared,True,False,1
afe2feb1dc,NL,none,False,False,0
18b0beefd8,NL,register_qualified,True,False,1
ec139dfa35,NL,none,False,False,0
a7f658054a,NL,none,False,False,0
a1465155d0,NL,none,False,False,0
f1610abd32,NL,none,False,False,0
aa383fa9d0,NL,none,False,False,0
30f41bb574,NL,none,False,False,0
d924f472bd,NL,none,False,False,0
36eaa9ffaa,NL,none,False,False,0
41d01102a3,NL,none,False,False,0
14928b7ced,NL,none,False,False,0
1a99103d9e,NL,none,False,False,0
9f5b95808f,NL,none,False,False,0
4eb758297c,NL,none,False,False,0
7d4b4270a0,NL,none,False,False,0
b3195b91e2,NL,none,False,False,0
ec37a950d4,NL,none,False,False,0
b9410b56ce,NL,none,False,False,0
8c1b9baead,NL,none,False,False,0
60815df98f,NL,lei_declared,True,False,1
e7de6df05e,NL,none,False,False,0
f25faf3f1d,NL,none,False,False,0
3d6ae1fc19,NL,none,False,False,0
8dc9a9bb7e,NL,none,False,False,0
fcc7d1d432,NL,none,False,False,0
efd8a63d7b,NL,none,False,False,0
117a0eab9b,NL,none,False,False,0
1859f67f92,NL,none,False,False,0
332e15ccea,NL,none,False,False,0
c5f8e56e76,NL,none,False,False,0
31b9ab9b82,NL,none,False,False,0
bf4c82c929,NL,none,False,False,0
c21e051f0d,NL,none,False,False,0
328267da2d,NL,none,False,False,0
cc866c4c8f,NL,none,False,False,0
023aa7db29,NL,none,False,False,0
629a2fe38b,NL,none,False,False,0
092a1961f5,NL,lei_declared,True,False,1
7ab3875d09,NL,register_qualified,True,False,1
2781253110,NL,none,False,False,0
c3f68c56aa,NL,none,False,False,0
53fbde8814,NL,none,False,False,0
6d70b11f81,NL,none,False,False,0
3301185a15,NL,none,False,False,0
2bfbcc1530,NL,lei_declared,True,False,1
7e8b3f0dc0,NL,none,False,False,0
c8825d356e,NL,none,False,False,0
16227235b3,NL,lei_declared,True,False,1
710c7915f0,NL,lei_declared,True,False,1
451b72fda4,NL,lei_declared,True,False,1
b8feca5462,NL,none,False,False,0
e8b3cbc1b2,NL,none,False,False,0
53b6c51e72,NL,none,False,False,0
b2f8600cff,NL,lei_declared,True,False,1
0aec71678e,NL,lei_declared,True,False,1
b3f803edd3,NL,none,False,False,0
c686520699,NL,none,False,False,0
d0a0c3ff8f,NL,none,False,False,0
48bd56e8c4,NL,lei_declared,True,False,1
3cac128357,NL,none,False,False,0
e0f9bf4c3a,NL,none,False,False,0
15ab789bb0,NL,none,False,False,0
c91ccddadb,NL,none,False,False,0
6786530d2c,NL,none,False,False,0
55f03d0f3f,NL,none,False,False,0
d5748a9ccb,NL,none,False,False,0
5720df5691,NL,lei_declared,True,False,1
11825704d9,NL,register_qualified,True,False,1
a6ccb7a930,NL,none,False,False,0
f3bd4bd124,NL,none,False,False,0
b07313b405,NL,none,False,False,0
e05a807cb9,NL,lei_declared,True,False,1
5419e72d50,NL,none,False,False,0
4e30c94a74,NL,none,False,False,0
ec25210a48,NL,none,False,False,0
b503a30933,NL,none,False,False,0
ed0cf5e66b,NL,none,False,False,0
a510633c86,NL,lei_declared,True,False,1
9ffea5f0fa,NL,register_qualified,True,False,1
73fd5d60fc,NL,none,False,False,0
68000a43d5,NL,none,False,False,0
0486e9543f,NL,none,False,False,0
8d9bd4ba41,NL,lei_declared,True,False,1
44d3df90a3,NL,none,False,False,0
bed63400a1,NL,register_qualified,True,False,1
f7fad54a1c,NL,none,False,False,0
304d4a7934,NL,none,False,False,0
10fc90fff4,NL,lei_declared,True,False,1
8f6c7f78d1,NL,register_qualified,True,False,1
6db4be41fd,NL,none,False,False,0
4fb98496da,NL,lei_declared,True,False,1
2906a33053,NL,register_qualified,True,False,1
6f599977f6,NL,lei_declared,True,False,1
75507723b5,NL,register_qualified,True,False,1
4d90827f94,NL,none,False,False,0
7245cde590,NL,lei_declared,True,False,1
95df62875d,NL,none,False,False,0
8ed47c72d3,NL,lei_declared,True,False,1
624bdb84f2,NL,none,False,False,0
37041a552c,NL,register_qualified,True,False,1
84e80b12e0,NL,register_qualified,True,False,1
30543c7f5c,NL,register_qualified,True,False,1
6d0b565497,NL,none,False,False,0
3f53275c81,NL,none,False,False,0
110eae08f4,NL,none,False,False,0
104ab86478,NL,none,False,False,0
37651a5d41,NL,none,False,False,0
63e82a9f21,NL,none,False,False,0
d6f1ecc657,NL,none,False,False,0
73e2691b8d,NL,none,False,False,0
300f1eda9d,NL,register_qualified,True,False,1
f0b9944106,NL,none,False,False,0
7e68b06b8c,NL,none,False,False,0
7d91f4b7c3,NL,register_qualified,True,False,1
e0c446fcb0,NL,none,False,False,0
30ceb5ff90,NL,none,False,False,0
9b6517d243,NL,none,False,False,0
8e8d34fdbc,NL,lei_declared,True,False,1
56640be331,NL,none,False,False,0
a5ad216736,NL,lei_declared,True,False,1
d4f98fac4e,NL,none,False,False,0
590a3f914c,NL,register_qualified,True,False,1
1d1d8834fb,NL,none,False,False,0
1ecce8e3cb,NL,none,False,False,0
f3d7f16b10,NL,none,False,False,0
1c56d830c0,NL,register_qualified,True,False,1
8c7efc5840,NL,none,False,False,0
396662232d,NL,none,False,False,0
ebc188506d,NL,none,False,False,0
e6b317803f,NL,none,False,False,0
54d5c8fa53,NL,none,False,False,0
a8ed6d0cfc,NL,lei_declared,True,False,1
c8babbc485,NL,none,False,False,0
f97e73396e,NL,none,False,False,0
8699335895,NL,none,False,False,0
bed8398b61,NL,none,False,False,0
2cdaf13b33,NL,none,False,False,0
dfa5147ab0,NL,lei_declared,True,False,1
a165d6d71c,NL,none,False,False,0
5b3920292e,NL,none,False,False,0
5f76683353,NL,none,False,False,0
5781ae97ea,NL,none,False,False,0
b56b01a098,NL,none,False,False,0
8f9e3b7a2f,NL,lei_declared,True,False,1
82cbd7c2f0,NL,none,False,False,0
b68899a727,NL,none,False,False,0
86df579887,NL,none,False,False,0
73171969ba,NL,none,False,False,0
07cea4f13d,NL,lei_declared,True,False,1
e6c7ef823a,NL,none,False,False,0
5207b4de5e,NL,lei_declared,True,False,1
7d10daaec7,NL,register_qualified,True,False,1
13ba94b339,NL,register_qualified,True,False,1
059b178bba,NL,none,False,False,0
0ff690883f,NL,lei_declared,True,False,1
f820cce060,NL,none,False,False,0
dbf4d360f3,NL,lei_declared,True,False,1
f61a8e9678,NL,none,False,False,0
b707dcd7d5,NL,lei_declared,True,False,1
f964fbdf9b,NL,none,False,False,0
652874050e,NL,lei_declared,True,False,1
2524993ab2,NL,register_qualified,True,False,1
c58410afc6,NL,none,False,False,0
18801b7ad7,NL,none,False,False,0
b2dff65c97,NL,lei_declared,True,False,1
e7f8b06344,NL,lei_declared,True,False,1
2c89ab59f6,NL,none,False,False,0
513ec8902a,NL,none,False,False,0
e42f1a39ad,NL,none,False,False,0
73e3c63152,NL,none,False,False,0
d97961e28b,NL,none,False,False,0
673eb3063e,NL,none,False,False,0
0e662a95f3,NL,none,False,False,0
96fb5a381a,NL,lei_declared,True,False,1
5f3974abeb,NL,none,False,False,0
ddd7898622,NL,none,False,False,0
69ce7e4e50,NL,none,False,False,0
4dbc3589f5,NL,none,False,False,0
19d9664864,NL,lei_declared,True,False,1
ff835aaa92,NL,register_qualified,True,False,1
7de221cfe3,NL,register_qualified,True,False,1
a965a6e7f2,NL,lei_declared,True,False,1
bcef085e77,NL,lei_declared,True,False,1
3a7ed7feee,NL,lei_declared,True,False,1
21f7b41cc9,NL,lei_declared,True,False,1
1cf23c7187,NL,register_qualified,True,False,1
4fbaf88d35,NL,lei_declared,True,False,1
bd9cc8378b,NL,lei_declared,True,False,1
83563fbe8e,NL,none,False,False,0
e7a7a59ea8,NL,register_qualified,True,False,1
5d40cfa3a3,NL,none,False,False,0
2a47c46369,NL,lei_declared,True,False,1
d2600aecb7,NL,lei_declared,True,False,1
e911185dfd,NL,none,False,False,0
4870e15939,NL,none,False,False,0
8129e4e0f7,NL,none,False,False,0
e063194cae,NL,none,False,False,0
bbb1cc8684,NL,register_qualified,True,False,1
c725307b73,NL,none,False,False,0
6a5fda6f9f,NL,none,False,False,0
f3da2c6ed3,NL,none,False,False,0
bf2f7c8b87,NL,lei_declared,True,False,1
df50dd1b2e,NL,none,False,False,0
30a8604ce0,NL,register_qualified,True,False,1
fb98d58602,NL,none,False,False,0
68eda5164a,NL,lei_declared,True,False,1
8b95c98193,NL,none,False,False,0
93dbaccfde,NL,none,False,False,0
347892389a,NL,none,False,False,0
603f33c5d1,NL,register_qualified,True,False,1
4a3ed1f41c,NL,lei_declared,True,False,1
42626b5224,NL,none,False,False,0
0ea29b3980,NL,lei_declared,True,False,1
56b7fe94f3,NL,register_qualified,True,False,1
fc772c3372,NL,register_qualified,True,False,1
8bffa4bbb0,NL,lei_declared,True,False,1
5179ea2597,NL,lei_declared,True,False,1
97345e212d,NL,none,False,False,0
3a40582817,NL,none,False,False,0
25e2f7ea0d,NL,lei_declared,True,False,1
60e0abb36a,NL,none,False,False,0
836cf554bb,NL,none,False,False,0
5401952406,NL,none,False,False,0
51917c7fe7,NL,none,False,False,0
3b92d77b05,NL,none,False,False,0
8d9877ec3c,NL,register_qualified,True,False,1
725516d162,NL,none,False,False,0
6fbc53837b,NL,none,False,False,0
1b2cd9e17c,NL,none,False,False,0
c94e934deb,NL,lei_declared,True,False,1
988a1d9d81,NL,none,False,False,0
4443d76e6b,NL,none,False,False,0
9a2ed444aa,NL,none,False,False,0
9609ddbc9f,NL,none,False,False,0
582f4cce3f,NL,lei_declared,True,False,1
4e55648a4a,NL,none,False,False,0
16bad1eac6,NL,none,False,False,0
f95b3a762f,NL,none,False,False,0
401f9654f0,NL,none,False,False,0
a234e1fc51,NL,none,False,False,0
9fdf06ff18,NL,none,False,False,0
1c7ad07f18,NL,none,False,False,0
8461c3ed59,NL,none,False,False,0
8be7683a90,NL,none,False,False,0
cf5bc97f77,NL,lei_declared,True,False,1
0ae232a018,NL,none,False,False,0
7950cc28c9,NL,lei_declared,True,False,1
f4971590a6,NL,lei_declared,True,False,1
db237df244,NL,lei_declared,True,False,1
3ee2342f7b,NL,lei_declared,True,False,1
5fd374342d,NL,none,False,False,0
b6c38d7584,NL,none,False,False,0
dd8f67f937,NL,none,False,False,0
6c665d1043,NL,lei_declared,True,False,1
6b596372bd,NL,lei_declared,True,False,1
cf802c718b,NL,none,False,False,0
b914755471,NL,none,False,False,0
64866a43bf,NL,register_qualified,True,False,1
55f35d7139,NL,none,False,False,0
add38f202f,NO,none,False,False,0
e1ac7cebd7,NO,none,False,False,0
cde24072c6,NO,none,False,False,0
2127625ed0,NO,none,False,False,0
94f99e8664,NO,none,False,False,0
8b4d57353b,NO,none,False,False,0
6b8e6d4bf3,NO,none,False,False,0
89e93eacca,NO,lei_declared,True,False,1
d98d15b6ea,NO,none,False,False,0
470b177941,NO,register_qualified,True,False,1
895bb81116,NO,lei_declared,True,False,1
ccb81e91f3,NO,register_qualified,True,False,1
6036bc637b,NO,lei_declared,True,False,1
aaade48740,NO,none,False,False,0
6414f684e4,NO,register_qualified,True,False,1
30de8b2925,NO,register_qualified,True,False,1
61f7b12a6a,NO,lei_declared,True,False,1
9011d6f2f8,NO,lei_declared,True,False,1
08778aba9b,NO,lei_declared,True,False,1
cbdc2037b8,NO,none,False,False,0
bd21b56472,NO,register_qualified,True,False,1
f5798dcac1,NO,register_qualified,True,False,1
8e41c92c52,NO,lei_declared,True,False,1
7897d11be4,NO,lei_declared,True,False,1
6b62b7a06e,NO,register_qualified,True,False,1
70f62f17f4,NO,lei_declared,True,False,1
c33c4a77c5,NO,register_qualified,True,False,1
4717d56b1f,NO,none,False,False,0
89fd6c5c4d,NO,none,False,False,0
4d23e59442,NO,none,False,False,0
a6056a0513,NO,none,False,False,0
4a5cf91e68,NO,lei_declared,True,False,1
cf88662a1f,NO,register_qualified,True,False,1
9cb9d0b0f7,NO,register_qualified,True,False,1
fc96bc052b,NO,lei_declared,True,False,1
dfc886b7af,NO,lei_declared,True,False,1
8f16fbebe3,NO,lei_declared,True,False,1
eb08dc8621,NO,lei_declared,True,False,1
16bbf5cd3d,NO,lei_declared,True,False,1
9c48838041,NO,lei_declared,True,False,1
8c5ea5ded5,NO,lei_declared,True,False,1
2283722cde,NO,lei_declared,True,False,1
81ae01cafa,NO,none,False,False,0
c74a5473af,NO,lei_declared,True,False,1
729d93184b,NO,none,False,False,0
3c90d9879a,NO,register_qualified,True,False,1
74e56ffdb2,NO,register_qualified,True,False,1
266b4e0ad0,NO,register_qualified,True,False,1
a29be47046,NO,register_qualified,True,False,1
f6b28fa885,NO,none,False,False,0
81ffbbdc53,NO,lei_declared,True,False,1
bdbe0b122b,NO,register_qualified,True,False,1
00e10fa0b2,NO,lei_declared,True,False,1
3922a27a96,NO,lei_declared,True,False,1
68ef021005,NO,none,False,False,0
d020a1f071,NO,none,False,False,0
a8d7430eb2,NO,none,False,False,0
8924385757,NO,lei_declared,True,False,1
9129b745c4,NO,register_qualified,True,False,1
c1b2f87e6a,NO,none,False,False,0
88879e7328,NO,none,False,False,0
86cb75365f,NO,none,False,False,0
00e7a5aac9,NO,none,False,False,0
7b190e6f80,NO,none,False,False,0
0e441f41fd,NO,register_qualified,True,False,1
09f11680ad,NO,register_qualified,True,False,1
b0b5e5cf7b,NO,lei_declared,True,False,1
57a3664644,NO,register_qualified,True,False,1
3192e78165,NO,none,False,False,0
5349b304df,NO,register_qualified,True,False,1
8e6afccc48,NO,register_qualified,True,False,1
456070a8b1,NO,register_qualified,True,False,1
7bd4ed5b15,NO,none,False,False,0
08df80179e,NO,none,False,False,0
de052485ab,NO,none,False,False,0
adf3dc68fa,NO,none,False,False,0
03f910e388,NO,none,False,False,0
726f5ddc62,NO,none,False,False,0
839069356f,NO,none,False,False,0
1edda5b5c5,NO,none,False,False,0
be394bee1f,NO,none,False,False,0
ad015090e8,NO,none,False,False,0
98ad787fd9,NO,none,False,False,0
e17a44a16c,NO,none,False,False,0
e4987163fe,NO,none,False,False,0
4dcdfe0cc2,NO,none,False,False,0
50ea8a5b79,NO,none,False,False,0
e19f4cca76,NO,none,False,False,0
a903915753,NO,none,False,False,0
122b870992,NO,lei_declared,True,False,1
a1d96ecfba,NO,lei_declared,True,False,1
3218a249b2,NO,lei_declared,True,False,1
830e12e11b,NO,none,False,False,0
3d027c48c1,NO,lei_declared,True,False,1
a1b59dea13,NO,lei_declared,True,False,1
2a39e56ea0,NO,lei_declared,True,False,1
70af7d7170,NO,none,False,False,0
4f9728d7f0,NO,none,False,False,0
72e18230a1,NO,none,False,False,0
d340fabe1b,NO,lei_declared,True,False,1
fd37a14692,NO,register_qualified,True,False,1
fa9c4cb7a7,NO,lei_declared,True,False,1
1d49982e8a,NO,lei_declared,True,False,1
3377324ca3,NO,none,False,False,0
b04f26db5b,NO,none,False,False,0
c173b47a9a,NO,none,False,False,0
9498f3bf6f,NO,register_qualified,True,False,1
4c6c7a1234,NO,none,False,False,0
9bb212d93f,NO,none,False,False,0
99597301ec,NO,none,False,False,0
49239a5c64,NO,none,False,False,0
12898a58fa,NO,register_qualified,True,False,1
c711117957,NO,none,False,False,0
f762f5adad,NO,register_qualified,True,False,1
dd6e6fb23f,NO,none,False,False,0
bf9f26ec8d,NO,none,False,False,0
4c7a75698c,NO,register_qualified,True,False,1
fe4e459549,NO,register_qualified,True,False,1
cf20591211,NO,register_qualified,True,False,1
062bbc0dfe,NO,none,False,False,0
90214af635,NO,register_qualified,True,False,1
a0a89408ce,NO,lei_declared,True,False,1
5dc569f7b7,NO,lei_declared,True,False,1
fe60db995c,NO,none,False,False,0
2efbf78d58,NO,none,False,False,0
e47cccbba6,NO,none,False,False,0
6660dba182,NO,none,False,False,0
db499ef935,NO,register_qualified,True,False,1
9fb7eb4a11,NO,lei_declared,True,False,1
e1108eb6a7,NO,register_qualified,True,False,1
b19254196b,NO,none,False,False,0
b254d70798,NO,lei_declared,True,False,1
4d088cdcaf,NO,register_qualified,True,False,1
81d5e415a4,NO,none,False,False,0
515aad22e8,NO,register_qualified,True,False,1
a496e994ea,NO,none,False,False,0
db76f401f9,NO,none,False,False,0
a1b6008bc5,NO,register_qualified,True,False,1
81fd950aa4,NO,none,False,False,0
bd4a36ce2c,NO,register_qualified,True,False,1
8ea5c07639,NO,register_qualified,True,False,1
0a93b901bd,NO,register_qualified,True,False,1
d09aa0edc3,NO,register_qualified,True,False,1
e679ebbeba,NO,register_qualified,True,False,1
f53f586b75,NO,none,False,False,0
a4aff39b9f,NO,none,False,False,0
f85ec3704e,NO,lei_declared,True,False,1
3a2428453c,NO,none,False,False,0
e66478905a,NO,register_qualified,True,False,1
bd46ffb489,NO,register_qualified,True,False,1
7e8c22d046,NO,lei_declared,True,False,1
d1e9d02e3e,NO,lei_declared,True,False,1
b1f46e5c02,NO,none,False,False,0
0f2f284b57,NO,register_qualified,True,False,1
fefa266730,NO,none,False,False,0
33b16d78ed,NO,lei_declared,True,False,1
b133d69ac8,NO,register_qualified,True,False,1
cbb37ef0b3,NO,register_qualified,True,False,1
40be05bd30,NO,none,False,False,0
ae653fd467,NO,register_qualified,True,False,1
a450a5a654,NO,register_qualified,True,False,1
86fdc405ff,NO,register_qualified,True,False,1
4469f46326,NO,register_qualified,True,False,1
1b6d4868f9,NO,none,False,False,0
9fa924278c,NO,none,False,False,0
8605fe74a5,NO,none,False,False,0
38aca3c610,NO,none,False,False,0
9399886cc3,NO,none,False,False,0
9c1c4b920b,NO,none,False,False,0
13c4c98257,NO,register_qualified,True,False,1
230275ab83,NO,register_qualified,True,False,1
c2902ff257,NO,register_qualified,True,False,1
7916aa8d9c,NO,lei_declared,True,False,1
5691128b0c,NO,lei_declared,True,False,1
8e30f88f66,NO,none,False,False,0
3e973e13a9,NO,lei_declared,True,False,1
07740695c9,NO,register_qualified,True,False,1
2bdeabcc06,NO,register_qualified,True,False,1
a9f3b9295c,NO,lei_declared,True,False,1
f25081c112,NO,register_qualified,True,False,1
3300632d4b,NO,register_qualified,True,False,1
03bb605c1c,NO,lei_declared,True,False,1
c5fb4dd4d0,NO,register_qualified,True,False,1
847fc24d73,NO,register_qualified,True,False,1
08584cfeb0,NO,register_qualified,True,False,1
a7cca71b1e,NO,register_qualified,True,False,1
19c36eece9,NO,register_qualified,True,False,1
6ae9a493a5,NO,none,False,False,0
6766b46b64,NO,lei_declared,True,False,1
a4cc66d31c,NO,register_qualified,True,False,1
d2707dabfc,NO,register_qualified,True,False,1
f997d257de,NO,none,False,False,0
55d8dc73bc,NO,register_qualified,True,False,1
e6437da213,NO,none,False,False,0
c55ea2e9e6,NO,none,False,False,0
847089dd7d,NO,none,False,False,0
27fee6311a,NO,register_qualified,True,False,1
843cecde32,NO,lei_declared,True,False,1
c93c00883a,NO,none,False,False,0
837e82a0f4,NO,none,False,False,0
b0c836ea56,NO,register_qualified,True,False,1
a45be027c6,NO,none,False,False,0
0a1ff4ced8,NO,lei_declared,True,False,1
149c1d49af,NO,register_qualified,True,False,1
aa8ad99a98,NO,register_qualified,True,False,1
7452e58e78,NO,lei_declared,True,False,1
419301553c,NO,none,False,False,0
dc202ea2bd,NO,none,False,False,0
f3d9bba06e,NO,none,False,False,0
db7394ef3a,NO,register_qualified,True,False,1
d3e31368d5,NO,none,False,False,0
6ccae2b727,NO,none,False,False,0
4faa32487f,NO,lei_declared,True,False,1
0524d4a0a4,NO,none,False,False,0
bec583174d,NO,lei_declared,True,False,1
137715f298,NO,register_qualified,True,False,1
dfd90c7dd4,NO,register_qualified,True,False,1
7fea0e4206,NO,none,False,False,0
dcfe7342fc,NO,lei_declared,True,False,1
f06ab0c00f,NO,register_qualified,True,False,1
5909bab645,NO,lei_declared,True,False,1
e72197c353,NO,lei_declared,True,False,1
ab43df19e6,NO,none,False,False,0
f90ce19ee1,NO,lei_declared,True,False,1
af39e34806,NO,register_qualified,True,False,1
67c7884775,NO,none,False,False,0
61db381d3a,NO,register_qualified,True,False,1
74507f19df,NO,lei_declared,True,False,1
98e9926f5b,NO,register_qualified,True,False,1
4b376ae836,NO,none,False,False,0
f9c8239a16,NO,register_qualified,True,False,1
c5903b4a96,NO,register_qualified,True,False,1
7b1fc12c65,NO,none,False,False,0
3ccf2db2de,NO,register_qualified,True,False,1
525a5d61ee,NO,register_qualified,True,False,1
8b3c95cd25,NO,register_qualified,True,False,1
1206103aa1,NO,none,False,False,0
2f895db7da,NO,none,False,False,0
64ad088b7b,NO,none,False,False,0
0fe1601244,NO,none,False,False,0
1de4f6754b,NO,lei_declared,True,False,1
e0869fd8f7,NO,lei_declared,True,False,1
0106a11100,NO,none,False,False,0
5a532243e6,NO,lei_declared,True,False,1
df70fe3773,NO,none,False,False,0
98aede73a6,NO,none,False,False,0
2756f0ef96,NO,none,False,False,0
a9f600e02f,NO,lei_declared,True,False,1
2203450256,NO,none,False,False,0
99124daca9,NO,none,False,False,0
9d3ac471ff,NO,none,False,False,0
d44e1e0434,NO,lei_declared,True,False,1
ad0dda8ae2,NO,lei_declared,True,False,1
41688347e3,NO,none,False,False,0
68132d84c1,NO,register_qualified,True,False,1
48efe85733,NO,none,False,False,0
e6ca5835c5,NO,none,False,False,0
d63e79697b,NO,none,False,False,0
99b394dd12,NO,lei_declared,True,False,1
b2f3af4da3,NO,none,False,False,0
5bca2eb1d6,NO,none,False,False,0
e1a568f7d4,NO,lei_declared,True,False,1
32beb86bf8,NO,none,False,False,0
2dae6fca2d,NO,none,False,False,0
39f034c5cd,NO,none,False,False,0
652fa57f48,NO,none,False,False,0
2cefadbc3c,NO,none,False,False,0
4a611643cc,NO,none,False,False,0
728574c14d,NO,register_qualified,True,False,1
1d414d1a96,NO,none,False,False,0
b6ae0f47a6,NO,register_qualified,True,False,1
c3c608357c,NO,lei_declared,True,False,1
4cba573970,NO,none,False,False,0
50031f770d,NO,lei_declared,True,False,1
d027b56c48,NO,register_qualified,True,False,1
60368feb9c,NO,lei_declared,True,False,1
d4751ab41e,NO,register_qualified,True,False,1
82d71c982f,NO,register_qualified,True,False,1
1109789f02,NO,lei_declared,True,False,1
9d4f6c02fb,NO,lei_declared,True,False,1
3ba5b638b9,NO,register_qualified,True,False,1
beeac971c8,NO,lei_declared,True,False,1
48abf6ddfc,NO,register_qualified,True,True,2
41e282e0bc,NO,register_qualified,True,False,1
e43722e740,NO,none,False,False,0
52d6ee9cd4,NO,register_qualified,True,False,1
2e1e581343,NO,lei_declared,True,False,1
880e26a171,NO,none,False,False,0
57eb668306,NO,register_qualified,True,False,1
e1f19d5078,NO,lei_declared,True,False,1
ef40407eb8,NO,register_qualified,True,False,1
41fdc23c2b,NO,none,False,False,0
6dbd115876,NO,lei_declared,True,False,1
a89517e048,NO,none,False,False,0
5096904d80,NO,none,False,False,0
119141a7cf,NO,none,False,False,0
6bff12d098,NO,none,False,False,0
7b7ca2a3e0,NO,lei_declared,True,False,1
9303e0478e,NO,register_qualified,True,False,1
1ce1f1aa86,NO,none,False,False,0
57224ea54d,NO,none,False,False,0
345ea34aef,NO,none,False,False,0
8dffb4973d,NO,none,False,False,0
e7c8ed7e81,NO,lei_declared,True,False,1
637a8dd449,NO,register_qualified,True,False,1
a35c5724fb,NO,none,False,False,0
b034f13abf,NO,none,False,False,0
41e6bde598,NO,register_qualified,True,False,1
8350772c0b,NO,none,False,False,0
9f20bfa9ba,NO,register_qualified,True,False,1
3dad53feb8,NO,none,False,False,0
a2aca88d7b,NO,none,False,False,0
4abdffab07,NO,none,False,False,0
b8b625bc9a,NO,none,False,False,0
fdc7131bd9,NO,none,False,False,0
d1e62d0b9b,NO,none,False,False,0
3d5e854560,NO,none,False,False,0
85b4131aeb,NO,register_qualified,True,False,1
d3a2721241,NO,register_qualified,True,False,1
6a4728843e,NO,none,False,False,0
db710be883,NO,none,False,False,0
9e5ad5e055,NO,none,False,False,0
6fc0309dfc,NO,lei_declared,True,False,1
9e28ee33eb,NO,register_qualified,True,False,1
05f46764fa,NO,none,False,False,0
cd958948f7,NO,none,False,False,0
b10f7e22c6,NO,none,False,False,0
3b43a352bf,NO,lei_declared,True,False,1
455f25998b,NO,register_qualified,True,False,1
7ea7c39130,NO,lei_declared,True,False,1
62db49073f,NO,lei_declared,True,False,1
13ecd69bd4,NO,none,False,False,0
000a83adb8,NO,none,False,False,0
506a30410d,NO,none,False,False,0
79eae1590f,NO,register_qualified,True,False,1
0079ce0573,NO,lei_declared,True,False,1
d865fb1215,NO,lei_declared,True,False,1
c3bfff2b75,NO,none,False,False,0
fe6021fedd,NO,register_qualified,True,False,1
233936ba91,NO,lei_declared,True,False,1
9e4a5b42b8,NO,none,False,False,0
98b40cdf7b,NO,register_qualified,True,False,1
b058c22f4f,NO,register_qualified,True,False,1
5b422e18c8,NO,lei_declared,True,False,1
0889c3c3bf,NO,none,False,False,0
863010f07d,NO,none,False,False,0
0f37fb69cb,NO,register_qualified,True,False,1
233615ddba,NO,register_qualified,True,False,1
fe4b86b471,NO,none,False,False,0
680d933fee,NO,lei_declared,True,False,1
1e653c1efb,NO,lei_declared,True,False,1
f23d2daa8d,NO,lei_declared,True,False,1
79d08eb487,NO,register_qualified,True,False,1
521acee4e6,NO,lei_declared,True,False,1
d1c641e32f,NO,register_qualified,True,False,1
6e90c51ec8,NO,none,False,False,0
9065870cc3,NO,register_qualified,True,False,1
ee5c589098,NO,register_qualified,True,False,1
ed60c132ce,NO,register_qualified,True,False,1
d0945a52be,NO,register_qualified,True,False,1
85bb2fb059,NO,none,False,False,0
7e23dc64b2,NO,register_qualified,True,False,1
1ba982c8db,NO,register_qualified,True,False,1
81513385cc,NO,register_qualified,True,False,1
2418397726,NO,lei_declared,True,False,1
82eb1e646e,NO,register_qualified,True,False,1
b39b653a50,NO,lei_declared,True,False,1
de87889564,NO,lei_declared,True,False,1
4cda34f6b2,NO,lei_declared,True,False,1
a011b4c141,NO,none,False,False,0
c8937fd57f,NO,register_qualified,True,False,1
fceb82821a,NO,register_qualified,True,False,1
e210070fb4,NO,register_qualified,True,False,1
d2e276c299,NO,none,False,False,0
f7c9c008bf,NO,none,False,False,0
f363cecd57,NO,none,False,False,0
45aefd2c21,NO,none,False,False,0
689290351c,NO,none,False,False,0
141db2cf7e,NO,register_qualified,True,False,1
17713e2e14,NO,none,False,False,0
f86c643e3a,NO,none,False,False,0
f5b7a2ce8b,NO,none,False,False,0
127574bee7,NO,none,False,False,0
75305c0d32,NO,none,False,False,0
5e8dc7c22f,NO,lei_declared,True,False,1
2ec97b4b39,NO,register_qualified,True,False,1
f81b37ee33,NO,register_qualified,True,False,1
9448c9e4c1,NO,lei_declared,True,False,1
5c041ffc91,NO,none,False,False,0
4e8e3d8406,NO,register_qualified,True,False,1
a1afd5e077,NO,lei_declared,True,False,1
0e965776f5,NO,none,False,False,0
01cfe4ea3e,NO,register_qualified,True,False,1
b3a833529f,NO,none,False,False,0
6be89d816b,NO,register_qualified,True,False,1
6882f88881,NO,register_qualified,True,False,1
9a1b665778,NO,none,False,False,0
d0ec22d36c,NO,lei_declared,True,False,1
0af99cde19,NO,register_qualified,True,False,1
b92841d431,NO,register_qualified,True,False,1
3b9d2819f7,NO,register_qualified,True,False,1
07b8b731e1,NO,none,False,False,0
613002e1e2,NO,lei_declared,True,False,1
7dae848127,NO,lei_declared,True,False,1
94c1dc118f,NO,register_qualified,True,False,1
73bf566209,NO,register_qualified,True,False,1
1c50bcb8cb,NO,none,False,False,0
513234c063,NO,lei_declared,True,False,1
3547082da9,NO,none,False,False,0
e4e29662b3,NO,none,False,False,0
8b86e1594b,NO,none,False,False,0
fc0f372fd5,NO,none,False,False,0
08bed5b94a,NO,none,False,False,0
fce5132065,NO,register_qualified,True,False,1
26a3ba0fd8,NO,lei_declared,True,False,1
2970e3e914,NO,register_qualified,True,False,1
72ad7a6cc2,NO,none,False,False,0
b530bd6442,NO,register_qualified,True,False,1
877553e7da,NO,lei_declared,True,False,1
d0235d9179,NO,register_qualified,True,False,1
c35de52755,NO,register_qualified,True,False,1
cad257a3e1,NO,register_qualified,True,False,1
b78d01370a,NO,lei_declared,True,False,1
aa56d4849e,NO,none,False,False,0
7797813716,NO,none,False,False,0
e26c32af06,NO,none,False,False,0
27cc9a5fd9,NO,none,False,False,0
7c4f7b39a2,NO,none,False,False,0
9ef91c417c,NO,lei_declared,True,False,1
f5e14f5189,NO,lei_declared,True,False,1
bbbd39ea8f,NO,register_qualified,True,False,1
7f0e577a51,NO,register_qualified,True,False,1
0efd4bd381,NO,lei_declared,True,False,1
127ae64ddd,NO,lei_declared,True,False,1
8fa58cb3b2,NO,none,False,False,0
548cdef4be,NO,register_qualified,True,False,1
d3cafbe0e7,NO,none,False,False,0
d25efb9c6e,NO,none,False,False,0
d0c0032488,NO,none,False,False,0
548ba77211,NO,lei_declared,True,False,1
c50245620c,NO,none,False,False,0
32ce6dec31,PL,none,False,False,0
40db736a0d,PL,none,False,False,0
895aaf32b2,PL,none,False,False,0
b7fd870d09,PL,none,False,False,0
a3f407df9c,PL,none,False,False,0
28e49542bb,PL,none,False,False,0
91691e06ad,PL,none,False,False,0
91f0255cce,PL,none,False,False,0
74d3887e9d,PL,none,False,False,0
e3b287831c,PL,none,False,False,0
8ee31a2a17,PL,none,False,False,0
e55eb5736a,PL,lei_declared,True,False,1
1020891681,PL,none,False,False,0
ec93d53752,PL,none,False,False,0
16a336fe01,PL,none,False,False,0
924f675f12,PL,none,False,False,0
c2d9db0b05,PL,lei_declared,True,False,1
1e48498464,PL,none,False,False,0
46b50a8027,PL,none,False,False,0
ba24011ce4,PL,none,False,False,0
1b574712c3,PL,none,False,False,0
94add68097,PL,none,False,False,0
36fffedc50,PL,lei_declared,True,False,1
583923f9fc,PL,lei_declared,True,False,1
e17e07f1da,PL,lei_declared,True,False,1
223ec7b209,PL,lei_declared,True,False,1
42fa767508,PL,none,False,False,0
a03e2bca17,PL,none,False,False,0
99d9bea99a,PL,none,False,False,0
29f4249d52,PL,none,False,False,0
b1146e2c42,PL,none,False,False,0
58859a91cf,PL,none,False,False,0
e3bf1b1e72,PL,none,False,False,0
b326727724,PL,none,False,False,0
b7c0f3f585,PL,lei_declared,True,False,1
04f2db423f,PL,lei_declared,True,False,1
4b6ed6b307,PL,none,False,False,0
8482b7cd83,PL,none,False,False,0
928380b11c,PL,none,False,False,0
52eb73640c,PL,lei_declared,True,False,1
cae613fedc,PL,lei_declared,True,False,1
c9ca7ba3d9,PL,none,False,False,0
7369091777,PL,none,False,False,0
7570d444c2,PL,none,False,False,0
ce6f1d9d5f,PL,none,False,False,0
eb7ade5663,PL,none,False,False,0
e18d7cf03c,PL,none,False,False,0
3cccb8c86e,PL,none,False,False,0
41949cf5f1,PL,none,False,False,0
6c543dcbbe,PL,none,False,False,0
859a90bc12,PL,none,False,False,0
fde3e50cc3,PL,none,False,False,0
de197d854a,PL,none,False,False,0
edbdaf76d1,PL,none,False,False,0
a033ea92fe,PL,none,False,False,0
11fcada485,PL,none,False,False,0
63d5e8086f,PL,none,False,False,0
d08fb5323e,PL,none,False,False,0
420d7aaa14,PL,none,False,False,0
5efa7d0742,PL,none,False,False,0
208dfce1a8,PL,none,False,False,0
96714c9537,PL,none,False,False,0
3a267457a9,PL,lei_declared,True,False,1
67ba3b9648,PL,lei_declared,True,False,1
99b9fdc48f,PL,none,False,False,0
115c67dc63,PL,none,False,False,0
afaa6b7476,PL,none,False,False,0
bad05d1428,PL,none,False,False,0
5cd9406421,PL,none,False,False,0
198bd7ea1e,PL,none,False,False,0
c47aedab90,PL,none,False,False,0
7f68d1fc9d,PL,none,False,False,0
8f9c88119f,PL,none,False,False,0
b05322926a,PL,none,False,False,0
9989d56e7e,PL,none,False,False,0
f80dffbeeb,PL,none,False,False,0
1a633c5fb8,PL,none,False,False,0
a6473e3986,PL,none,False,False,0
c0a8015a90,PL,none,False,False,0
22f039a845,PL,none,False,False,0
cf708191b7,PL,none,False,False,0
178ecca0cc,PL,none,False,False,0
f6711d66cc,PL,none,False,False,0
1b3359999d,PL,none,False,False,0
e028c463ed,PL,none,False,False,0
fb134b05b1,PL,lei_declared,True,False,1
e1b24a652b,PL,none,False,False,0
ee98db0620,PL,none,False,False,0
b84176807f,PL,none,False,False,0
b575573f8f,PL,none,False,False,0
0e6aa06340,PL,none,False,False,0
74ce2b0b46,PL,lei_declared,True,False,1
41b30fb2b4,PL,none,False,False,0
887ba51014,PL,none,False,False,0
645171c897,PL,none,False,False,0
a9c8744902,PL,none,False,False,0
3848db9270,PL,none,False,False,0
c35db77988,PL,none,False,False,0
41c816473a,PL,none,False,False,0
c644cd3e18,PL,none,False,False,0
d9f019d33f,PL,lei_declared,True,False,1
f4560d3ec4,PL,none,False,False,0
493c7ce344,PL,none,False,False,0
4fe3f67415,PL,lei_declared,True,False,1
2c3894420b,PL,lei_declared,True,False,1
82153d9806,PL,lei_declared,True,False,1
553796c3dd,PL,lei_declared,True,False,1
4a3ad747ac,PL,none,False,False,0
d2d9bfa0c8,PL,none,False,False,0
11b0e27449,PL,none,False,False,0
fb697fac01,PL,none,False,False,0
e84158081c,PL,none,False,False,0
c492f8f2ce,PL,none,False,False,0
b590efb87a,PL,none,False,False,0
010abbe2b6,PL,lei_declared,True,False,1
5e5b161a20,PL,none,False,False,0
c158d9f7c7,PL,none,False,False,0
2145507313,PL,none,False,False,0
c2706519ba,PL,lei_declared,True,False,1
59fec65d10,PL,none,False,False,0
dfb21cd7ea,PL,lei_declared,True,False,1
04ca3e0812,PL,none,False,False,0
d7ec056faa,PL,none,False,False,0
2e565e57b4,PL,none,False,False,0
a971006f4d,PL,none,False,False,0
1a1f7394d4,PL,none,False,False,0
167da46ba7,PL,none,False,False,0
44f8dc715b,PL,none,False,False,0
131286e95b,PL,none,False,False,0
9e3140647e,PL,none,False,False,0
b153599846,PL,lei_declared,True,False,1
4fe87e6bce,PL,lei_declared,True,False,1
182b4445ec,PL,none,False,False,0
f9993ad987,PL,none,False,False,0
d50313c1c3,PL,none,False,False,0
7fd3bd2331,PL,none,False,False,0
0b71d9ddf2,PL,lei_declared,True,False,1
947b181559,PL,none,False,False,0
74484ad91f,PL,none,False,False,0
65fc35dc05,PL,none,False,False,0
1723831d68,PL,none,False,False,0
5d37750132,PL,none,False,False,0
6ccd21c248,PL,none,False,False,0
9a2742a0ee,PL,none,False,False,0
fed4d5819d,PL,none,False,False,0
c096694801,PL,none,False,False,0
9fd7bdc72f,PL,none,False,False,0
ba669c6915,PL,none,False,False,0
48defc786d,PL,none,False,False,0
e82b08f099,PL,none,False,False,0
d057922eae,PL,none,False,False,0
c07150c688,PL,none,False,False,0
b1e980929e,PL,none,False,False,0
f4cc5a217c,PL,none,False,False,0
355e4ab771,PL,none,False,False,0
99a7ea477e,PL,none,False,False,0
b0b7c204ba,PL,none,False,False,0
1d1290e85c,PL,none,False,False,0
055dd82c6e,PL,none,False,False,0
07169eef03,PL,none,False,False,0
80820d32ad,PL,none,False,False,0
d17a0880bf,PL,none,False,False,0
e90bb6de75,PL,none,False,False,0
ae3f626573,PL,lei_declared,True,False,1
4e3195964c,PL,none,False,False,0
4ee87ea727,PL,none,False,False,0
ba427b4f40,PL,none,False,False,0
ff23ad812c,PL,none,False,False,0
2014d57a0a,PL,none,False,False,0
1322d17aaf,PL,none,False,False,0
c9d9d46079,PL,none,False,False,0
6f50680158,PL,none,False,False,0
80e6cdf635,PL,none,False,False,0
3419b7ac26,PL,none,False,False,0
7a8927a714,PL,lei_declared,True,False,1
3f792bef08,PL,none,False,False,0
ad47f0f191,PL,none,False,False,0
95daba8840,PL,none,False,False,0
60339e664d,PL,none,False,False,0
15ee2ee782,PL,none,False,False,0
f1e9cf84f4,PL,none,False,False,0
91b79e2489,PL,none,False,False,0
82418b373d,PL,lei_declared,True,False,1
5c3803d497,PL,none,False,False,0
b08c1c83c8,PL,none,False,False,0
90e758651c,PL,none,False,False,0
e2ddd2754a,PL,none,False,False,0
bf7ef372ab,PL,none,False,False,0
02787aac1e,PL,none,False,False,0
80cffdea1f,PL,none,False,False,0
551cb522fa,PL,none,False,False,0
bd4aa9e2e4,PL,lei_declared,True,False,1
07f7095e7c,PL,none,False,False,0
7249f6ad08,PL,none,False,False,0
728e5e7268,PL,none,False,False,0
6683c7ed3f,PL,none,False,False,0
c32cc3452f,PL,lei_declared,True,False,1
832972ea49,PL,none,False,False,0
fd527b8d43,PL,none,False,False,0
0fa4ea264a,PL,none,False,False,0
782287ab3b,PL,lei_declared,True,False,1
d6e153b3e0,PL,none,False,False,0
0d71c5304f,PL,none,False,False,0
59180c704c,PL,none,False,False,0
06a02fa32d,PL,lei_declared,True,False,1
0386b538dd,PL,none,False,False,0
8c22136926,PL,none,False,False,0
e258c03a44,PL,lei_declared,True,False,1
2a488611ce,PL,none,False,False,0
fb81fd2a65,PL,lei_declared,True,False,1
52216e31d3,PL,none,False,False,0
0621b8a32f,PL,none,False,False,0
d49530f0eb,PL,none,False,False,0
5904d71fce,PL,none,False,False,0
ff92ccccf6,PL,none,False,False,0
5bf7d92cd6,PL,none,False,False,0
c795e9b956,PL,lei_declared,True,False,1
e44ff97f72,PL,none,False,False,0
dba9867d77,PL,lei_declared,True,False,1
e531407d6b,PL,none,False,False,0
be813450f4,PL,lei_declared,True,False,1
e427c8086f,PL,lei_declared,True,False,1
7969f2c6e5,PL,lei_declared,True,False,1
192b6c2281,PL,lei_declared,True,False,1
754bdb862d,PL,lei_declared,True,False,1
4de9e57cb4,PL,lei_declared,True,False,1
11d104da20,PL,none,False,False,0
85f7e86224,PL,lei_declared,True,False,1
1eb5d56e2d,PL,lei_declared,True,False,1
ced857433f,PL,none,False,False,0
35d19f9c90,PL,none,False,False,0
72c7ca5bba,PL,none,False,False,0
f5e7fb4245,PL,lei_declared,True,False,1
9d58c91120,PL,none,False,False,0
81bbcdb28a,PL,none,False,False,0
b1967d247b,PL,none,False,False,0
291b3160c6,PL,none,False,False,0
f77e479ffc,PL,lei_declared,True,False,1
772bc60798,PL,none,False,False,0
33a83199f1,PL,none,False,False,0
af7ead10a5,PL,none,False,False,0
9fb4b6ace0,PL,lei_declared,True,False,1
19af55e484,PL,none,False,False,0
4d5a21711e,PL,none,False,False,0
6d2126c307,PL,none,False,False,0
881ab53cb5,PL,none,False,False,0
d66f83c67f,PL,none,False,False,0
2c56da642c,PL,none,False,False,0
0a91418c8d,PL,none,False,False,0
a7a034499b,PL,none,False,False,0
038510bf5f,PL,lei_declared,True,False,1
d1364d7a23,PL,lei_declared,True,False,1
d2f948671c,PL,lei_declared,True,False,1
47e4100781,PL,none,False,False,0
98f5f4f276,PL,none,False,False,0
b5eb75cbe3,PL,lei_declared,True,False,1
922ad77cb9,PL,none,False,False,0
717a85aed8,PL,none,False,False,0
41d78d2bca,PL,none,False,False,0
db519d7d5a,PL,none,False,False,0
692dffe760,PL,none,False,False,0
580446821a,PL,none,False,False,0
b94c7c88a3,PL,lei_declared,True,False,1
e823dea383,PL,none,False,False,0
959ce85cad,PL,none,False,False,0
3da08c3d1c,PL,none,False,False,0
d64b2a23ec,PL,none,False,False,0
2bffeb4c74,PL,none,False,False,0
616866326a,PL,none,False,False,0
9b46f890d1,PL,none,False,False,0
702ff62698,PL,none,False,False,0
0e53573e54,PL,none,False,False,0
9c06e4140d,PL,lei_declared,True,False,1
c2f5be1313,PL,lei_declared,True,False,1
36f50fc049,PL,none,False,False,0
10c927338b,PL,none,False,False,0
86b70c9b50,PL,none,False,False,0
dc03a50c88,PL,none,False,False,0
c787f9d2cf,PL,none,False,False,0
e0b049ec2c,PL,none,False,False,0
93325e0861,PL,none,False,False,0
a0bfa62db6,PL,none,False,False,0
228dcb132b,PL,none,False,False,0
c4a4d5862a,PL,none,False,False,0
5bb035f813,PL,none,False,False,0
419b17211a,PL,none,False,False,0
0c840cf2e3,PL,lei_declared,True,False,1
baa05de023,PL,none,False,False,0
4f6970b053,PL,none,False,False,0
70254c3fdf,PL,none,False,False,0
28ebda2e0a,PL,none,False,False,0
29ccf93410,PL,none,False,False,0
d28751e514,PL,none,False,False,0
3cbc3a9281,PL,none,False,False,0
c3950ac7a1,PL,none,False,False,0
9b08de3380,PL,none,False,False,0
d193facee5,PL,none,False,False,0
7cddaf3abd,PL,none,False,False,0
673b3ac9d0,PL,none,False,False,0
53b10f5558,PL,none,False,False,0
77d7769119,PL,none,False,False,0
e18f1187e8,PL,none,False,False,0
f65f5a5a64,PL,none,False,False,0
4e6fd80248,PL,none,False,False,0
4b6804b46d,PL,none,False,False,0
d571f1dcc2,PL,lei_declared,True,False,1
381fab5ec0,PL,none,False,False,0
fb5e85f79c,PL,none,False,False,0
d2c0db54ad,PL,none,False,False,0
c9e1b069c1,PL,lei_declared,True,False,1
593ff157e4,PL,none,False,False,0
5b1678fb9e,PL,none,False,False,0
fcaa7dde73,PL,none,False,False,0
9b25808131,PL,none,False,False,0
97ed7137bc,PL,register_qualified,True,False,1
3c006a5fea,PL,none,False,False,0
6c0d312171,PL,lei_declared,True,False,1
cb9ce47c13,PL,none,False,False,0
776d9d5366,PL,none,False,False,0
4462e3506d,PL,none,False,False,0
7a774f31c7,PL,none,False,False,0
d90add58f7,PL,none,False,False,0
266c892c7b,PL,none,False,False,0
41e9bf8d70,PL,none,False,False,0
5cad292966,PL,lei_declared,True,False,1
21e95bfd99,PL,none,False,False,0
f9a9142f41,PL,none,False,False,0
74e017ae03,PL,lei_declared,True,False,1
627c9e5fbc,PL,none,False,False,0
9305b142f9,PL,none,False,False,0
4134ff3418,PL,none,False,False,0
f3920d0223,PL,none,False,False,0
15bd33397d,PL,none,False,False,0
fa20d2d2f6,PL,none,False,False,0
e9837ce3af,PL,lei_declared,True,False,1
210ac621de,PL,lei_declared,True,False,1
b4560b1cf4,PL,lei_declared,True,False,1
3075c995cc,PL,lei_declared,True,False,1
3968eddc25,PL,lei_declared,True,False,1
f8bcb305d3,PL,lei_declared,True,False,1
58a3139aa0,PL,none,False,False,0
880a53e7ab,PL,none,False,False,0
ce67f2b914,PL,none,False,False,0
060bc60e82,PL,none,False,False,0
68e1f239db,PL,none,False,False,0
a04aff60b3,PL,lei_declared,True,False,1
6c38a11849,PL,none,False,False,0
996c26f59e,PL,none,False,False,0
59d2cd4a85,PL,lei_declared,True,False,1
cc45089b2b,PL,none,False,False,0
6672adb23b,PL,none,False,False,0
fe36cc5bb9,PL,none,False,False,0
a6af0d9109,PL,none,False,False,0
da4568c6be,PL,none,False,False,0
06a2cc4d59,PL,none,False,False,0
e6efad6d0c,PL,lei_declared,True,False,1
9624d8c6dc,PL,none,False,False,0
515ef05fc3,PL,none,False,False,0
0ad985d1bc,PL,none,False,False,0
15189ff1ce,PL,none,False,False,0
2d03ee0af4,PL,none,False,False,0
f9187b6b5b,PL,none,False,False,0
63538237bb,PL,none,False,False,0
c982b0f455,PL,none,False,False,0
132a8cf000,PL,none,False,False,0
27e5398eec,PL,lei_declared,True,False,1
0e9203e720,PL,none,False,False,0
44802a0511,PL,none,False,False,0
4b70d2e171,PL,none,False,False,0
bccf5aa21d,PL,none,False,False,0
24e1c7b4bc,PL,none,False,False,0
04b25bd068,PL,none,False,False,0
88187e66fc,PL,none,False,False,0
e4468bca9e,PL,none,False,False,0
ae495ea7b8,PL,none,False,False,0
c6aa2b05f9,PL,none,False,False,0
b77082e83a,PL,none,False,False,0
43c7b56589,PL,none,False,False,0
b949ac806d,PL,none,False,False,0
e35162a12d,PL,none,False,False,0
b9215e1cf8,PL,none,False,False,0
d326a894eb,PL,none,False,False,0
d1afbe5ea1,PL,none,False,False,0
30992352cf,PL,none,False,False,0
d87f28fda1,PL,none,False,False,0
36ca590013,PL,none,False,False,0
704a6fc172,PL,none,False,False,0
916a12af4d,PL,lei_declared,True,False,1
3ce2ebf833,PL,none,False,False,0
4921f790ea,PL,none,False,False,0
381e7c9888,PL,none,False,False,0
2b39b5f766,PL,none,False,False,0
dec867e92f,PL,none,False,False,0
2f9e6c25da,PL,none,False,False,0
c79fe21048,PL,lei_declared,True,False,1
b7453a64c7,PL,none,False,False,0
8e22177bb7,PL,none,False,False,0
530bf80cdf,PL,none,False,False,0
118869b888,PL,none,False,False,0
4418db0d24,PL,none,False,False,0
97271ad8f6,PL,none,False,False,0
e346381e96,PL,none,False,False,0
4b7fbb10c7,PL,none,False,False,0
1e4b493895,PL,lei_declared,True,False,1
02f5dd63eb,PL,none,False,False,0
b054d5916e,PL,none,False,False,0
977676a083,PL,none,False,False,0
4e79095c46,PL,none,False,False,0
cfdbb2b679,PL,none,False,False,0
1f62715f04,PL,lei_declared,True,False,1
ccd5310d86,PL,none,False,False,0
fbc3f9be00,PL,none,False,False,0
369dd04e97,PL,none,False,False,0
71d4b4dcf3,PL,none,False,False,0
a2d49af3b9,PL,none,False,False,0
15541784a8,PL,none,False,False,0
b995ebf707,PL,none,False,False,0
0efff58885,PL,none,False,False,0
cd78ff0c4a,PL,none,False,False,0
04ef6a0d8f,PL,none,False,False,0
1a3fc2f253,PL,lei_declared,True,False,1
2e341d9bd7,PL,none,False,False,0
20d13a4dbb,PL,none,False,False,0
da4429b038,PL,none,False,False,0
417069ef56,PL,none,False,False,0
1047ec811d,PL,lei_declared,True,False,1
4321a6f4a0,PL,none,False,False,0
b6ecbdc5f1,PL,none,False,False,0
a0a02efc2d,PL,none,False,False,0
f871e3d58e,PL,none,False,False,0
2085be24a8,PL,none,False,False,0
a2a0e483a8,PL,none,False,False,0
c5eb999903,PL,none,False,False,0
a2dfdab561,PL,none,False,False,0
7006ead5ab,PL,none,False,False,0
6db95a5e32,PL,none,False,False,0
ba8f2a6a8c,PL,none,False,False,0
5426a52780,PL,lei_declared,True,False,1
1aed9e6fad,PL,none,False,False,0
7996207e17,PL,none,False,False,0
5a608b910c,PL,lei_declared,True,False,1
0e250c35df,PL,none,False,False,0
1d2aaf373e,PL,lei_declared,True,False,1
40844162f9,PL,none,False,False,0
76d4518df0,PL,none,False,False,0
ece59d14c5,PL,lei_declared,True,False,1
1edd4ba045,PL,none,False,False,0
0d03034dbe,PL,none,False,False,0
38c6df5217,PL,none,False,False,0
1cb94e8876,PL,none,False,False,0
6312ede0cb,PL,none,False,False,0
f715d2f257,PL,none,False,False,0
3bc033fbc7,PL,none,False,False,0
05b5169d4c,PL,none,False,False,0
6dcf7b651d,PL,none,False,False,0
b3c807e132,PL,none,False,False,0
05348cd3c5,PL,none,False,False,0
eca4e66e89,PL,none,False,False,0
3c96a19843,PL,none,False,False,0
ccd05c7117,PL,none,False,False,0
061fb8123e,PL,none,False,False,0
b941b84c86,PL,none,False,False,0
a8be2d0201,PL,lei_declared,True,False,1
7590ea7a45,PL,none,False,False,0
9d0c0f85fb,PL,none,False,False,0
7ad23f16b8,PL,lei_declared,True,False,1
019d4b5bae,PL,none,False,False,0
ae0293b442,PL,none,False,False,0
ed72713941,PL,none,False,False,0
ba98d2f371,PL,none,False,False,0
915bf54283,PL,none,False,False,0
7c3a25b09d,PL,none,False,False,0
4af34c2cde,PL,none,False,False,0
e603746b4f,PL,lei_declared,True,False,1
c0e1bd3361,PL,lei_declared,True,False,1
3b471306db,PL,lei_declared,True,False,1
ad93524384,PL,lei_declared,True,False,1
a622ef2c61,PL,lei_declared,True,False,1
336359cd14,PL,lei_declared,True,False,1
e9dab97130,PL,lei_declared,True,False,1
98d2c6c87b,PL,none,False,False,0
80b85749f8,PL,none,False,False,0
ed074feeb7,PL,none,False,False,0
243dc25c56,PL,none,False,False,0
737346581d,PL,lei_declared,True,False,1
199b475272,PL,lei_declared,True,False,1
2191f494a7,PL,none,False,False,0
a9712b60e5,PL,none,False,False,0
1cd1267fad,PL,none,False,False,0
29dd851e6b,PL,none,False,False,0
e90a49137b,PL,none,False,False,0
8e8780857b,PL,lei_declared,True,False,1
8a998c507a,PL,lei_declared,True,False,1
2f6102a27f,PL,none,False,False,0
e6ae65d03c,PL,none,False,False,0
dc0a116383,PL,lei_declared,True,False,1
1d237af4ec,PL,none,False,False,0
7dda5d6211,PL,lei_declared,True,False,1
f1ef396b70,PL,lei_declared,True,False,1
a528fcc596,PL,lei_declared,True,False,1
0a1f5312fb,PL,lei_declared,True,False,1
165464eb37,PL,none,False,False,0
82559a7305,PL,lei_declared,True,False,1
25dc3fa8be,PL,none,False,False,0
d3488a054d,PL,none,False,False,0
aefa972ff8,PL,none,False,False,0
2171c68b78,PL,none,False,False,0
4153758027,PL,none,False,False,0
64935c2171,PL,lei_declared,True,False,1
859c4305a7,PL,none,False,False,0
3c4be1837a,PL,none,False,False,0
fada5e423a,PL,none,False,False,0
94faab10cf,PL,none,False,False,0
a3227dc9f9,PL,lei_declared,True,False,1
962f8e1d12,PL,none,False,False,0
8ebbbb6116,PL,none,False,False,0
e8b655611a,PL,none,False,False,0
c2af732948,PL,lei_declared,True,False,1
bb14172bad,PL,none,False,False,0
d546cd3f06,PL,none,False,False,0
35c020e9b1,PL,none,False,False,0
0b579932a5,PL,none,False,False,0
2c7ebecbd3,PL,lei_declared,True,False,1
cfcb69eceb,PL,none,False,False,0
d79a2ad5f0,PL,none,False,False,0
6881eb5f30,PL,none,False,False,0
9f0c23ed24,PL,none,False,False,0
ce3311bc6c,PL,none,False,False,0
19bbef4af2,PL,none,False,False,0
d0af432bbd,PL,none,False,False,0
5d7059ec66,PL,lei_declared,True,False,1
3f518bf931,PL,none,False,False,0
ec9351e5bd,PL,none,False,False,0
14eac1216b,PL,none,False,False,0
f41769ebee,PL,none,False,False,0
0cdaebff73,PL,lei_declared,True,False,1
3f149e9793,PL,none,False,False,0
cdce0b7e3d,PL,none,False,False,0
73d12c38f1,PL,none,False,False,0
cee2bceb65,PL,none,False,False,0
d275ad2be3,PL,none,False,False,0
74f1dafcc3,PL,none,False,False,0
61f5a420d7,PL,none,False,False,0
69205a42bb,PL,none,False,False,0
a60cdb358e,PL,none,False,False,0
51cc7151c3,PL,lei_declared,True,False,1
1b60233696,PL,lei_declared,True,False,1
4f28b268cd,PL,none,False,False,0
30cf28c88f,PL,lei_declared,True,False,1
078d772586,PL,none,False,False,0
3528199616,PL,none,False,False,0
03ff14a742,PL,none,False,False,0
c5de92fe16,PL,lei_declared,True,False,1
cc1a6d561d,PL,none,False,False,0
4dea719068,PL,none,False,False,0
2285cdd3a4,PL,none,False,False,0
0d3145736f,PL,none,False,False,0
29c58043db,PL,none,False,False,0
4643ba18e6,PL,none,False,False,0
6b0c542d33,PL,none,False,False,0
f8adb5cf3e,PL,lei_declared,True,False,1
293cfb46f9,PL,lei_declared,True,False,1
b3f8ce82c2,PL,none,False,False,0
cd9e536cce,PL,none,False,False,0
e809e0a1f9,PL,none,False,False,0
4ff68af3f6,PL,none,False,False,0
6689c6c01c,PL,lei_declared,True,False,1
f01fd2f61a,PL,none,False,False,0
d3475149fb,PL,none,False,False,0
0d5d8ac6be,PL,none,False,False,0
ea8eccaa9e,PL,none,False,False,0
e53ac12536,PL,none,False,False,0
453e52cb35,PL,none,False,False,0
aea534433e,PL,none,False,False,0
c4bb996d10,PL,none,False,False,0
ad3a0a2cfe,PL,none,False,False,0
22e4d54e78,PL,none,False,False,0
6102061da8,PL,none,False,False,0
12754eaa4e,PL,lei_declared,True,False,1
e5f67501d6,PL,lei_declared,True,False,1
fc53223a10,PL,none,False,False,0
a7f55e3c43,PL,none,False,False,0
6b970c4b68,PL,none,False,False,0
d059a2019e,PL,lei_declared,True,False,1
c4d517121b,PL,none,False,False,0
3782acc4ad,PL,none,False,False,0
8e14db2fbd,PL,lei_declared,True,False,1
01af80f1f9,PL,none,False,False,0
96fc6e0758,PL,lei_declared,True,False,1
ce45e76ba8,PL,lei_declared,True,False,1
90a29235d2,PL,none,False,False,0
a3fdc352c6,PL,lei_declared,True,False,1
362d99736e,PL,lei_declared,True,False,1
98bb5c5ed8,PL,none,False,False,0
3b41e53886,PL,none,False,False,0
619bbd1a79,PL,none,False,False,0
f73a71b2c6,PL,none,False,False,0
009f89528b,PL,lei_declared,True,False,1
992223b2a4,PL,none,False,False,0
b3c0f0b100,PL,none,False,False,0
858b34d50d,PL,none,False,False,0
166442ce7e,PL,lei_declared,True,False,1
b744a12441,PL,none,False,False,0
5e956ac2da,PL,none,False,False,0
53d81ba329,PL,none,False,False,0
bbe4646bf9,PL,register_qualified,True,False,1
b3f647d086,PL,none,False,False,0
66ac4e0ef5,PL,none,False,False,0
8ce9be79d3,PL,none,False,False,0
46a0c0a4f8,PL,none,False,False,0
64d456dcbc,PL,none,False,False,0
68337a6a8b,PL,none,False,False,0
b905a43647,PL,none,False,False,0
9a09bf6842,PL,lei_declared,True,False,1
9b9770168a,PL,lei_declared,True,False,1
5b63594eee,PL,none,False,False,0
5f168f1e13,PL,none,False,False,0
e22aaf89bb,PL,none,False,False,0
7b4c844415,PL,lei_declared,True,False,1
1981f5d0cc,PL,none,False,False,0
d45752d329,PL,none,False,False,0
eba5190dbf,PL,none,False,False,0
7d48d527c5,PL,none,False,False,0
dbebbfd993,PL,none,False,False,0
2673964457,PL,none,False,False,0
b0eeba5850,PL,none,False,False,0
c86bb5723a,PL,none,False,False,0
8de49d6417,PL,none,False,False,0
f0dbb99a81,PL,none,False,False,0
e7c88b3522,PL,none,False,False,0
b562080740,PL,none,False,False,0
a6248f3d37,PL,none,False,False,0
1a079b65e5,PL,none,False,False,0
2376632474,PL,lei_declared,True,False,1
efb25ec97a,PL,none,False,False,0
831f002051,PL,none,False,False,0
0762133647,PL,none,False,False,0
ac029db59f,PL,none,False,False,0
6921c10bae,PL,none,False,False,0
cad6e35a4c,PL,none,False,False,0
453c671abe,PL,none,False,False,0
d40cab1a36,PL,none,False,False,0
6048e90ae9,PL,none,False,False,0
33d9a514e3,PL,none,False,False,0
ea2550c657,PL,none,False,False,0
8ebb8b94a1,PL,lei_declared,True,False,1
2e72ae45b5,PL,lei_declared,True,False,1
a1af750444,PL,none,False,False,0
43eb90ee18,PL,none,False,False,0
7586e22219,PL,lei_declared,True,False,1
f3cc0f1805,PL,none,False,False,0
a47c2b2f37,PL,lei_declared,True,False,1
4a25aab54a,PL,lei_declared,True,False,1
a951dd76e7,PL,none,False,False,0
df7ac47cce,PL,none,False,False,0
90705111ac,PL,none,False,False,0
c35e8b5070,PL,lei_declared,True,False,1
b634381e60,PL,none,False,False,0
5fe6defa43,PL,none,False,False,0
2e622b9780,PL,lei_declared,True,False,1
4aed15c34b,PL,lei_declared,True,False,1
309500b3c5,PL,lei_declared,True,False,1
52d5bd6f2f,PL,none,False,False,0
add4b04e5f,PL,lei_declared,True,False,1
cf628625ee,PL,lei_declared,True,False,1
0ee21b7187,PL,none,False,False,0
6882ef8874,PL,lei_declared,True,False,1
a6bde1f189,PL,none,False,False,0
bd366df99c,PL,lei_declared,True,False,1
7dbe9aad97,PL,none,False,False,0
7ef80df00b,PL,none,False,False,0
1991c2341d,PL,none,False,False,0
8d65595ba9,PL,none,False,False,0
c8f2e7e8db,PL,none,False,False,0
d7bfdea856,PL,none,False,False,0
37f2433780,PL,lei_declared,True,False,1
cde265aa2e,PL,lei_declared,True,False,1
bd2252e485,PL,none,False,False,0
cda8b5047c,PL,lei_declared,True,False,1
6bb80bad83,PL,none,False,False,0
54c151e3d2,PL,none,False,False,0
e4f8dcb55f,PL,none,False,False,0
5354421cad,PL,none,False,False,0
ad9488d6e2,PL,none,False,False,0
7a1896f08d,PL,none,False,False,0
5e17d5c41e,PL,none,False,False,0
18cabd55d7,PL,none,False,False,0
6378867a65,PL,none,False,False,0
1b46980d2a,PL,lei_declared,True,False,1
5b4d3a956a,PL,none,False,False,0
1c7f421815,PL,none,False,False,0
12852bd534,PL,none,False,False,0
efa1290234,PL,none,False,False,0
5eeee4770e,PL,none,False,False,0
1c762e88f3,PL,none,False,False,0
a810e09231,PL,none,False,False,0
7bd19a6334,PL,none,False,False,0
40fdc784d4,PL,none,False,False,0
f5e7c222a8,PL,none,False,False,0
a2b0247efc,PL,none,False,False,0
80e1c89860,PL,none,False,False,0
6547645b7b,PL,lei_declared,True,False,1
250dbf55f1,PL,none,False,False,0
9fc57b9dce,PL,lei_declared,True,False,1
2b9a703f29,PL,none,False,False,0
ff2dee91f8,PL,none,False,False,0
466dd44385,PL,none,False,False,0
9e711cab44,PL,lei_declared,True,False,1
9c4320fdf0,PL,lei_declared,True,False,1
5a039fe6cf,PL,none,False,False,0
8512829e86,PL,lei_declared,True,False,1
c4cf676ccc,PL,none,False,False,0
4bb8718d27,PL,lei_declared,True,False,1
f8d42ad9a2,PL,none,False,False,0
a2ee028775,PL,none,False,False,0
9acee43684,PL,lei_declared,True,False,1
d9c4dfae59,PL,none,False,False,0
78737c248e,PL,none,False,False,0
c61eafe522,PL,none,False,False,0
95f3fdefcf,PL,none,False,False,0
f20dab5a1b,PL,none,False,False,0
a20872f96a,PL,none,False,False,0
b6e503cbf9,PL,none,False,False,0
93c1264658,PL,none,False,False,0
fb6ee310d1,PL,none,False,False,0
7ac193c357,PL,none,False,False,0
28f7fbb0c0,PL,none,False,False,0
cae7f72392,PL,none,False,False,0
d61b6ac8b6,PL,none,False,False,0
c5193eaef2,PL,none,False,False,0
c55dc456a7,PL,lei_declared,True,False,1
50ddd9ab7e,PL,none,False,False,0
1f4bda679a,PL,none,False,False,0
7b06feab3a,PL,none,False,False,0
a3e0712ed6,PL,none,False,False,0
7f0b09e550,PL,none,False,False,0
209bbb688c,PL,none,False,False,0
8379c9e4dd,PL,none,False,False,0
d2ac89571d,PL,none,False,False,0
bce2ed8860,PL,none,False,False,0
8c5324cf7a,PL,none,False,False,0
af133774ee,PL,none,False,False,0
8a007a62b4,PL,none,False,False,0
cacb990fd5,PL,lei_declared,True,False,1
6f4302eb8a,PL,lei_declared,True,False,1
338abe3592,PL,none,False,False,0
a8bf93eab8,PL,none,False,False,0
eed2cd0fc2,PL,none,False,False,0
0525ced818,PL,lei_declared,True,False,1
cb818f8eec,PL,none,False,False,0
57bdc65525,PL,none,False,False,0
9019762aa1,PL,none,False,False,0
6f44ea73f3,PL,none,False,False,0
d5a2e7dbfa,PL,none,False,False,0
626ad9e7f0,PL,none,False,False,0
f519445c78,PL,none,False,False,0
2a9fa7cdf1,PL,none,False,False,0
cfdbcb4499,PL,none,False,False,0
1f294e8d91,PL,none,False,False,0
a48832a896,PL,none,False,False,0
eee96c9fd9,PL,none,False,False,0
88fec209f8,PL,lei_declared,True,False,1
e34ae340d3,PL,lei_declared,True,False,1
918d4ca066,PL,none,False,False,0
91c2522680,PL,lei_declared,True,False,1
23da3f4c14,PL,none,False,False,0
f7580877dd,PL,none,False,False,0
ef071dfbab,PL,lei_declared,True,False,1
bf82540891,PL,none,False,False,0
93437de846,PL,none,False,False,0
2ee58942e8,PL,none,False,False,0
c2e34afbf3,PL,none,False,False,0
2cc65bcd53,PL,lei_declared,True,False,1
d5327e86a0,PL,none,False,False,0
bcaa0c404a,PL,none,False,False,0
23b84e19c2,PL,none,False,False,0
17148e3dd0,PL,none,False,False,0
34eb14503e,PL,none,False,False,0
878db6f758,PL,none,False,False,0
ab476dd8cf,PL,none,False,False,0
565a5f9413,PL,none,False,False,0
d247241d15,PL,none,False,False,0
8df0886d0c,PL,none,False,False,0
edf407c280,PL,none,False,False,0
1bd90d9932,PL,none,False,False,0
2b60a665ac,PL,none,False,False,0
11a4121596,PL,none,False,False,0
e0db4e1f85,PL,none,False,False,0
c02e182700,PL,none,False,False,0
0dc1f545b8,PL,none,False,False,0
2d0d5727bd,PL,lei_declared,True,False,1
70b95708f5,PL,lei_declared,True,False,1
1ba9c52243,PL,none,False,False,0
a1c8297f94,PL,none,False,False,0
41a13bf226,PL,lei_declared,True,False,1
72f13a2cf5,PL,lei_declared,True,False,1
70c0137fc4,PL,lei_declared,True,False,1
0ebaa8ca2b,PL,none,False,False,0
0d78160607,PL,none,False,False,0
5325b4ae5b,PL,none,False,False,0
4c00135f96,PL,none,False,False,0
365e0fb52b,PL,none,False,False,0
b00bb61b75,PL,lei_declared,True,False,1
f5e6354d2e,PL,none,False,False,0
83d5323f31,PL,lei_declared,True,False,1
c89612cf98,PL,none,False,False,0
94f6b3cc9b,PL,lei_declared,True,False,1
df94b952c1,PL,lei_declared,True,False,1
ceba2b2ac1,PL,lei_declared,True,False,1
06a4ca465a,PL,none,False,False,0
407fe0cc29,PL,none,False,False,0
3ff987cefb,PL,none,False,False,0
703ab052ca,PL,none,False,False,0
c7d4171244,PL,lei_declared,True,False,1
c7e1a0cdc6,PL,lei_declared,True,False,1
0bd15da4b3,PL,none,False,False,0
4f33d33be9,PL,none,False,False,0
c9744c65fa,PL,none,False,False,0
79a1d427cd,PL,none,False,False,0
9cb71b2ba2,PL,none,False,False,0
ee9d76918d,PL,none,False,False,0
619862852c,PL,lei_declared,True,False,1
c27be56671,PL,lei_declared,True,False,1
f0f182a98f,PL,lei_declared,True,False,1
aaa66acb74,PL,lei_declared,True,False,1
9c34218fee,PL,none,False,False,0
30cee41860,PL,none,False,False,0
c4ca6435c3,PL,none,False,False,0
d209b174b1,PL,register_qualified,True,False,1
eaa366c7f6,PL,none,False,False,0
9dd549a4c6,PL,none,False,False,0
364043c126,PL,none,False,False,0
8a28db9a44,PL,none,False,False,0
56192730fd,PL,none,False,False,0
a41a1d637d,PL,none,False,False,0
a6b7229819,PL,lei_declared,True,False,1
365ae00254,PL,none,False,False,0
7f90b043b6,PL,none,False,False,0
6b7fbfeadb,PL,none,False,False,0
303346582f,PL,none,False,False,0
e37976e09a,PL,none,False,False,0
37141aeb6f,PL,none,False,False,0
734e9f32c1,PL,none,False,False,0
4e10f94950,PL,none,False,False,0
43e8065d02,PL,none,False,False,0
3e15a66c80,PL,none,False,False,0
3f146002f8,PL,none,False,False,0
2ceb4384f0,PL,none,False,False,0
e3157e986a,PL,none,False,False,0
60a8b7403f,PL,none,False,False,0
90a444c98b,PL,none,False,False,0
2414790996,PL,none,False,False,0
0799d526f7,PL,none,False,False,0
adfeda1109,PL,none,False,False,0
44af51f23c,PL,lei_declared,True,False,1
96ce882f0a,PL,lei_declared,True,False,1
3a4c8f450a,PL,none,False,False,0
ad62a5c006,PL,none,False,False,0
703ff62e8b,PL,lei_declared,True,False,1
6e88cf6646,PL,none,False,False,0
a535c1a1ab,PL,none,False,False,0
de46a66e66,PL,none,False,False,0
223f871d32,PL,none,False,False,0
2ed8fc81de,PL,lei_declared,True,False,1
ca3ff70514,PL,lei_declared,True,False,1
5680b58c7b,PL,none,False,False,0
491154bab1,PL,none,False,False,0
291c0f0e64,PL,none,False,False,0
8045e6c95e,PL,none,False,False,0
e5d4d3460f,PL,none,False,False,0
a13d1aec85,PL,none,False,False,0
793cae7e3d,PL,none,False,False,0
84c094bcc9,PL,none,False,False,0
1dc555968d,PL,none,False,False,0
195deb818b,PL,none,False,False,0
20bab9f6cf,PL,lei_declared,True,False,1
92f7a21909,PL,none,False,False,0
68144b87e0,PL,none,False,False,0
f00b890c15,PL,none,False,False,0
d69891272c,PL,none,False,False,0
101b13fede,PL,none,False,False,0
0e3324c4e4,PL,none,False,False,0
dc008b3a3b,PL,none,False,False,0
dd6f88e953,PL,none,False,False,0
5824d728ee,PL,lei_declared,True,False,1
f7f17f9d0e,PL,none,False,False,0
5ffb2c3e5a,PL,none,False,False,0
7483d0c71b,PL,none,False,False,0
41058a735d,PL,none,False,False,0
be06944c82,PL,none,False,False,0
d563843318,PL,none,False,False,0
937ea1ecfc,PL,lei_declared,True,False,1
09d26fb3a6,PL,lei_declared,True,False,1
e68454bf4d,PL,none,False,False,0
df901eb865,PL,lei_declared,True,False,1
d06fe5172e,PL,none,False,False,0
b7548128e2,PL,none,False,False,0
c7854fe2c2,PL,register_qualified,True,False,1
1e1c9b43f2,PL,none,False,False,0
0a7ccb07a9,PL,none,False,False,0
99088f955d,PL,none,False,False,0
b99b1428e7,PL,lei_declared,True,False,1
2bccecb6e0,PL,none,False,False,0
662c4dbfa0,PL,none,False,False,0
405d9e9ad3,PL,lei_declared,True,False,1
61dcdd9db0,PL,lei_declared,True,False,1
9f3b84dc37,PL,register_qualified,True,False,1
5ab5dc27dc,PL,none,False,False,0
abb5cc7147,PL,none,False,False,0
4169ef5397,PL,none,False,False,0
c3ad5af350,PL,none,False,False,0
ae65913b15,PL,none,False,False,0
c9a8789b76,PL,none,False,False,0
b1bb62d6f1,PL,lei_declared,True,False,1
6860590462,PL,none,False,False,0
c5506fcfef,PL,none,False,False,0
6d14ed81a6,PL,none,False,False,0
9bb8c4d1c6,PL,none,False,False,0
eaaa281691,PL,none,False,False,0
590396a550,PL,none,False,False,0
8420b00650,PL,none,False,False,0
52c8b66f46,PL,none,False,False,0
b9bac3fa3a,PL,none,False,False,0
2dcc841242,PL,none,False,False,0
6e2961d212,PL,none,False,False,0
fd3aa23ec9,PL,none,False,False,0
9b58982f76,PL,none,False,False,0
26a5442f47,PL,none,False,False,0
8cc6fccdbf,PL,none,False,False,0
e36a76a01c,PL,none,False,False,0
4dedf6ff9f,PL,lei_declared,True,False,1
425e52ff39,PL,none,False,False,0
1a11e1da4e,PL,none,False,False,0
88d3c64da8,PL,none,False,False,0
0150f0da97,PL,lei_declared,True,False,1
906cc1419a,PL,none,False,False,0
6bc4802011,PL,none,False,False,0
322c1a4e7b,PL,none,False,False,0
b723d7acf5,PL,register_qualified,True,False,1
84aa51f07b,PT,none,False,False,0
4306d15c45,PT,none,False,False,0
34c2fa0034,PT,none,False,False,0
705753c90c,PT,none,False,False,0
d893608aee,PT,none,False,False,0
04793dad56,PT,none,False,False,0
232d466d7b,PT,none,False,False,0
597892874e,PT,register_qualified,True,False,1
a3631dfe20,PT,none,False,False,0
bd605cfd79,PT,lei_declared,True,False,1
1e43e5bd0e,PT,none,False,False,0
5cfb278b50,PT,none,False,False,0
81b8565ee5,PT,none,False,False,0
76e6609bda,PT,none,False,False,0
151d2145c7,PT,register_qualified,True,False,1
b995856992,PT,lei_declared,True,False,1
809f708bbe,PT,none,False,False,0
001496e40e,PT,none,False,False,0
8990ecb371,PT,none,False,False,0
0baa03237c,PT,none,False,False,0
512ee83f1b,PT,none,False,False,0
a7f6811ca7,PT,none,False,False,0
1faee69b0a,PT,register_qualified,True,False,1
469adeda3a,PT,none,False,False,0
e62670cc92,PT,register_qualified,True,False,1
f1a23b6f9e,PT,none,False,False,0
a6e0b2b587,PT,register_qualified,True,False,1
6584955e52,PT,register_qualified,True,False,1
30b41169e4,PT,none,False,False,0
09175785bb,PT,none,False,False,0
16bc5005f1,PT,none,False,False,0
44d3324386,PT,none,False,False,0
ada7ad186f,PT,lei_declared,True,False,1
d4861716bf,PT,lei_declared,True,False,1
53bda1f4c4,PT,none,False,False,0
decff29a11,PT,none,False,False,0
c30c96254d,PT,none,False,False,0
44564307fa,PT,none,False,False,0
cd6f2d6625,PT,register_qualified,True,False,1
1cb97136c6,PT,none,False,False,0
dd67c3f8aa,PT,none,False,False,0
7f6338602c,PT,none,False,False,0
1fd4734c5c,PT,lei_declared,True,False,1
4d95a712a7,PT,none,False,False,0
a021815b28,PT,register_qualified,True,False,1
b5ba67a7de,PT,lei_declared,True,False,1
e1e16940f3,PT,register_qualified,True,False,1
943db10bb1,PT,none,False,False,0
bb8cad87a7,PT,none,False,False,0
9422036455,PT,lei_declared,True,False,1
21be06e244,PT,lei_declared,True,False,1
b19c969d7a,PT,none,False,False,0
1274101422,PT,none,False,False,0
e67555c5ef,PT,none,False,False,0
4e90d941bc,PT,none,False,False,0
c2fd25a232,PT,lei_declared,True,False,1
72f5eea606,PT,none,False,False,0
8702e8fc6c,PT,none,False,False,0
4b3da583d9,PT,lei_declared,True,False,1
50d665c878,PT,none,False,False,0
63155db1d0,PT,none,False,False,0
579da51599,PT,none,False,False,0
771bce4b46,PT,register_qualified,True,False,1
ec1cef6c5e,PT,none,False,False,0
a291aced38,PT,none,False,False,0
563fd02b1d,PT,none,False,False,0
9e552a5bdf,PT,none,False,False,0
2f6f5c178c,PT,none,False,False,0
442108a22d,PT,none,False,False,0
d27de07a58,PT,none,False,False,0
e9c3f46f77,PT,none,False,False,0
07c1912191,PT,none,False,False,0
775f58b6cb,PT,none,False,False,0
b1c56ca846,PT,lei_declared,True,False,1
a8e53aa898,PT,none,False,False,0
584e21eedf,PT,none,False,False,0
b60e98022e,PT,none,False,False,0
78d3fa44a3,PT,none,False,False,0
d2b6dbe811,PT,none,False,False,0
667b9312ce,PT,none,False,False,0
c2d20bcf14,PT,none,False,False,0
b46aa9cec5,PT,none,False,False,0
9c267f649f,PT,none,False,False,0
efed17567d,PT,none,False,False,0
d2e20c4e7f,PT,none,False,False,0
b19e99a92b,PT,lei_declared,True,False,1
2969119604,PT,none,False,False,0
aca59e40db,PT,none,False,False,0
eadad2ed47,PT,register_qualified,True,False,1
10f0fe5503,PT,none,False,False,0
f59632f8cd,PT,none,False,False,0
f324003c2d,PT,none,False,False,0
afc5a429d5,PT,register_qualified,True,False,1
893956d364,PT,none,False,False,0
a1537545e6,PT,none,False,False,0
6ddffb06d8,PT,none,False,False,0
b4424ef9aa,PT,register_qualified,True,False,1
1e70cc7112,PT,none,False,False,0
67b0d52bbc,PT,none,False,False,0
79f7270300,PT,register_qualified,True,False,1
71e0b61a65,PT,none,False,False,0
ca208afed8,PT,none,False,False,0
1bf17f34e9,PT,none,False,False,0
7da0aa6ca2,PT,none,False,False,0
e8ba86b8c6,PT,lei_declared,True,False,1
6b5d3e5552,PT,register_qualified,True,False,1
7574a9a8d3,PT,register_qualified,True,False,1
097a1a968b,PT,register_qualified,True,False,1
e01a99db43,PT,register_qualified,True,False,1
813521467e,PT,lei_declared,True,False,1
74c7edcb71,PT,lei_declared,True,False,1
38a8a1fd92,PT,none,False,False,0
a37bf17cca,PT,lei_declared,True,False,1
59894dad28,PT,none,False,False,0
dfe57e4ecc,PT,none,False,False,0
eb22462d33,PT,none,False,False,0
ab2f11ca48,PT,none,False,False,0
d0ffeac403,PT,none,False,False,0
fe4ee57d80,PT,lei_declared,True,False,1
1d43b3d37d,PT,lei_declared,True,False,1
44d342ad4e,PT,none,False,False,0
96d4bfffb1,PT,none,False,False,0
155aadf598,PT,none,False,False,0
060e1359d2,PT,lei_declared,True,False,1
4b23a97f84,PT,none,False,False,0
2370d803b5,PT,none,False,False,0
e54c231823,PT,none,False,False,0
f11b254257,PT,register_qualified,True,False,1
7a462149e2,PT,register_qualified,True,False,1
77d97383d3,PT,register_qualified,True,False,1
42b1957bf9,PT,none,False,False,0
fa9aac022c,PT,none,False,False,0
9c5f64129f,PT,none,False,False,0
c4bbf7b2bd,PT,register_qualified,True,False,1
ec8a700521,PT,register_qualified,True,False,1
6f36d7f042,PT,lei_declared,True,False,1
64fe1a0176,PT,none,False,False,0
db506de20d,PT,none,False,False,0
da6754e036,PT,none,False,False,0
ede3df90f4,PT,lei_declared,True,False,1
ac6dffbbe0,PT,none,False,False,0
f78bf056ac,PT,lei_declared,True,False,1
3b563fea7e,PT,none,False,False,0
78839f11a7,PT,none,False,False,0
37261d91a3,PT,none,False,False,0
461b0ba03e,PT,lei_declared,True,False,1
7585009375,PT,register_qualified,True,False,1
4003b0a1ea,PT,lei_declared,True,False,1
d427591cfc,PT,register_qualified,True,False,1
c40482b7ee,PT,register_qualified,True,False,1
f79d58f16a,PT,lei_declared,True,False,1
b701dd8986,PT,lei_declared,True,False,1
d6c1278c4f,PT,register_qualified,True,False,1
e9b2a0fc6b,PT,none,False,False,0
4b14cfb134,PT,none,False,False,0
37617f1383,PT,none,False,False,0
700c877aeb,PT,none,False,False,0
da3c5134e5,PT,none,False,False,0
584bb5ba6f,PT,none,False,False,0
c599b2fd1e,PT,lei_declared,True,False,1
5fe3fe937e,PT,none,False,False,0
d910ca4dd2,PT,none,False,False,0
98049e0cc6,PT,register_qualified,True,False,1
05a41c8993,PT,none,False,False,0
9371cbc7c2,PT,none,False,False,0
723c8c8847,PT,none,False,False,0
f64b6b4a6a,PT,none,False,False,0
8a0cd3e1d0,PT,none,False,False,0
fac7f4460d,PT,none,False,False,0
294c72224e,PT,none,False,False,0
6a5be07786,PT,none,False,False,0
2178db25c8,PT,none,False,False,0
017083f665,PT,none,False,False,0
bda3e772db,PT,none,False,False,0
4932ddf131,PT,lei_declared,True,False,1
51034e620c,PT,none,False,False,0
41d4d2a06d,PT,none,False,False,0
26616c2173,PT,none,False,False,0
5d225c24b6,PT,lei_declared,True,False,1
bdce57879e,PT,none,False,False,0
8773e1ae80,PT,lei_declared,True,False,1
79b2dc2801,PT,none,False,False,0
856178e7b4,PT,lei_declared,True,False,1
b735cbf24d,PT,none,False,False,0
cb7d474797,PT,none,False,False,0
b165b49ce9,PT,lei_declared,True,False,1
183b673314,PT,none,False,False,0
ea44fb5b33,PT,none,False,False,0
5b8034d2a1,PT,none,False,False,0
a9eca28340,PT,none,False,False,0
e778a059d9,PT,none,False,False,0
2fa5bc06a8,PT,none,False,False,0
6eb10fea97,PT,none,False,False,0
fa13121fe1,PT,none,False,False,0
c73a50641e,PT,none,False,False,0
ad2a811bcf,PT,none,False,False,0
ae5478d3bd,PT,none,False,False,0
ffec989f34,PT,none,False,False,0
e5f575f036,PT,none,False,False,0
760f44bd5a,PT,none,False,False,0
65f9649f20,PT,none,False,False,0
0f8cc8882b,PT,none,False,False,0
6836501b23,PT,none,False,False,0
08ae8897cc,PT,register_qualified,True,False,1
fce38e11bd,PT,register_qualified,True,False,1
af134c9bef,PT,register_qualified,True,False,1
fcd39706f6,PT,register_qualified,True,False,1
cc00423894,PT,register_qualified,True,False,1
343fe6c44d,PT,register_qualified,True,False,1
c697e4433b,PT,none,False,False,0
53c87889f2,PT,none,False,False,0
45f8a41f8f,PT,none,False,False,0
9807189a28,PT,lei_declared,True,False,1
a5a1650e87,PT,none,False,False,0
3c2a2c058b,PT,lei_declared,True,False,1
5a3c4fdcfc,PT,lei_declared,True,False,1
8f6c8166ae,PT,none,False,False,0
ad2b6f4d94,PT,lei_declared,True,False,1
7eda2f5529,PT,none,False,False,0
e5bf4cef9c,PT,none,False,False,0
15fb474a6c,PT,none,False,False,0
800f4cbf65,PT,lei_declared,True,False,1
73abb721a9,PT,none,False,False,0
fcab94d711,PT,none,False,False,0
270aa20045,PT,none,False,False,0
4ad1ce63e4,PT,none,False,False,0
9a42781495,PT,none,False,False,0
7ea60ad3be,PT,register_qualified,True,True,2
4f3ec5a795,PT,none,False,False,0
d5909213aa,PT,none,False,False,0
351f49dbd3,PT,none,False,False,0
92e7a0e2b8,PT,lei_declared,True,False,1
2b74640e43,PT,none,False,False,0
0690b26835,PT,none,False,False,0
66dea171de,PT,none,False,False,0
d4aa1ad3e6,PT,none,False,False,0
bbe41eabf7,PT,lei_declared,True,False,1
195d9ee36d,PT,register_qualified,True,False,1
d806d5c0a0,PT,none,False,False,0
c89838d74e,PT,none,False,False,0
f16fc6793f,PT,none,False,False,0
2d1ca24aea,PT,none,False,False,0
85f879c930,PT,none,False,False,0
fe376815ce,PT,none,False,False,0
a98f85cb89,PT,none,False,False,0
ea33c81e59,PT,register_qualified,True,False,1
cc980f23be,PT,lei_declared,True,False,1
3888f0d08d,PT,none,False,False,0
f4d5324465,PT,none,False,False,0
8376f0ff73,PT,register_qualified,True,False,1
15612a2079,PT,none,False,False,0
1a8483dc6c,PT,none,False,False,0
e86b592ec3,PT,register_qualified,True,False,1
43b1ab9e19,PT,register_qualified,True,False,1
3e317aca3a,PT,none,False,False,0
1e258a2569,PT,register_qualified,True,False,1
6a54d28247,PT,none,False,False,0
44a656d036,PT,register_qualified,True,False,1
4cd449009b,PT,register_qualified,True,False,1
3f3ed18f82,PT,none,False,False,0
e6118b3cd7,PT,none,False,False,0
be48d3cb2b,PT,none,False,False,0
2af65faf29,PT,lei_declared,True,False,1
e63caa3848,PT,none,False,False,0
7fffa9a558,PT,none,False,False,0
5a3dfb3cfd,PT,none,False,False,0
4a18a367a8,PT,none,False,False,0
ca1ab1cdb0,PT,none,False,False,0
e4e6737fba,PT,lei_declared,True,False,1
104ada84bd,PT,none,False,False,0
d368852703,PT,none,False,False,0
49312e410a,PT,register_qualified,True,False,1
fbd46aeb56,PT,none,False,False,0
54f52a5458,PT,lei_declared,True,False,1
4d088b7665,PT,none,False,False,0
56274765db,PT,none,False,False,0
84e21fdcae,PT,none,False,False,0
0af3d896f6,PT,lei_declared,True,False,1
6d6e4b01e1,PT,register_qualified,True,False,1
e5948c9236,PT,none,False,False,0
395ba64422,PT,none,False,False,0
2fbc3884af,PT,lei_declared,True,False,1
fe7f41ad2c,PT,none,False,False,0
e7e6f0b81d,PT,none,False,False,0
0fd3c3cd72,PT,none,False,False,0
5216e8fb7c,PT,register_qualified,True,False,1
b5ce0d82cc,PT,none,False,False,0
4a00c0a444,PT,none,False,False,0
5756dc88a8,PT,register_qualified,True,False,1
0dad5b24bf,PT,none,False,False,0
b46a481d98,PT,register_qualified,True,False,1
d8cb4e55e3,PT,register_qualified,True,False,1
ae7c07750e,PT,register_qualified,True,False,1
daf97be69f,PT,register_qualified,True,False,1
d5fd0cecad,PT,lei_declared,True,False,1
20aa1dc1a2,PT,none,False,False,0
c464e6a3a6,PT,none,False,False,0
38c7334593,PT,none,False,False,0
5603a52e51,PT,none,False,False,0
41d5726aa6,PT,none,False,False,0
350c100276,PT,none,False,False,0
498c0b205d,PT,register_qualified,True,False,1
b51957f072,PT,none,False,False,0
9a74bf5e6b,PT,none,False,False,0
061a2133bc,PT,none,False,False,0
e758c0c481,PT,none,False,False,0
8aabd55d90,PT,none,False,False,0
bd0b3f0967,PT,none,False,False,0
43b26a0d7d,PT,none,False,False,0
aec06756f1,PT,none,False,False,0
fe3a577306,PT,lei_declared,True,False,1
b323207e60,PT,lei_declared,True,False,1
cd5de768f8,PT,lei_declared,True,False,1
4fd567f242,PT,none,False,False,0
bbe58a5bd9,PT,none,False,False,0
077e85be91,PT,none,False,False,0
911f8c9756,PT,none,False,False,0
c968de618e,PT,lei_declared,True,False,1
f0c1613fa3,PT,none,False,False,0
be5bbe80d6,PT,register_qualified,True,False,1
6c35f71b24,PT,lei_declared,True,False,1
400d722664,PT,none,False,False,0
2b83164e28,PT,none,False,False,0
2619ce438c,PT,lei_declared,True,False,1
93b8580d22,PT,lei_declared,True,False,1
7b9f36da42,PT,lei_declared,True,False,1
77de6d7937,PT,lei_declared,True,False,1
590d14b051,PT,none,False,False,0
b255509bea,PT,lei_declared,True,False,1
db16f3833a,PT,lei_declared,True,False,1
55836d0e94,PT,lei_declared,True,False,1
c14baefd9c,PT,register_qualified,True,False,1
d9516ca4b8,PT,lei_declared,True,False,1
c7ee6cca7e,PT,register_qualified,True,False,1
d285359c34,PT,register_qualified,True,False,1
54b8caf57f,PT,none,False,False,0
043af665c0,PT,register_qualified,True,False,1
48d7ab30e6,PT,none,False,False,0
2a89cfd158,PT,none,False,False,0
4b3e362d4e,PT,none,False,False,0
e2f9776492,PT,none,False,False,0
a3d8c68cc7,PT,register_qualified,True,False,1
525d9305e1,PT,register_qualified,True,False,1
65a9de7fc8,PT,register_qualified,True,False,1
b5f2fb8ce1,PT,none,False,False,0
d4d682a660,PT,none,False,False,0
08cda1e22b,PT,none,False,False,0
4666510323,PT,lei_declared,True,False,1
a9ca254908,PT,register_qualified,True,False,1
fb674a2c6d,PT,lei_declared,True,False,1
0a61ad9d33,PT,none,False,False,0
0f52644fa5,PT,none,False,False,0
dbd17092b6,PT,none,False,False,0
87e201147f,PT,none,False,False,0
e0b9ddab09,PT,none,False,False,0
a57cb376ab,PT,none,False,False,0
e168266085,PT,none,False,False,0
f1f834cd98,PT,register_qualified,True,False,1
4707f31b7d,PT,none,False,False,0
d63784bf12,PT,none,False,False,0
15a8dc919e,PT,none,False,False,0
6298e31d40,PT,lei_declared,True,False,1
646ef97379,PT,lei_declared,True,False,1
dd596d0d14,PT,none,False,False,0
3a62d66d18,PT,none,False,False,0
75099ae897,PT,none,False,False,0
7c0caac79d,PT,lei_declared,True,False,1
24620ef125,PT,none,False,False,0
a1be1e5bb7,PT,none,False,False,0
cd62008731,PT,none,False,False,0
6a127f2b79,PT,none,False,False,0
765d134980,PT,register_qualified,True,False,1
3ac4672204,PT,register_qualified,True,False,1
8d95fee416,PT,none,False,False,0
ab4c87c57d,PT,lei_declared,True,False,1
72e1f3dc03,PT,none,False,False,0
2cc1b3627e,PT,none,False,False,0
29e0da7d76,PT,none,False,False,0
cbe058e605,PT,none,False,False,0
590f661a0a,PT,register_qualified,True,False,1
915ec71580,PT,none,False,False,0
f9d4af7773,PT,register_qualified,True,False,1
3721e1c452,PT,none,False,False,0
a521c5eea0,PT,lei_declared,True,False,1
c18783bf7d,PT,none,False,False,0
b30f6583e0,PT,none,False,False,0
c513289a12,PT,none,False,False,0
38a2f8da43,PT,none,False,False,0
9cf0270025,PT,none,False,False,0
fe659be8e5,PT,lei_declared,True,False,1
2add117b6a,PT,lei_declared,True,False,1
02f7b8005b,PT,none,False,False,0
f491b8ced2,PT,none,False,False,0
acbae8f364,PT,none,False,False,0
258816ff17,PT,none,False,False,0
d21edb7489,PT,none,False,False,0
6a48e2c40c,PT,lei_declared,True,False,1
dd3921f1b7,PT,none,False,False,0
afbbbdfdc9,PT,lei_declared,True,False,1
7b90f08e7b,PT,register_qualified,True,False,1
8aa27d7b27,PT,register_qualified,True,False,1
8715ffc8f3,PT,register_qualified,True,False,1
8a6f97e669,PT,lei_declared,True,False,1
caf0925855,PT,none,False,False,0
c1ad3f7c51,PT,register_qualified,True,False,1
c4f735c208,PT,none,False,False,0
588bd15cfb,PT,none,False,False,0
de645f5a68,PT,register_qualified,True,False,1
7ad413464d,PT,none,False,False,0
eb4d97839d,PT,none,False,False,0
9831aa11ea,PT,none,False,False,0
57392de860,PT,lei_declared,True,False,1
c660be9142,PT,none,False,False,0
987e52b766,PT,none,False,False,0
7cd72c351a,PT,none,False,False,0
44e43119e3,PT,none,False,False,0
7f4ccadd2b,PT,none,False,False,0
61f4660fa9,PT,lei_declared,True,False,1
32f8bfe6d0,PT,none,False,False,0
7877ea58c2,PT,none,False,False,0
b1974e85d9,PT,none,False,False,0
f3b6869d87,PT,none,False,False,0
599c1d0852,PT,none,False,False,0
9fcd35710d,PT,none,False,False,0
f85bf58622,PT,none,False,False,0
fd2da4ccd4,RO,none,False,False,0
6d78c010d6,RO,none,False,False,0
6a147e5657,RO,none,False,False,0
4be6617433,RO,none,False,False,0
42bd415b4b,RO,none,False,False,0
53de5c51e8,RO,none,False,False,0
22e51df7f6,RO,none,False,False,0
fa1807023f,RO,lei_declared,True,False,1
99b8a24fe8,RO,lei_declared,True,False,1
0ddd7c0927,RO,none,False,False,0
ef47f09b00,RO,none,False,False,0
91975734f6,RO,none,False,False,0
905da84f33,RO,none,False,False,0
3211bec89e,RO,none,False,False,0
09590bc172,RO,lei_declared,True,False,1
6597771868,RO,none,False,False,0
c70d23f0c2,RO,none,False,False,0
4eb8f513f0,RO,none,False,False,0
31f904deb8,RO,none,False,False,0
d92cc11ba3,RO,none,False,False,0
e43ffee0b1,RO,register_qualified,True,False,1
c4d7a10569,RO,lei_declared,True,False,1
e5ddd13720,RO,none,False,False,0
a7a70f6634,RO,none,False,False,0
48d7da67b8,RO,register_qualified,True,False,1
40910de4d6,RO,register_qualified,True,False,1
1d44ece459,RO,none,False,False,0
5ac7eb1fa6,RO,none,False,False,0
0cd6787e7c,RO,lei_declared,True,False,1
7455ab01aa,RO,none,False,False,0
8952b1f1cc,RO,none,False,False,0
1cf11a810a,RO,none,False,False,0
6fe86c5e74,RO,none,False,False,0
727ef20ee6,RO,none,False,False,0
dde3b24098,RO,lei_declared,True,False,1
7f63c8bdc9,RO,none,False,False,0
5bb59a3c12,RO,none,False,False,0
3aece0f6ac,RO,none,False,False,0
01efe37ec1,RO,none,False,False,0
f20986fb1e,RO,none,False,False,0
891eaee975,RO,none,False,False,0
3ba4685248,RO,lei_declared,True,False,1
0a00280da2,RO,none,False,False,0
e5b90f7409,RO,none,False,False,0
cd97f1cfb9,RO,none,False,False,0
24616db200,RO,none,False,False,0
e906ea2e6c,RO,none,False,False,0
b8f1418f12,RO,none,False,False,0
ae83aa55b5,RO,none,False,False,0
e43a8f4774,RO,none,False,False,0
c1d7c2fd53,RO,none,False,False,0
9943fa1f90,RO,none,False,False,0
e95b366954,RO,none,False,False,0
c84006fd76,RO,none,False,False,0
16b76231b7,RO,none,False,False,0
0584f9af35,RO,none,False,False,0
2d0f5d8a5a,RO,none,False,False,0
784713200c,RO,none,False,False,0
0937543577,RO,none,False,False,0
2cb7653adf,RO,none,False,False,0
ad6b0821ae,RO,none,False,False,0
aca7ad37cc,RO,none,False,False,0
ceb8e25a98,RO,none,False,False,0
4ac369c55e,RO,none,False,False,0
9849a14111,RO,none,False,False,0
c7a699b7ed,RO,none,False,False,0
5fcced0ef6,RO,none,False,False,0
bb32faace1,RO,none,False,False,0
2152aae543,RO,none,False,False,0
2e79006593,RO,none,False,False,0
100509b58a,RO,lei_declared,True,False,1
78deb4eee8,RO,lei_declared,True,False,1
cb463f174c,RO,lei_declared,True,False,1
fd79769a37,RO,none,False,False,0
1ccf4a7679,RO,none,False,False,0
20b1302fa2,RO,none,False,False,0
14b2c30037,RO,none,False,False,0
fd092b777e,RO,none,False,False,0
61817ac063,RO,none,False,False,0
f2c468b4f6,RO,lei_declared,True,False,1
5d66465d02,RO,register_qualified,True,False,1
3d961ee7aa,RO,none,False,False,0
dcec6c4212,RO,lei_declared,True,False,1
b14c043987,RO,none,False,False,0
505f240efa,RO,none,False,False,0
2745fdaed7,RO,register_qualified,True,False,1
c304ab6e3d,RO,none,False,False,0
b834adfb9e,RO,none,False,False,0
1a9d7a99d7,RO,none,False,False,0
43e5a253d7,RO,none,False,False,0
d31e7dd958,RO,none,False,False,0
278fdbc3e5,RO,none,False,False,0
b5646b1d89,RO,none,False,False,0
63007623fa,RO,none,False,False,0
807e26f696,RO,none,False,False,0
d95a883738,RO,none,False,False,0
375ef6fa68,RO,register_qualified,True,False,1
0dd9c9c840,RO,none,False,False,0
4e68d4f5c3,RO,none,False,False,0
fbc6deaea7,RO,none,False,False,0
c882926c79,RO,none,False,False,0
4c66a5256b,RO,none,False,False,0
e3647b1d16,RO,none,False,False,0
c059c10901,RO,register_qualified,True,False,1
1079ed7ea9,RO,none,False,False,0
7392df5306,RO,none,False,False,0
abc2a829ad,RO,none,False,False,0
7ed8211fdd,RO,none,False,False,0
f1c14bac6d,RO,none,False,False,0
92f6e408c9,RO,none,False,False,0
f0de46b56f,RO,none,False,False,0
4281f7163f,RO,none,False,False,0
cd0896d2d0,RO,none,False,False,0
18f3538455,RO,none,False,False,0
5e7eaec857,RO,lei_declared,True,False,1
57eeaf9476,RO,none,False,False,0
a394a0a0d8,RO,none,False,False,0
4525221f01,RO,none,False,False,0
56c93b1d1c,RO,none,False,False,0
1a972c6b67,RO,none,False,False,0
a2d5f2690e,RO,none,False,False,0
4b45c5a1d2,RO,none,False,False,0
ab73d1dce9,RO,none,False,False,0
a1bb007dd0,RO,lei_declared,True,False,1
4a6e97d514,RO,none,False,False,0
133bc1d33d,RO,none,False,False,0
87ee5e0d95,RO,none,False,False,0
1e8345b65a,RO,none,False,False,0
e0af5b7695,RO,register_qualified,True,False,1
0119289ffb,RO,none,False,False,0
b6e130fa75,RO,none,False,False,0
416a41dfab,RO,none,False,False,0
e455be3f87,RO,none,False,False,0
16c40ebc00,RO,none,False,False,0
988b4cd61c,RO,none,False,False,0
6fdd79c5a2,RO,none,False,False,0
107bf77dfd,RO,none,False,False,0
2f5521d76e,RO,none,False,False,0
ed13c0ccec,RO,none,False,False,0
49aceb42a3,RO,none,False,False,0
da66acecbe,RO,none,False,False,0
9158c3f83c,RO,none,False,False,0
dc6e5ba44b,RO,none,False,False,0
d1d2c6f5c2,RO,lei_declared,True,False,1
268b9b7f9b,RO,none,False,False,0
926cf202f5,RO,none,False,False,0
8caf9d2a75,RO,none,False,False,0
fc1d9523c0,RO,none,False,False,0
3f8d2c516f,RO,none,False,False,0
20b4b41fa3,RO,none,False,False,0
6ebde40bed,RO,lei_declared,True,False,1
e86f271e50,RO,none,False,False,0
a373395422,RO,none,False,False,0
fd14519f63,RO,none,False,False,0
609da0bf38,RO,none,False,False,0
1af35ef56e,RO,none,False,False,0
d069e0a48b,RO,none,False,False,0
6df549428f,RO,register_qualified,True,False,1
19f5616432,RO,none,False,False,0
c463f6b4c2,RO,none,False,False,0
1d375da4d0,RO,none,False,False,0
85ab3df14e,RO,none,False,False,0
46608c1ac8,RO,none,False,False,0
1724be767c,RO,none,False,False,0
da0624b6e8,RO,none,False,False,0
41e30baaed,RO,none,False,False,0
8395ee03ee,RO,none,False,False,0
9e39ceb4f7,RO,none,False,False,0
bb49af2533,RO,none,False,False,0
ffe8f58133,RO,none,False,False,0
491974b998,RO,none,False,False,0
2af6286eb9,RO,lei_declared,True,False,1
1c6a988951,RO,lei_declared,True,False,1
504d5532bf,RO,none,False,False,0
722a428b9a,RO,none,False,False,0
9c230a8111,RO,none,False,False,0
91aae536c3,RO,none,False,False,0
0896f7b6ef,RO,none,False,False,0
f72a11348c,RO,none,False,False,0
a820e390ae,RO,none,False,False,0
5c39ac01db,RO,none,False,False,0
fdb21484df,RO,none,False,False,0
e7ca735c13,RO,none,False,False,0
cdf07658d1,RO,none,False,False,0
f920c2d92f,RO,none,False,False,0
aacfe2bdd9,RO,none,False,False,0
80f3292e9c,RO,none,False,False,0
a0360a43dc,RO,none,False,False,0
b20f9a1957,RO,none,False,False,0
18d173328a,RO,none,False,False,0
3ed4908b77,RO,none,False,False,0
60ea915805,RO,none,False,False,0
aff9b9ae00,RO,none,False,False,0
48f1b69372,RO,none,False,False,0
d6ac8cbfaf,RO,none,False,False,0
4197cc356f,RO,none,False,False,0
9c97a5f39f,RO,none,False,False,0
145411c821,RO,none,False,False,0
ce06150fd3,RO,register_qualified,True,False,1
140e38dbd6,RO,none,False,False,0
9e182ca011,RO,none,False,False,0
24b4019bb4,RO,none,False,False,0
f12ed6fea5,RO,none,False,False,0
72137cb9ba,RO,none,False,False,0
65327b72fd,RO,none,False,False,0
3f64d7501b,RO,register_qualified,True,False,1
4a66d3fba9,RO,none,False,False,0
fc100c1b9e,RO,register_qualified,True,False,1
4230d64af8,RO,none,False,False,0
0b2ca4f7b2,RO,none,False,False,0
c30647be8c,RO,lei_declared,True,False,1
59ff3c11cc,RO,none,False,False,0
738642984d,RO,none,False,False,0
a62bc6a28e,RO,none,False,False,0
62a51c6ad1,RO,none,False,False,0
e4dd4d6170,RO,none,False,False,0
efd80a1c0b,RO,none,False,False,0
05a00fb934,RO,register_qualified,True,False,1
ee4ff74b53,RO,none,False,False,0
ee64116b88,RO,none,False,False,0
d715fd323b,RO,none,False,False,0
1871c8c7a5,RO,none,False,False,0
336b845a72,RO,none,False,False,0
808a4b6cdd,RO,none,False,False,0
0d5202afd9,RO,none,False,False,0
0bf2b49d2d,RO,none,False,False,0
fb8db7f173,RO,none,False,False,0
702cfe8405,RO,register_qualified,True,False,1
34916d141a,RO,none,False,False,0
00ffeb38ec,RO,none,False,False,0
3fdcc312eb,RO,lei_declared,True,False,1
1e21c2a6a9,RO,none,False,False,0
fbadcc150a,RO,register_qualified,True,False,1
b85fb300f0,RO,none,False,False,0
07b597ca8f,RO,none,False,False,0
d2f932c569,RO,none,False,False,0
1b1c60db9d,RO,none,False,False,0
e93abf734e,RO,none,False,False,0
ae7dfe3350,RO,register_qualified,True,False,1
01238fb383,RO,register_qualified,True,False,1
dc5469429e,RO,none,False,False,0
9e0352db9b,RO,none,False,False,0
f4c929204c,RO,none,False,False,0
06a2db239b,RO,register_qualified,True,False,1
80a45ac9b2,RO,none,False,False,0
87f26cc441,RO,none,False,False,0
114299c38a,RO,lei_declared,True,False,1
b7bdde1c6a,RO,none,False,False,0
8c911a25de,RO,none,False,False,0
cdcf658b17,RO,none,False,False,0
bd383e7f5c,RO,lei_declared,True,False,1
8cde3d5045,RO,none,False,False,0
17177ef88d,RO,none,False,False,0
3b0f982f09,RO,none,False,False,0
a1a523bbf9,RO,none,False,False,0
d8e6d807ac,RO,none,False,False,0
0eeecd3332,RO,lei_declared,True,False,1
c5c14e85b5,RO,register_qualified,True,False,1
e0c7f1309c,RO,none,False,False,0
53eb850360,RO,none,False,False,0
deb20d1a2e,RO,none,False,False,0
37e59811a8,RO,none,False,False,0
1b7f515859,RO,lei_declared,True,False,1
ebc7d3667f,RO,none,False,False,0
caf9ebd524,RO,none,False,False,0
be3e77f9fb,RO,none,False,False,0
dda1e92b9e,RO,register_qualified,True,False,1
8de2e11b33,RO,none,False,False,0
d2694af4fc,RO,none,False,False,0
bd63ba5876,RO,none,False,False,0
75cb9e0935,RO,lei_declared,True,False,1
749ebd515d,RO,none,False,False,0
1963f0ba83,RO,none,False,False,0
48c169de30,RO,none,False,False,0
e9b9407e97,RO,none,False,False,0
50a22fc9cc,RO,none,False,False,0
12e1ae1f20,RO,none,False,False,0
f1358f90a3,RO,none,False,False,0
1d62bcd73e,RO,none,False,False,0
de6edcf2e6,RO,none,False,False,0
e7ab0001d1,RO,none,False,False,0
20bf5547bc,RO,none,False,False,0
7273ef32fb,RO,none,False,False,0
26faf0d5ac,RO,none,False,False,0
f827e98080,RO,none,False,False,0
d145c04fc6,RO,none,False,False,0
26d2340296,RO,none,False,False,0
389ee89720,RO,none,False,False,0
5a7fd61df9,RO,none,False,False,0
e4faa0cf4c,RO,lei_declared,True,False,1
430540b2ef,RO,lei_declared,True,False,1
19a7531143,RO,none,False,False,0
ee81302d51,RO,none,False,False,0
2e2d920a3a,RO,none,False,False,0
d918fe25f8,RO,none,False,False,0
052758c947,RO,register_qualified,True,False,1
db9de72e76,RO,none,False,False,0
064ba07807,RO,none,False,False,0
e815836b47,RO,none,False,False,0
4357c17b73,RO,none,False,False,0
1ce066cde5,RO,none,False,False,0
0d0588b7c5,RO,none,False,False,0
23badbe4d2,RO,none,False,False,0
204e131f12,RO,none,False,False,0
194991baa6,RO,none,False,False,0
31c89cfec8,RO,none,False,False,0
2a8f145eb4,RO,none,False,False,0
7e79c959de,RO,register_qualified,True,False,1
8b0afd9bf8,RO,none,False,False,0
0f90af02b5,RO,none,False,False,0
0868a43b53,RO,lei_declared,True,False,1
134e0bccfb,RO,none,False,False,0
9fbebedeb3,RO,none,False,False,0
ba554fe583,RO,none,False,False,0
02826d3740,RO,none,False,False,0
a1ace68be5,RO,none,False,False,0
1e80fe275d,RO,none,False,False,0
2dc750a50b,RO,none,False,False,0
ebe80d7783,RO,none,False,False,0
1a9b1edeba,RO,none,False,False,0
a9e8d2786e,RO,register_qualified,True,False,1
504c8be344,RO,lei_declared,True,False,1
25fe524363,RO,lei_declared,True,False,1
f33e023f77,RO,none,False,False,0
3675534dda,RO,register_qualified,True,False,1
ec05f67a08,RO,none,False,False,0
de95c9b2c1,RO,none,False,False,0
6467ecde7c,RO,none,False,False,0
77d94ecd8a,RO,none,False,False,0
10ba2c365b,RO,register_qualified,True,False,1
a1f96f055c,RO,none,False,False,0
96a0477b15,RO,none,False,False,0
7290cb1d0a,RO,none,False,False,0
aa7483bbc6,RO,none,False,False,0
4caf07021a,RO,none,False,False,0
dc492d671c,RO,none,False,False,0
709ab8aef0,RO,none,False,False,0
4aa1ee977a,RO,none,False,False,0
d99e0a5df6,RO,none,False,False,0
a021fbae7f,RO,none,False,False,0
fa7b3b9670,RO,none,False,False,0
146a447387,RO,none,False,False,0
ae9e85334e,RO,none,False,False,0
c1c6750d31,RO,register_qualified,True,False,1
10f10f2b18,RO,none,False,False,0
b31b230095,RO,none,False,False,0
2c2cb42bef,RO,lei_declared,True,False,1
d6874c19e3,RO,none,False,False,0
b5a2b7e3fe,RO,none,False,False,0
ff0a62e2fe,RO,none,False,False,0
372c9bf4c2,RO,none,False,False,0
427aba24fe,RO,none,False,False,0
912a79b475,RO,none,False,False,0
2e7b1bd261,RO,none,False,False,0
2a89464018,RO,none,False,False,0
189392de97,RO,none,False,False,0
c54c1df535,RO,none,False,False,0
78c6b932ae,RO,none,False,False,0
7c68bdb979,RO,none,False,False,0
5689d063af,RO,none,False,False,0
f2e6a69dc9,RO,register_qualified,True,False,1
6d6371bd9e,RO,none,False,False,0
40802d0991,RO,lei_declared,True,False,1
08d60a8aab,RO,none,False,False,0
83b6b97252,RO,none,False,False,0
4e7e2d317d,RO,none,False,False,0
b3065db06f,RO,none,False,False,0
1e5925aa2b,RO,none,False,False,0
7ecd254d93,RO,register_qualified,True,False,1
f67fa8c64b,RO,none,False,False,0
3a02391bba,RO,none,False,False,0
bd8adee606,RO,none,False,False,0
dad6270c0b,RO,none,False,False,0
b8d22ccdd0,RO,lei_declared,True,False,1
cd5258e583,RO,lei_declared,True,False,1
3619e8a8dd,RO,none,False,False,0
4aa3ff0601,RO,register_qualified,True,False,1
2e698b5449,RO,none,False,False,0
e3aac07222,RO,register_qualified,True,False,1
f5208de0b5,RO,none,False,False,0
a384a8dc68,RO,lei_declared,True,False,1
68b330f5f3,RO,none,False,False,0
7033bbadd7,RO,none,False,False,0
f5d3a4f9bf,RO,none,False,False,0
8a678ddd67,RO,none,False,False,0
f97f7429ff,RO,none,False,False,0
4abedfc795,RO,none,False,False,0
c8caa24a8c,RO,none,False,False,0
0f3fede0a9,RO,none,False,False,0
16df119f75,RO,none,False,False,0
a6a6408033,RO,none,False,False,0
8ae75aa6b3,RO,none,False,False,0
3d4960267c,RO,none,False,False,0
babe7f3724,RO,none,False,False,0
7162562d0b,RO,none,False,False,0
64175059f4,RO,none,False,False,0
326dc86e6a,RO,none,False,False,0
d29210cd27,RO,none,False,False,0
3066b5005d,RO,none,False,False,0
da675bc3fb,RO,none,False,False,0
0db364488c,RO,none,False,False,0
6d9e45288a,RO,none,False,False,0
7e1370ba86,RO,none,False,False,0
67bb89ca41,RO,none,False,False,0
c4c1bc638f,RO,none,False,False,0
7eb3a61e40,RO,none,False,False,0
033f02c443,RO,none,False,False,0
3cc46fa094,RO,none,False,False,0
985d2d3f4c,RO,none,False,False,0
8507b987f0,RO,none,False,False,0
3d62d97cb7,RO,none,False,False,0
126d0734c3,RO,none,False,False,0
f5b80efe3f,RO,none,False,False,0
75070cb97e,RO,none,False,False,0
2c58356de6,RO,none,False,False,0
9e460b40f3,RO,none,False,False,0
06a2ece76c,RO,lei_declared,True,False,1
914cc2f6b6,RO,lei_declared,True,False,1
d2430e4edc,RO,none,False,False,0
4a3c3c2b13,RO,none,False,False,0
0137a48672,RO,lei_declared,True,False,1
9d37ceb175,RO,register_qualified,True,False,1
0f9a5db136,RO,none,False,False,0
36a050d8c8,RO,none,False,False,0
e50dc861b9,RO,none,False,False,0
1b512af540,RO,none,False,False,0
ceb3245bd7,RO,none,False,False,0
d8aa8078dd,RO,none,False,False,0
b48236b17f,RO,none,False,False,0
984031d75f,RO,none,False,False,0
56096d6c6b,RO,none,False,False,0
62c3101925,RO,none,False,False,0
53d26507a8,RO,none,False,False,0
c369cc9067,RO,none,False,False,0
78db38ec8a,RO,none,False,False,0
da5ae8b7cc,RO,none,False,False,0
fe9935cb41,RO,none,False,False,0
1df9b34470,RO,lei_declared,True,False,1
907fd7b02a,RO,none,False,False,0
1a9d9fcf17,RO,none,False,False,0
abbaacb438,RO,none,False,False,0
e2a29968a2,RO,register_qualified,True,False,1
a2fb4eea4f,RO,none,False,False,0
47999c507d,RO,none,False,False,0
ae613a14eb,RO,none,False,False,0
f3dd5913ce,RO,none,False,False,0
ba87babff9,RO,none,False,False,0
c8ceaa343f,RO,none,False,False,0
5ab67d57ab,RO,none,False,False,0
094b054a66,RO,none,False,False,0
58e5370c83,RO,none,False,False,0
93c53c79f9,RO,none,False,False,0
34cc2b5a31,RO,register_qualified,True,False,1
50bcdb4ebc,RO,none,False,False,0
65ae050005,RO,register_qualified,True,False,1
7ab3c0e38c,RO,none,False,False,0
dd37037a84,RO,lei_declared,True,False,1
ea6fcdf15d,RO,none,False,False,0
7d2ffdcd8f,RO,none,False,False,0
f2da4178d0,RO,none,False,False,0
dcb9e47b41,RO,none,False,False,0
2c36d06f1f,RO,none,False,False,0
b9b281d1e6,RO,none,False,False,0
e2fa4098d1,RO,none,False,False,0
732634e715,RO,none,False,False,0
705346b4de,RO,none,False,False,0
3e93178dd4,RO,none,False,False,0
10bdd76194,RO,none,False,False,0
4053546b3b,RO,register_qualified,True,False,1
6be45e14f6,RO,none,False,False,0
edc5b13ad0,RO,none,False,False,0
5fd32783aa,RO,none,False,False,0
dc122b4c6a,RO,none,False,False,0
a415a55688,RO,lei_declared,True,False,1
3ac6b183e2,RO,register_qualified,True,False,1
99f4777705,RO,none,False,False,0
d5ec1409b8,RO,none,False,False,0
55821e6c12,RO,none,False,False,0
1cc510258e,RO,none,False,False,0
b1cb3ea7ae,RO,none,False,False,0
b3b70e3d36,RO,none,False,False,0
bc67fc328f,RO,none,False,False,0
434c7cce78,RO,none,False,False,0
b800513d46,RO,none,False,False,0
f67384c7a4,RO,none,False,False,0
e2a1d458c0,RO,none,False,False,0
b028eb3470,RO,none,False,False,0
192a33d2f7,RO,none,False,False,0
c382263656,RO,none,False,False,0
1ec2708e56,RO,none,False,False,0
49c6bceddb,RO,none,False,False,0
e09bede7e7,RO,none,False,False,0
b6eeb01e86,SE,none,False,False,0
eb92f706da,SE,none,False,False,0
7ce82cbec9,SE,register_qualified,True,False,1
516ec6b317,SE,register_qualified,True,False,1
b6b25b909a,SE,register_qualified,True,False,1
f0c4012144,SE,register_qualified,True,False,1
caaa52ec2f,SE,lei_declared,True,False,1
02482b370c,SE,none,False,False,0
e4bd5210b7,SE,none,False,False,0
1968e8c5d1,SE,register_qualified,True,False,1
78d7471085,SE,none,False,False,0
30de67df1f,SE,lei_declared,True,False,1
9051b7ede8,SE,none,False,False,0
74debf3ead,SE,none,False,False,0
33d4632ef7,SE,none,False,False,0
c7373146ae,SE,lei_declared,True,False,1
4c60df9412,SE,lei_declared,True,False,1
8c1d0ef818,SE,none,False,False,0
aa3d0f2f37,SE,register_qualified,True,False,1
1408db033e,SE,none,False,False,0
08ee454f93,SE,register_qualified,True,False,1
9a4f38f7ca,SE,register_qualified,True,False,1
a209a800c1,SE,register_qualified,True,False,1
c3e187ea87,SE,none,False,False,0
5ac20f2079,SE,register_qualified,True,False,1
d41c7eb9b0,SE,register_qualified,True,False,1
3076173c3d,SE,none,False,False,0
908313dcca,SE,none,False,False,0
3026e18d2b,SE,register_qualified,True,False,1
7bc106539c,SE,register_qualified,True,False,1
5d0fe13d9c,SE,register_qualified,True,False,1
5af99a8c81,SE,register_qualified,True,True,2
fd301395d1,SE,none,False,False,0
a75e7f3c52,SE,lei_declared,True,False,1
3b80ac0d4d,SE,none,False,False,0
c66df20dfc,SE,none,False,False,0
40d3754f82,SE,register_qualified,True,False,1
e6c057fd69,SE,lei_declared,True,False,1
4dc6bcb3e8,SE,register_qualified,True,False,1
930c54e778,SE,none,False,False,0
b146a21c63,SE,none,False,False,0
5a6f3989f5,SE,register_qualified,True,False,1
58f91a79f0,SE,none,False,False,0
51986e72fd,SE,register_qualified,True,False,1
5b3b57b5dd,SE,register_qualified,True,False,1
289d7f71de,SE,register_qualified,True,False,1
6f47c6e94c,SE,none,False,False,0
7094c795de,SE,register_qualified,True,False,1
7142ea4af5,SE,register_qualified,True,False,1
0d6e1c8841,SE,register_qualified,True,False,1
c4d487673e,SE,none,False,False,0
5c000efa0c,SE,none,False,False,0
286f92eb54,SE,register_qualified,True,False,1
fd86834f8d,SE,lei_declared,True,False,1
ceeae369f8,SE,none,False,False,0
8012d787c3,SE,none,False,False,0
3de180310e,SE,register_qualified,True,False,1
966b5b2260,SE,lei_declared,True,False,1
f8f670d9f5,SE,register_qualified,True,False,1
2790374e45,SE,none,False,False,0
acc8f3a9f3,SE,none,False,False,0
3b581af2fe,SE,register_qualified,True,False,1
51c2422b4f,SE,register_qualified,True,False,1
3178748bab,SE,register_qualified,True,False,1
13e47f507e,SE,register_qualified,True,False,1
e0509e56d5,SE,register_qualified,True,False,1
f91c462250,SE,register_qualified,True,False,1
23de846993,SE,register_qualified,True,False,1
f7dc0d231f,SE,register_qualified,True,False,1
d526ec1aa0,SE,none,False,False,0
2cd15ddedd,SE,none,False,False,0
f6ecdb02e2,SE,none,False,False,0
215b20d5f8,SE,none,False,False,0
e1421170e1,SE,lei_declared,True,False,1
4aa17fd21d,SE,register_qualified,True,False,1
4e31c1aa79,SE,none,False,False,0
f09e1e5ef6,SE,none,False,False,0
a036369c51,SE,none,False,False,0
f087282f5f,SE,none,False,False,0
271400f280,SE,none,False,False,0
ff75e25fba,SE,register_qualified,True,False,1
5fb0e241b3,SE,none,False,False,0
8af243d70a,SE,none,False,False,0
26c6cef68b,SE,none,False,False,0
cda3b2f20f,SE,none,False,False,0
2a0d2ad097,SE,lei_declared,True,False,1
81a6466737,SE,none,False,False,0
43559ed3f7,SE,register_qualified,True,False,1
b35d98d5ef,SE,register_qualified,True,False,1
7c863cba7f,SE,register_qualified,True,False,1
049e0e7270,SE,none,False,False,0
9157f6d4dd,SE,none,False,False,0
c3ffdcf0fe,SE,none,False,False,0
48db98df73,SE,none,False,False,0
4c72e5ae96,SE,none,False,False,0
860e2bd99a,SE,none,False,False,0
51b88b7620,SE,none,False,False,0
b55976feb2,SE,none,False,False,0
3dfbc536c5,SE,register_qualified,True,False,1
aebdb5fd44,SE,none,False,False,0
6271c40565,SE,register_qualified,True,False,1
1b0d9a0f04,SE,lei_declared,True,False,1
322ff36d9a,SE,none,False,False,0
78f8910e3b,SE,register_qualified,True,False,1
59aa07765f,SE,none,False,False,0
dc4e6f2248,SE,lei_declared,True,False,1
538cbcd74c,SE,register_qualified,True,False,1
b7f4cd843f,SE,register_qualified,True,False,1
de9d234472,SE,none,False,False,0
e32b1cce1f,SE,none,False,False,0
aff2d1ca1b,SE,register_qualified,True,False,1
942d46106f,SE,lei_declared,True,False,1
61542e5ac6,SE,lei_declared,True,False,1
f65bc77c72,SE,register_qualified,True,False,1
760aac0557,SE,register_qualified,True,False,1
63d31ed672,SE,register_qualified,True,False,1
4ea785bd59,SE,none,False,False,0
c6b67c0e2d,SE,register_qualified,True,False,1
f988377c4a,SE,lei_declared,True,False,1
387d830ab4,SE,none,False,False,0
8ed51ebac9,SE,none,False,False,0
008a1a4647,SE,none,False,False,0
694a6401a2,SE,none,False,False,0
6cc10f44aa,SE,none,False,False,0
171a7d3f04,SE,none,False,False,0
1ca7afa308,SE,register_qualified,True,False,1
918ef04335,SE,register_qualified,True,False,1
9090436044,SE,register_qualified,True,False,1
fb26d963d1,SE,register_qualified,True,False,1
86a68cabcb,SE,none,False,False,0
1d50200c04,SE,none,False,False,0
45648cc766,SE,none,False,False,0
302ad2462c,SE,none,False,False,0
e635893425,SE,none,False,False,0
c05f9974dc,SE,none,False,False,0
7507518c3e,SE,register_qualified,True,False,1
9be0cde708,SE,none,False,False,0
cf019c0c68,SE,lei_declared,True,False,1
099f462f33,SE,none,False,False,0
e468759579,SE,lei_declared,True,False,1
79e4b94202,SE,none,False,False,0
f66a696755,SE,lei_declared,True,False,1
13c3bd144f,SE,register_qualified,True,False,1
a48ce621de,SE,lei_declared,True,False,1
52bdbe03b9,SE,register_qualified,True,False,1
a520429522,SE,register_qualified,True,False,1
15ed950a79,SE,lei_declared,True,False,1
421cca189e,SE,register_qualified,True,False,1
7331c2c90f,SE,register_qualified,True,False,1
88fbb16b45,SE,register_qualified,True,False,1
95c915fc60,SE,none,False,False,0
ba4c8ddb6a,SE,none,False,False,0
ddfcc22b47,SE,none,False,False,0
51178aad1a,SE,register_qualified,True,False,1
a52ed40aef,SE,none,False,False,0
00ebed70c0,SE,none,False,False,0
e6ec627a3f,SE,register_qualified,True,False,1
a20225f645,SE,none,False,False,0
049c9d982d,SE,register_qualified,True,False,1
aa342b07df,SE,none,False,False,0
67df3b5428,SE,none,False,False,0
34e56345ae,SE,lei_declared,True,False,1
878eeb8b18,SE,none,False,False,0
0f3e2cc6e6,SE,register_qualified,True,False,1
a01fe0e977,SE,register_qualified,True,False,1
be455d625c,SE,none,False,False,0
a5243e5e75,SE,lei_declared,True,False,1
4944fc5a72,SE,none,False,False,0
878b65c2bb,SE,register_qualified,True,False,1
9467020e99,SE,register_qualified,True,False,1
e0c362d234,SE,register_qualified,True,False,1
5c8d8ae635,SE,register_qualified,True,False,1
11ac3d300e,SE,none,False,False,0
8244f2b9ba,SE,register_qualified,True,False,1
579bc5600d,SE,none,False,False,0
c18dce534c,SE,none,False,False,0
0cab1494da,SE,lei_declared,True,False,1
c5683e6b39,SE,lei_declared,True,False,1
e96e820f6f,SE,lei_declared,True,False,1
b02e387296,SE,none,False,False,0
bed66e4a52,SE,none,False,False,0
31e7316b37,SE,register_qualified,True,False,1
35859d2267,SE,none,False,False,0
ddc8acb704,SE,none,False,False,0
2798eebc31,SE,none,False,False,0
b136b7a71f,SE,register_qualified,True,False,1
32389d1b0e,SE,none,False,False,0
d4492fcd8d,SE,register_qualified,True,False,1
15e20f1239,SE,none,False,False,0
3aa530552f,SE,register_qualified,True,False,1
758ad88982,SE,register_qualified,True,False,1
406644f5c2,SE,none,False,False,0
9c0ce747db,SE,register_qualified,True,False,1
1fe30b028c,SE,register_qualified,True,False,1
2d2b04fae0,SE,register_qualified,True,False,1
fed927880f,SE,register_qualified,True,False,1
f05b3c0663,SE,none,False,False,0
743e3220e8,SE,register_qualified,True,False,1
3552f5f5c5,SE,register_qualified,True,False,1
8ab3121439,SE,register_qualified,True,False,1
197676b3ed,SE,register_qualified,True,False,1
0a9ceadb5c,SE,register_qualified,True,False,1
bc2e2dd362,SE,none,False,False,0
a9aa7e558e,SE,lei_declared,True,False,1
8c878714c9,SE,lei_declared,True,False,1
726346cee6,SE,none,False,False,0
888997e1ef,SE,none,False,False,0
87d4064332,SE,none,False,False,0
c268d82939,SE,register_qualified,True,False,1
3cce9f0bcf,SE,register_qualified,True,False,1
82fee38f63,SE,register_qualified,True,False,1
52599c7d3c,SE,register_qualified,True,False,1
67f5f9bc23,SE,none,False,False,0
b3da4d16d3,SE,none,False,False,0
d45c899182,SE,register_qualified,True,False,1
04ab33c368,SE,none,False,False,0
d6c63ce35a,SE,none,False,False,0
544afc9e52,SE,lei_declared,True,False,1
7a122d2f7a,SE,none,False,False,0
1db90f5c77,SE,register_qualified,True,False,1
d3e5f5517a,SE,register_qualified,True,False,1
5b07b2f648,SE,none,False,False,0
8b59489d80,SE,register_qualified,True,False,1
5b0c564dee,SE,register_qualified,True,False,1
3836a3e28b,SE,register_qualified,True,False,1
da3291e320,SE,register_qualified,True,False,1
9f9d9661b8,SE,none,False,False,0
dfe9c0cd71,SE,none,False,False,0
66f5db2bb5,SE,none,False,False,0
15a442d18e,SE,register_qualified,True,False,1
b7e8749ac5,SE,register_qualified,True,False,1
827938ed41,SE,register_qualified,True,False,1
2bd39213b0,SE,register_qualified,True,False,1
3839590877,SE,register_qualified,True,False,1
cf380860b6,SE,register_qualified,True,False,1
16b5f451e0,SE,none,False,False,0
48a75cf288,SE,none,False,False,0
155bacbdec,SE,lei_declared,True,False,1
e31729de36,SE,register_qualified,True,False,1
89900f881e,SE,none,False,False,0
f4a2582800,SE,none,False,False,0
d5e6c7847b,SE,none,False,False,0
60bfb8e1b5,SE,register_qualified,True,False,1
ddeecb3d5b,SE,register_qualified,True,False,1
0b4dd4afa5,SE,none,False,False,0
10413dbcf9,SE,register_qualified,True,False,1
e4bcc8069b,SE,none,False,False,0
08b0e6494a,SE,register_qualified,True,False,1
a03ba136e1,SE,none,False,False,0
490db3bbb2,SE,register_qualified,True,False,1
c0b580ba54,SE,register_qualified,True,False,1
f85aa19cca,SE,register_qualified,True,False,1
8e43fef9d4,SE,none,False,False,0
e45a9dbc6e,SE,register_qualified,True,False,1
f3cf6feb3f,SE,none,False,False,0
214a2365eb,SE,none,False,False,0
491525acd4,SE,register_qualified,True,False,1
2bd4c1f795,SE,register_qualified,True,False,1
0d51ab16ba,SE,none,False,False,0
e11c09a34b,SE,none,False,False,0
8ae33a187d,SE,register_qualified,True,False,1
77093c1f34,SE,register_qualified,True,False,1
064ed6964c,SE,register_qualified,True,False,1
893db13cb2,SE,register_qualified,True,False,1
33a7e9711e,SE,none,False,False,0
3bbf9fdbd5,SE,none,False,False,0
2f77aaf090,SE,none,False,False,0
3db0d69791,SE,none,False,False,0
1528db80fb,SE,none,False,False,0
5a260fcafa,SE,register_qualified,True,False,1
128bf3bc51,SE,none,False,False,0
ee9cff947b,SE,register_qualified,True,False,1
6db5433404,SE,none,False,False,0
281a1039fc,SE,none,False,False,0
11b536985b,SE,lei_declared,True,False,1
8a6ea5056a,SE,register_qualified,True,False,1
27d2857469,SE,lei_declared,True,False,1
c776930ca0,SE,none,False,False,0
b3e6d49855,SE,register_qualified,True,False,1
a9b2ba2647,SE,register_qualified,True,False,1
48ce1b716f,SE,none,False,False,0
5867a8e09f,SE,none,False,False,0
6033a12010,SE,none,False,False,0
c081dc1607,SE,none,False,False,0
3a53992fee,SE,none,False,False,0
64b200838e,SE,none,False,False,0
da9a6b10c0,SE,register_qualified,True,False,1
523956af8c,SE,register_qualified,True,False,1
53b48aa734,SE,lei_declared,True,False,1
cbb75727dc,SE,register_qualified,True,False,1
9de84e830c,SE,lei_declared,True,False,1
6f893360a2,SE,register_qualified,True,False,1
f1e49450e8,SE,register_qualified,True,False,1
c1a39a051b,SE,register_qualified,True,False,1
1df7224258,SE,lei_declared,True,False,1
1cb565e11a,SE,none,False,False,0
84debdd26b,SE,register_qualified,True,True,2
a8596d9853,SE,lei_declared,True,False,1
5491419a33,SE,register_qualified,True,False,1
0c0502c2af,SE,lei_declared,True,False,1
1605dd01bd,SE,register_qualified,True,False,1
7486ad475e,SE,register_qualified,True,False,1
d4eacf0eb0,SE,none,False,False,0
7d8ebf70bf,SE,none,False,False,0
a0127e237a,SE,none,False,False,0
c99da53e51,SE,register_qualified,True,False,1
a124689e48,SE,register_qualified,True,False,1
533e52e7f9,SE,none,False,False,0
7fd5669500,SE,none,False,False,0
a8977c5061,SE,register_qualified,True,False,1
c0d56f1dfb,SE,none,False,False,0
212d4757bc,SE,lei_declared,True,False,1
2ee69b0749,SE,register_qualified,True,False,1
294c5e7278,SE,register_qualified,True,False,1
5b8832a951,SE,register_qualified,True,False,1
6a26802d39,SE,register_qualified,True,False,1
2253e0d823,SE,register_qualified,True,False,1
4c341afe55,SE,register_qualified,True,False,1
a70151b0bf,SE,register_qualified,True,False,1
2cb8726a69,SE,register_qualified,True,False,1
551f2f5843,SE,register_qualified,True,False,1
a5e6790e0b,SE,none,False,False,0
2e0e300ffb,SE,none,False,False,0
426e9a193f,SE,register_qualified,True,False,1
43b7c17323,SE,register_qualified,True,False,1
a51c8fa300,SE,register_qualified,True,False,1
2c1c4ad788,SE,register_qualified,True,False,1
f058579f55,SE,none,False,False,0
691b57f94e,SE,register_qualified,True,False,1
6dc7a93a9e,SE,none,False,False,0
fdde870474,SE,register_qualified,True,False,1
ffd8c5004b,SE,register_qualified,True,False,1
e78ecaa68f,SE,register_qualified,True,False,1
693fa98af9,SE,none,False,False,0
a740838855,SE,none,False,False,0
f5fb1df502,SE,register_qualified,True,False,1
f74de82ece,SE,register_qualified,True,False,1
afa538bd50,SE,register_qualified,True,False,1
5a2553fe0d,SE,none,False,False,0
471bfd46b3,SE,register_qualified,True,False,1
16aa22dbcb,SE,register_qualified,True,False,1
954adc755d,SE,register_qualified,True,False,1
77a358630b,SE,register_qualified,True,False,1
23ac168e90,SE,register_qualified,True,False,1
38c4f53a11,SE,register_qualified,True,False,1
e8d536160e,SE,register_qualified,True,False,1
60900aac90,SE,none,False,False,0
8d9373abde,SE,none,False,False,0
7ee18e62a5,SE,register_qualified,True,False,1
01f1d5b81f,SE,none,False,False,0
d5e502a058,SE,none,False,False,0
ff46d6aeca,SE,register_qualified,True,False,1
bebdb11aa0,SE,none,False,False,0
ca293abede,SE,none,False,False,0
bdfb21985c,SE,lei_declared,True,False,1
b1b6fac6d1,SE,none,False,False,0
711292e42e,SE,none,False,False,0
639b0e35ca,SE,none,False,False,0
7b9231e050,SE,none,False,False,0
14378eb623,SE,lei_declared,True,False,1
dea0d05138,SE,register_qualified,True,False,1
720ba533bc,SE,lei_declared,True,False,1
224ca2b8ed,SE,register_qualified,True,False,1
9f40a3fb18,SE,register_qualified,True,False,1
641ecff23b,SE,none,False,False,0
0ff4e07abe,SE,none,False,False,0
40b3a63707,SE,register_qualified,True,False,1
06be6a1338,SE,register_qualified,True,False,1
22360c3b04,SE,none,False,False,0
10ada71067,SE,lei_declared,True,False,1
97885c6dab,SE,register_qualified,True,False,1
b1f89d5630,SE,register_qualified,True,False,1
e7564c1c23,SE,register_qualified,True,False,1
309441547a,SE,register_qualified,True,False,1
5b70b5e354,SE,register_qualified,True,False,1
3e0a883913,SE,none,False,False,0
c37e5cfa1a,SE,none,False,False,0
d0b92209ca,SE,none,False,False,0
0db7eba828,SE,register_qualified,True,False,1
960c4fd2b7,SE,register_qualified,True,False,1
c8dbf3396c,SE,register_qualified,True,False,1
f03e854dba,SE,register_qualified,True,False,1
c2b14bb062,SE,register_qualified,True,False,1
580e602f58,SE,register_qualified,True,False,1
0d2f3b0078,SE,register_qualified,True,False,1
dd18a39dfa,SE,register_qualified,True,False,1
d271457e6f,SE,register_qualified,True,False,1
3173293591,SE,register_qualified,True,False,1
7c3ac46b8c,SE,register_qualified,True,False,1
fb1ba70878,SE,register_qualified,True,False,1
63371dc431,SE,register_qualified,True,False,1
0d87ace61f,SE,register_qualified,True,False,1
89f87b8a8f,SE,lei_declared,True,False,1
f2e5ff6b34,SE,lei_declared,True,False,1
77995ef8de,SE,register_qualified,True,False,1
dc2ca16912,SE,register_qualified,True,False,1
1c6339baea,SE,lei_declared,True,False,1
90a74a6ec8,SE,none,False,False,0
e251fcc8c3,SE,none,False,False,0
971371e350,SE,lei_declared,True,False,1
03ec0e42ec,SE,register_qualified,True,False,1
86be5a9557,SE,register_qualified,True,False,1
742159437a,SE,none,False,False,0
2439ac9fa0,SE,register_qualified,True,False,1
56d4a99cfe,SE,register_qualified,True,False,1
21b62801d0,SE,none,False,False,0
d46c580025,SE,register_qualified,True,False,1
8d843d5819,SE,lei_declared,True,False,1
8035024165,SE,register_qualified,True,False,1
5e46011d81,SE,register_qualified,True,False,1
7f2f66628e,SE,register_qualified,True,False,1
3d982ce17e,SE,register_qualified,True,False,1
6047a43bfd,SE,none,False,False,0
3867b34b5e,SE,lei_declared,True,False,1
02d01b116a,SE,register_qualified,True,False,1
f473759287,SE,register_qualified,True,False,1
5b97bbecaa,SE,register_qualified,True,False,1
d750a035b7,SE,register_qualified,True,False,1
c6a88671b7,SE,register_qualified,True,False,1
febdb5b191,SE,register_qualified,True,False,1
567e84b5c1,SE,register_qualified,True,False,1
f3d65b5ab4,SE,register_qualified,True,False,1
0665652578,SE,register_qualified,True,False,1
dc5b4918ad,SE,none,False,False,0
97eb9d4257,SE,none,False,False,0
0db80978b0,SE,register_qualified,True,False,1
76be57ac50,SE,none,False,False,0
34fcdb8492,SE,none,False,False,0
dc67383bf9,SE,none,False,False,0
21b50023ef,SE,none,False,False,0
20f515675b,SE,lei_declared,True,False,1
fed17d6787,SE,register_qualified,True,False,1
67b917f915,SE,lei_declared,True,False,1
f70f79a449,SE,lei_declared,True,False,1
21942b090b,SE,register_qualified,True,False,1
cb6eb71ad2,SE,none,False,False,0
2cbdbcd039,SE,lei_declared,True,False,1
61d450d745,SE,register_qualified,True,False,1
9f12898daa,SE,lei_declared,True,False,1
c59304edc5,SE,register_qualified,True,False,1
0f45576724,SE,none,False,False,0
27d9939230,SE,lei_declared,True,False,1
8b70bbb2e1,SE,none,False,False,0
99511c6464,SE,lei_declared,True,False,1
af016937aa,SE,none,False,False,0
fd500618e1,SE,none,False,False,0
f438e5b660,SE,lei_declared,True,False,1
83306f4424,SE,none,False,False,0
84155facab,SE,none,False,False,0
bc5cf00842,SE,none,False,False,0
69936e716a,SE,none,False,False,0
ef66e6dfa2,SE,none,False,False,0
c250ea028a,SE,none,False,False,0
185bb54f3f,SE,none,False,False,0
2080f2608f,SE,none,False,False,0
e6995584ad,SE,none,False,False,0
03b53d54be,SE,register_qualified,True,False,1
c33461af5e,SE,register_qualified,True,False,1
5880d11e7d,SE,none,False,False,0
ee902d4a0d,SE,lei_declared,True,False,1
0de4d02b61,SE,none,False,False,0
0e886bc1ce,SE,register_qualified,True,False,1
4b596916d5,SE,lei_declared,True,False,1
7960d577cf,SE,lei_declared,True,False,1
9edbe7e40b,SE,register_qualified,True,False,1
8590392067,SE,lei_declared,True,False,1
9178b3faee,SE,none,False,False,0
3617b97e22,SE,none,False,False,0
71070d7f87,SE,register_qualified,True,False,1
2ddbc91d67,SE,register_qualified,True,False,1
52266fadc8,SE,register_qualified,True,False,1
1b7306309a,SE,register_qualified,True,False,1
4cd0cb4c20,SE,register_qualified,True,False,1
6899876c91,SE,none,False,False,0
a4ec620c00,SE,none,False,False,0
f1eec4fe59,SE,lei_declared,True,False,1
c605b49aba,SE,register_qualified,True,False,1
f0734c2031,SE,register_qualified,True,False,1
9a8bc6000e,SE,none,False,False,0
43c2aee5ba,SE,register_qualified,True,False,1
4f515ebcb6,SE,register_qualified,True,False,1
3fc405580d,SE,none,False,False,0
a127f7cc85,SE,none,False,False,0
feed6b74fe,SE,register_qualified,True,False,1
69b3e60e1b,SE,lei_declared,True,False,1
d5e98604a3,SE,register_qualified,True,False,1
7c6ee3e48e,SE,register_qualified,True,False,1
4c09c8b8e5,SE,none,False,False,0
250eba5434,SE,none,False,False,0
05f7063e88,SE,register_qualified,True,False,1
3b965ecb00,SE,register_qualified,True,False,1
ca313c6b87,SE,register_qualified,True,False,1
29e04a34ed,SE,none,False,False,0
2bd0b7d894,SE,register_qualified,True,False,1
447b7f2fd6,SE,none,False,False,0
c982d04eae,SE,register_qualified,True,False,1
6124f20d92,SE,register_qualified,True,False,1
904efe8756,SE,register_qualified,True,False,1
58ce4f3610,SE,none,False,False,0
0a3129166b,SE,none,False,False,0
743cad588c,SE,register_qualified,True,False,1
565dbc9354,SE,register_qualified,True,False,1
9df01ffa7e,SE,none,False,False,0
afef3f6e64,SE,register_qualified,True,False,1
9c0fa0e3b9,SE,none,False,False,0
ac5601ca5b,SE,none,False,False,0
ff54450851,SE,lei_declared,True,False,1
af58ea9af2,SE,none,False,False,0
1aba3b6584,SE,register_qualified,True,False,1
8b7208d4f8,SE,none,False,False,0
5009fcd924,SE,none,False,False,0
22153b9f94,SE,register_qualified,True,False,1
210be421d0,SE,none,False,False,0
006cc96dfb,SE,lei_declared,True,False,1
f8638009fc,SE,register_qualified,True,False,1
2d197d218a,SE,none,False,False,0
a75c10150a,SE,lei_declared,True,False,1
32eaa5b1a4,SE,register_qualified,True,False,1
17755b2311,SE,register_qualified,True,False,1
35ed8600a6,SE,none,False,False,0
6a9f07ca41,SE,none,False,False,0
018961bf65,SE,register_qualified,True,False,1
b69e6995c3,SE,register_qualified,True,False,1
eac09ac48f,SE,register_qualified,True,False,1
428ef1b86b,SE,register_qualified,True,False,1
5dd52e3883,SE,none,False,False,0
a7b92b607d,SE,register_qualified,True,False,1
f7d3fa2341,SE,none,False,False,0
e3520c6b5e,SE,register_qualified,True,False,1
f7b47a496a,SE,register_qualified,True,False,1
228f9a4255,SE,register_qualified,True,False,1
9f078cfd54,SE,none,False,False,0
81f9b6c590,SE,register_qualified,True,False,1
715104eebf,SE,none,False,False,0
5299e1e2b0,SE,none,False,False,0
3ccf3dc5d9,SE,lei_declared,True,False,1
338f74e2a6,SE,none,False,False,0
125df3c7c3,SE,lei_declared,True,False,1
0c9d628df4,SI,lei_declared,True,False,1
e57d069481,SI,none,False,False,0
bae76e9261,SI,register_qualified,True,False,1
0df48918a3,SI,register_qualified,True,False,1
a7e6873684,SI,none,False,False,0
ef50c16e23,SI,none,False,False,0
14ae766684,SI,lei_declared,True,False,1
c543f67f2c,SI,none,False,False,0
95e835ad6d,SI,none,False,False,0
989c11fd70,SI,none,False,False,0
3e79b82251,SI,none,False,False,0
463d877906,SI,register_qualified,True,False,1
f4d9122d61,SI,register_qualified,True,False,1
6802a5cd67,SI,lei_declared,True,False,1
dfa0a37ad1,SI,register_qualified,True,False,1
89ebcb16dc,SI,none,False,False,0
3490915548,SI,none,False,False,0
3269f35724,SI,none,False,False,0
11c0d339be,SI,none,False,False,0
4c27617de1,SI,none,False,False,0
de2ba43404,SI,none,False,False,0
69176a5150,SI,none,False,False,0
b3c32668cb,SI,register_qualified,True,False,1
44455c8823,SI,none,False,False,0
62d89c9513,SI,none,False,False,0
e523225f17,SI,none,False,False,0
e014892976,SI,register_qualified,True,False,1
9c584c3722,SI,none,False,False,0
b29b0aa58f,SI,none,False,False,0
60d3838f4e,SI,none,False,False,0
2f26b6a13f,SI,register_qualified,True,False,1
e94b0266d2,SI,none,False,False,0
96d5e7dedc,SI,none,False,False,0
6bf4d463a7,SI,none,False,False,0
6a1991a369,SI,register_qualified,True,False,1
eb263d304b,SI,none,False,False,0
5204b9e525,SI,none,False,False,0
6f00fb388b,SI,register_qualified,True,False,1
5ac7887cb6,SI,register_qualified,True,False,1
9358be2271,SI,register_qualified,True,False,1
b75f9e4920,SI,register_qualified,True,False,1
4db10fc401,SI,none,False,False,0
66637b3812,SI,register_qualified,True,False,1
e5d08c4fbb,SI,register_qualified,True,False,1
688cb02ca9,SI,register_qualified,True,False,1
917454dc74,SI,register_qualified,True,False,1
591d1aedd4,SI,register_qualified,True,False,1
86089278b2,SI,none,False,False,0
488ff4b40d,SI,none,False,False,0
b1979b973b,SI,register_qualified,True,False,1
902d3bb1af,SI,register_qualified,True,False,1
a03bbaeca9,SI,register_qualified,True,False,1
9a1e24c1cc,SI,none,False,False,0
889f4018ec,SI,none,False,False,0
a7c702ae9f,SI,register_qualified,True,False,1
c0601bbc90,SI,none,False,False,0
7428ba7fd6,SI,none,False,False,0
34c8dbbe26,SI,register_qualified,True,False,1
86c0418912,SI,register_qualified,True,False,1
21a741b822,SI,register_qualified,True,False,1
1cdb77f8c2,SI,none,False,False,0
91a12ee2e2,SI,lei_declared,True,False,1
b6725c364a,SI,register_qualified,True,False,1
4e4b4fba3b,SI,register_qualified,True,False,1
7edb4af125,SI,none,False,False,0
8c5e45e35a,SI,none,False,False,0
85fe864913,SI,register_qualified,True,False,1
f75725f9ab,SI,none,False,False,0
d3c091af58,SI,register_qualified,True,False,1
7189a28dd0,SI,none,False,False,0
d67af28a09,SI,none,False,False,0
928e8bd2a2,SI,none,False,False,0
0be77ce5da,SI,none,False,False,0
2d75669677,SI,register_qualified,True,False,1
43258a698c,SI,register_qualified,True,False,1
5a1d5ac087,SI,none,False,False,0
ef8d6e2feb,SI,register_qualified,True,False,1
c42bbdaf54,SI,register_qualified,True,False,1
442d57d2cb,SI,register_qualified,True,False,1
ebf8bd6f83,SI,none,False,False,0
5fea6d252a,SI,none,False,False,0
5826062eea,SI,none,False,False,0
cb90a599cd,SI,register_qualified,True,False,1
2b613b38e8,SI,register_qualified,True,False,1
d929678301,SI,none,False,False,0
2cfd3c144b,SI,none,False,False,0
e3e4214603,SI,none,False,False,0
c1428dce03,SI,register_qualified,True,False,1
29426496e0,SI,none,False,False,0
46a63fc66f,SI,none,False,False,0
9b14f76c91,SI,register_qualified,True,False,1
370e34dc69,SI,register_qualified,True,False,1
1bd78483d4,SI,register_qualified,True,False,1
3edb12d56a,SI,none,False,False,0
c57d6559ea,SI,none,False,False,0
437952d073,SI,none,False,False,0
13bee50f86,SI,none,False,False,0
9df8cb641f,SI,none,False,False,0
df5205ae43,SI,register_qualified,True,False,1
6e67f69a70,SI,none,False,False,0
50825e31ce,SI,register_qualified,True,False,1
32a4c6ca15,SI,register_qualified,True,False,1
8a9879f713,SI,none,False,False,0
cbb87eb807,SI,lei_declared,True,False,1
e64cfa50fe,SI,register_qualified,True,False,1
85032a49ad,SI,register_qualified,True,False,1
19cba3a917,SI,none,False,False,0
67eff7f185,SI,register_qualified,True,False,1
4a4bcb46b6,SI,register_qualified,True,False,1
69ea5a84c8,SI,register_qualified,True,False,1
14832b00bc,SI,none,False,False,0
8e9cfeb077,SI,none,False,False,0
a6cf78dde2,SI,register_qualified,True,False,1
41f2107f65,SI,register_qualified,True,False,1
7c453e3923,SI,none,False,False,0
a5bc8ca66a,SI,none,False,False,0
bcd49a7d9d,SI,none,False,False,0
f563009545,SI,none,False,False,0
a71b75d3bf,SI,register_qualified,True,False,1
805f95984b,SI,register_qualified,True,False,1
27bbdaed77,SI,register_qualified,True,False,1
354e4f0565,SI,none,False,False,0
8793cc296b,SI,register_qualified,True,False,1
5a5497fafc,SI,register_qualified,True,False,1
0048681029,SI,lei_declared,True,False,1
a65586bd81,SI,register_qualified,True,False,1
0e01b9cde0,SI,register_qualified,True,False,1
0e64cf59c0,SI,register_qualified,True,False,1
dd93bef5ed,SI,none,False,False,0
9d045c8de2,SI,register_qualified,True,False,1
3ec967968f,SI,none,False,False,0
e3c2bfe20d,SI,lei_declared,True,False,1
58a24c2226,SI,none,False,False,0
1ade72ed54,SI,register_qualified,True,False,1
4d8b22b7c6,SI,none,False,False,0
864b55480b,SI,register_qualified,True,False,1
7030abfdb7,SI,none,False,False,0
358c5c69c8,SI,none,False,False,0
f6024a4735,SI,none,False,False,0
df9d03d8d2,SI,none,False,False,0
e7da535d4d,SI,none,False,False,0
2d240d8637,SI,register_qualified,True,False,1
011148a9fc,SI,none,False,False,0
f9ad72499e,SI,none,False,False,0
7eebb5d23b,SI,none,False,False,0
35ffc9c542,SI,none,False,False,0
1417154643,SI,register_qualified,True,False,1
98cf1f66c9,SI,register_qualified,True,False,1
5bd73b7261,SI,none,False,False,0
48a9c157e7,SI,register_qualified,True,False,1
e80eba1308,SI,none,False,False,0
7ec88e0b48,SI,none,False,False,0
c70059466a,SI,none,False,False,0
33389da0e0,SI,register_qualified,True,False,1
442fc81fec,SI,none,False,False,0
4c0a150756,SI,none,False,False,0
3c3d57b3c3,SI,register_qualified,True,False,1
5e0832633d,SI,register_qualified,True,False,1
a7492b7d1a,SI,register_qualified,True,False,1
6fca6e62ae,SI,none,False,False,0
b86b294e79,SI,none,False,False,0
052becd316,SI,none,False,False,0
b628a50a9e,SI,none,False,False,0
97c65179ae,SI,none,False,False,0
3dcb8f175e,SK,lei_declared,True,False,1
4ab6d9a7cc,SK,register_qualified,True,False,1
c095e80789,SK,none,False,False,0
4cb1f9032d,SK,lei_declared,True,False,1
0903b5ab3c,SK,lei_declared,True,False,1
77e9d48070,SK,none,False,False,0
0de39fdf91,SK,none,False,False,0
625d5c6e52,SK,none,False,False,0
e133b197df,SK,none,False,False,0
98abb8b650,SK,none,False,False,0
8505f3559c,SK,none,False,False,0
add66cde4a,SK,none,False,False,0
f18b984cc2,SK,none,False,False,0
19bcec41c1,SK,none,False,False,0
a855bbb887,SK,none,False,False,0
a57ddd82b7,SK,none,False,False,0
83cb722e27,SK,none,False,False,0
ea04760d44,SK,lei_declared,True,False,1
23dad7b0fa,SK,none,False,False,0
222b026623,SK,lei_declared,True,False,1
090fb43905,SK,none,False,False,0
a6e65d31c8,SK,none,False,False,0
937289be06,SK,none,False,False,0
e6cad19862,SK,lei_declared,True,False,1
5ce9f0fdd5,SK,none,False,False,0
99c771b74a,SK,none,False,False,0
5d9e359fe4,SK,register_qualified,True,False,1
9c61404a21,SK,register_qualified,True,False,1
b7c3689a0e,SK,register_qualified,True,False,1
5c4e88b7ce,SK,none,False,False,0
1af8dbf259,SK,lei_declared,True,False,1
882e8df876,SK,register_qualified,True,False,1
c131491da4,SK,lei_declared,True,False,1
e1feea6657,SK,lei_declared,True,False,1
50ba63d5e1,SK,register_qualified,True,False,1
642f73d7e3,SK,none,False,False,0
5ddc86fd5a,SK,none,False,False,0
52781d77d0,SK,none,False,False,0
4c7cfd5d53,SK,register_qualified,True,False,1
f7134e9320,SK,register_qualified,True,False,1
18efe2fa63,SK,none,False,False,0
dbefd71f1b,SK,register_qualified,True,False,1
4108a5164c,SK,none,False,False,0
fa5017961f,SK,lei_declared,True,False,1
c44aa9d4be,SK,lei_declared,True,False,1
76342b012e,SK,lei_declared,True,False,1
60f927ac3d,SK,register_qualified,True,False,1
93f0819d6a,SK,none,False,False,0
eecc30f52d,SK,lei_declared,True,False,1
ba3d4d7e31,SK,register_qualified,True,False,1
f66888aea5,SK,none,False,False,0
3400f528ea,SK,none,False,False,0
5a39cf4f95,SK,none,False,False,0
d664ac1bc6,SK,register_qualified,True,False,1
edddbeca7e,SK,register_qualified,True,False,1
d02ef718ef,SK,lei_declared,True,False,1
a71cd455c2,SK,lei_declared,True,False,1
cc85c4b77d,SK,none,False,False,0
9ccf20061c,SK,none,False,False,0
d68395f8e0,SK,none,False,False,0
4b9526aa8a,SK,lei_declared,True,False,1
9bed9f34b9,SK,register_qualified,True,False,1
27eee97f2e,SK,none,False,False,0
a2a4c4cc38,SK,lei_declared,True,False,1
812ac3b364,SK,none,False,False,0
deacfd9fe8,SK,lei_declared,True,False,1
8a7fa50fd2,SK,lei_declared,True,False,1
25ab4401a8,SK,none,False,False,0
093dcefa3d,SK,none,False,False,0
123759a9a6,SK,none,False,False,0
7cc7e4a03a,SK,none,False,False,0
d6bc176b77,SK,lei_declared,True,False,1
a9f4f13319,SK,none,False,False,0
05316d2e64,SK,none,False,False,0
423f5a9552,SK,none,False,False,0
58d9829952,SK,none,False,False,0
82b480c5d6,SK,none,False,False,0
79576a5782,SK,none,False,False,0
85783f9a41,SK,register_qualified,True,False,1
3decd47419,SK,none,False,False,0
23c54815f5,SK,none,False,False,0
e5c1aff8dd,SK,none,False,False,0
44d61d90a7,SK,none,False,False,0
66e9210365,SK,lei_declared,True,False,1
4775d0bc44,SK,lei_declared,True,False,1
f8d0da7c6f,SK,register_qualified,True,False,1
acfe71b0e1,SK,none,False,False,0
087efa593a,SK,none,False,False,0
c568a5de9e,SK,none,False,False,0
3a4cac6319,SK,none,False,False,0
b7a1ae8985,SK,none,False,False,0
34a03aaf40,SK,lei_declared,True,False,1
e67cfa0d64,SK,none,False,False,0
d4c9cdf28c,SK,none,False,False,0
e20223d312,SK,none,False,False,0
3c13e3556d,SK,none,False,False,0
cc222cdbed,SK,none,False,False,0
39f2b0f7dc,SK,none,False,False,0
0c4cedbaff,SK,lei_declared,True,False,1
bb4d1e3b9a,SK,register_qualified,True,False,1
272e362128,SK,none,False,False,0
d400eff6b7,SK,none,False,False,0
3b51ca8de2,SK,none,False,False,0
ec7cd7e268,SK,none,False,False,0
55052e6004,SK,none,False,False,0
537b03de97,SK,none,False,False,0
f126e032f7,SK,none,False,False,0
3f0a1d1f51,SK,register_qualified,True,False,1
d498917619,SK,register_qualified,True,False,1
1bcb8d6827,SK,none,False,False,0
441104833a,SK,register_qualified,True,False,1
32fefef4cf,SK,none,False,False,0
18eb9e7ff0,SK,register_qualified,True,False,1
f9c041afcf,SK,register_qualified,True,False,1
33f4301960,SK,register_qualified,True,False,1
d0897ebbd9,SK,none,False,False,0
a35e7fffd1,SK,none,False,False,0
789f1f96e1,SK,none,False,False,0
c4c1198484,SK,none,False,False,0
282952bab2,SK,lei_declared,True,False,1
e2d4c22391,SK,none,False,False,0
d619fc500d,SK,register_qualified,True,False,1
bdd759b049,SK,none,False,False,0
b5ae5985c2,SK,none,False,False,0
8b3fe15bee,SK,lei_declared,True,False,1
caa6d91f20,SK,none,False,False,0
72639a622a,SK,none,False,False,0
5a02b6b1d6,SK,none,False,False,0
567a1a78c1,SK,none,False,False,0
ec54953365,SK,none,False,False,0
99b287bbe1,SK,register_qualified,True,False,1
bdbc7e78a6,SK,register_qualified,True,False,1
d8d839a225,SK,none,False,False,0
c945530a1a,SK,none,False,False,0
72f9730b9e,SK,lei_declared,True,False,1
d74fd6bff0,SK,none,False,False,0
28385a109a,SK,lei_declared,True,False,1
78b4230476,SK,lei_declared,True,False,1
440bfb3132,SK,lei_declared,True,False,1
b2b8241844,SK,none,False,False,0
8390d65935,SK,none,False,False,0
c8b7b91667,SK,register_qualified,True,False,1
0f1061f508,SK,none,False,False,0
5f5fded6ea,SK,none,False,False,0
a9eb344d94,SK,none,False,False,0
78fcdd0389,SK,none,False,False,0
a713afb916,SK,none,False,False,0
5d31e953d4,SK,lei_declared,True,False,1
c7cd144426,SK,register_qualified,True,False,1
fe3e5f9276,SK,register_qualified,True,False,1
c06d76e7e7,SK,register_qualified,True,False,1
4e467f7ed5,SK,none,False,False,0
caf2369503,SK,none,False,False,0
e7bd007957,SK,none,False,False,0
6fef0819f2,SK,none,False,False,0
f3b29d0832,SK,lei_declared,True,False,1
6f44bb1594,SK,lei_declared,True,False,1
92bba41e01,SK,lei_declared,True,False,1
b9de9ddf66,SK,none,False,False,0
a4977593f4,SK,lei_declared,True,False,1
4d7b57b487,SK,lei_declared,True,False,1
2129784f2a,SK,none,False,False,0
f314f4d240,SK,lei_declared,True,False,1
e1f3e38ed6,SK,none,False,False,0
794b9904ed,SK,none,False,False,0
e6677eb423,SK,register_qualified,True,False,1
7e58869e7f,SK,none,False,False,0
904646ef29,SK,none,False,False,0
339e9c511b,SK,none,False,False,0
9363d6090b,SK,register_qualified,True,False,1
28d6c3475c,SK,register_qualified,True,False,1
b8a90070ca,SK,lei_declared,True,False,1
5dee8b1acd,SK,lei_declared,True,False,1
9bca021fe7,SK,none,False,False,0
83ebfc0535,SK,none,False,False,0
bb0068ffbd,SK,none,False,False,0
a6925f1672,SK,lei_declared,True,False,1
ba62aea389,SK,lei_declared,True,False,1
1517991a8a,SK,none,False,False,0
04bd7f806d,SK,register_qualified,True,False,1
d551700bda,SK,lei_declared,True,False,1
8a95d7c496,SK,none,False,False,0
c710e2649f,SK,register_qualified,True,False,1
17479bb7d3,SK,none,False,False,0
5afaac0c64,SK,register_qualified,True,False,1
31127d3f66,SK,register_qualified,True,False,1
f7fb94e5cd,SK,none,False,False,0
e14b0a323b,SK,lei_declared,True,False,1
a5d0c9bdf3,SK,register_qualified,True,False,1
3b976474f9,SK,register_qualified,True,False,1
00e57e3dcf,SK,none,False,False,0
43792ae23b,SK,none,False,False,0
adb4af3db6,SK,lei_declared,True,False,1
b2ce6e3217,SK,none,False,False,0
63365a7fbf,SK,lei_declared,True,False,1
3a63fc593c,SK,none,False,False,0
2a304edffa,SK,lei_declared,True,False,1
79e86a6a5d,SK,none,False,False,0
c761f0bed5,SK,none,False,False,0
b951f05376,SK,none,False,False,0
c199e1ff49,SK,register_qualified,True,False,1
9541b6fd02,SK,none,False,False,0
4dcbff45ba,SK,lei_declared,True,False,1
aa9c0f9a08,SK,register_qualified,True,False,1
d08167e6dc,SK,register_qualified,True,False,1
39d7cc5b6d,SK,none,False,False,0
aee8a29070,SK,none,False,False,0
23e4c97010,SK,none,False,False,0
c34dd04e1d,SK,none,False,False,0
5d5976edf8,SK,none,False,False,0
768a0f09f1,SK,none,False,False,0
108f930d90,SK,none,False,False,0
ee0f29f044,SK,register_qualified,True,False,1
76b592de53,SK,register_qualified,True,False,1
bb29c3de6b,SK,register_qualified,True,False,1
a875c5dab3,SK,none,False,False,0
98a4c55044,SK,none,False,False,0
5e5146edb8,SK,lei_declared,True,False,1
2884a4a87f,SK,register_qualified,True,False,1
7d2bbdd3e3,SK,register_qualified,True,False,1
edcca4d71e,SK,register_qualified,True,False,1
1b79e19c34,SK,none,False,False,0
cc4b87a395,SK,none,False,False,0
949a4ca381,SK,none,False,False,0
8c22658777,SK,none,False,False,0
9e1d54ff74,SK,none,False,False,0
38cf46cbe3,SK,none,False,False,0
3e3dd9e336,SK,register_qualified,True,False,1
3bbb78d301,SK,register_qualified,True,False,1
2dd579f319,SK,register_qualified,True,False,1
a7cdd356fc,SK,none,False,False,0
ed9ba3f203,SK,none,False,False,0
6c1f189035,SK,none,False,False,0
54e739c752,SK,none,False,False,0
3d7df131b1,SK,register_qualified,True,False,1
beafea967c,SK,register_qualified,True,False,1
aea16ec207,SK,lei_declared,True,False,1
305273ada4,SK,none,False,False,0
80a778b469,SK,none,False,False,0
d448e9ad24,SK,lei_declared,True,False,1
58a050f062,SK,none,False,False,0
1d18125105,SK,register_qualified,True,False,1
62854abe47,SK,none,False,False,0
ac7d80c9c0,SK,register_qualified,True,False,1
d3fc068917,SK,none,False,False,0
a24173eaaa,SK,register_qualified,True,False,1
17967b6043,SK,lei_declared,True,False,1
dd534cf20e,SK,none,False,False,0
995e0a5869,SK,none,False,False,0
8a8ac68de0,SK,register_qualified,True,False,1
94de07a3a1,SK,none,False,False,0
455579ef85,SK,none,False,False,0
3f8fcd1811,SK,none,False,False,0
9d49f5ced3,SK,none,False,False,0
30805b3332,SK,none,False,False,0
39ac3672b0,SK,none,False,False,0
ecc632d4e1,SK,register_qualified,True,False,1
0e76c13a6d,SK,none,False,False,0
123c5b8d3e,SK,register_qualified,True,False,1
737d27b234,SK,register_qualified,True,False,1
08f2806aa8,SK,register_qualified,True,False,1
fd66d571e8,SK,register_qualified,True,False,1
bbbcc0112d,SK,register_qualified,True,False,1
63b9b051b7,SK,register_qualified,True,False,1
880d634e59,SK,lei_declared,True,False,1
ce7c9b292e,SK,lei_declared,True,False,1
7922d5e2e9,SK,register_qualified,True,False,1
7eda65f26b,SK,register_qualified,True,False,1
06388453e2,SK,register_qualified,True,False,1
89cc2fd699,SK,none,False,False,0
c9be18bcd6,SK,register_qualified,True,False,1
45f3521d87,SK,none,False,False,0
8f302ffe62,SK,lei_declared,True,False,1
b13d6f27d2,,none,False,False,0
a40631eee1,,none,False,False,0
295e0910f3,,none,False,False,0
5964d3e236,,none,False,False,0
3a7c06afa7,,none,False,False,0
ba7c2194f4,,none,False,False,0
6843bd823b,GB,none,False,False,0
959dc927a5,GB,none,False,False,0
e35a986c1f,GB,none,False,False,0
acfefda2f7,GB,register_qualified,True,False,1
b970f9a3ef,GB,none,False,False,0
7e012c3839,GB,none,False,False,0
c505badfbf,GB,none,False,False,0
c4de2b14ec,GB,none,False,False,0
bb8553d39a,GB,none,False,False,0
ee28f3e117,GB,none,False,False,0
08e921bdeb,GB,none,False,False,0
0ca915b747,GB,none,False,False,0
7c30e92762,GB,none,False,False,0
773e03c797,GB,none,False,False,0
5e4210c199,GB,none,False,False,0
36c355262d,GB,none,False,False,0
7a958186e0,GB,register_qualified,True,False,1
594d0190bb,GB,none,False,False,0
aaed47e715,GB,none,False,False,0
d109562eb0,GB,none,False,False,0
3a25aca0bc,GB,none,False,False,0
0e888d3ca6,GB,none,False,False,0
41ec4eca6e,GB,none,False,False,0
b53c09a1b8,GB,none,False,False,0
2d60925b05,GB,none,False,False,0
0641b2d04c,GB,none,False,False,0
2aadfa8e0b,GB,none,False,False,0
60db9ca8e1,GB,none,False,False,0
37d44f9060,GB,none,False,False,0
6b076fbe32,GB,none,False,False,0
fcf4348db7,GB,none,False,False,0
f1a74a9ff2,GB,none,False,False,0
fd10ee0962,GB,none,False,False,0
55ea788ee7,GB,register_qualified,True,False,1
389bd314fd,GB,none,False,False,0
40f4feda39,GB,none,False,False,0
771bfe229a,GB,none,False,False,0
497d8922be,GB,none,False,False,0
cfcdac45d5,GB,none,False,False,0
a1d06e7fc4,GB,none,False,False,0
8428529852,GB,register_qualified,True,False,1
cfb8f5d3f2,GB,none,False,False,0
76c321c4f2,GB,none,False,False,0
7bc2c47ec3,GB,register_qualified,True,False,1
f09911ce08,GB,none,False,False,0
1c19b69d0d,GB,none,False,False,0
9d7dc1c23a,GB,register_qualified,True,False,1
6047e129ed,GB,register_qualified,True,False,1
c5579d4b39,GB,none,False,False,0
5368aef93c,GB,none,False,False,0
e2b76be3c5,GB,none,False,False,0
8990966a58,GB,none,False,False,0
5dabe86b01,GB,none,False,False,0
d6cb49e4ee,GB,none,False,False,0
1475621b40,GB,none,False,False,0
1b4e620298,GB,none,False,False,0
cc90cea004,GB,none,False,False,0
778b51578c,GB,none,False,False,0
c7dc18219e,GB,none,False,False,0
2b10f290c9,GB,none,False,False,0
8b77205007,GB,none,False,False,0
0ee3ba521d,GB,none,False,False,0
3e8aa369a8,GB,register_qualified,True,False,1
db9cbfd25a,GB,none,False,False,0
83b6faf598,GB,none,False,False,0
71aa72dc78,GB,none,False,False,0
313069b123,GB,none,False,False,0
3d24fa7bbb,GB,none,False,False,0
e2730a03fa,GB,none,False,False,0
3ec271d9f3,GB,register_qualified,True,False,1
248661419e,GB,register_qualified,True,False,1
e868c6b061,GB,none,False,False,0
e2d5468c1e,GB,none,False,False,0
152ec65086,GB,register_qualified,True,False,1
6ce969f392,GB,register_qualified,True,False,1
ae261c0543,GB,none,False,False,0
4cce3b90c7,GB,none,False,False,0
8eb88b7d6f,GB,none,False,False,0
1a9bee89fb,GB,none,False,False,0
a0937b4489,GB,none,False,False,0
749df4a6bb,GB,register_qualified,True,False,1
60922ba255,GB,none,False,False,0
f8972b9a20,GB,none,False,False,0
080c2ea57f,GB,none,False,False,0
e95a92cf4c,GB,none,False,False,0
71235cf888,GB,none,False,False,0
545b57d621,GB,none,False,False,0
9d09f0b9e5,GB,none,False,False,0
239020fb81,GB,none,False,False,0
ea427f81db,GB,none,False,False,0
c0bdbae753,GB,none,False,False,0
78b9c4c10a,GB,none,False,False,0
3c758ea2d0,GB,none,False,False,0
2471de8713,GB,register_qualified,True,False,1
d3a466346a,GB,none,False,False,0
1199480ce1,GB,none,False,False,0
a42c5e547f,GB,none,False,False,0
1c429158ba,GB,none,False,False,0
1da5b22acb,GB,none,False,False,0
499bf8faba,GB,none,False,False,0
b7bfa9f93c,GB,none,False,False,0
ff33068b88,GB,none,False,False,0
7a6b69e2ad,GB,none,False,False,0
3c407bd10b,GB,none,False,False,0
d7c7d176c9,GB,none,False,False,0
65d006ab12,GB,none,False,False,0
5d5a7acce4,GB,none,False,False,0
3ca7d35c10,GB,none,False,False,0
5e4d77d114,GB,none,False,False,0
64da3a83d8,GB,none,False,False,0
90b154c9f1,GB,none,False,False,0
65ef988b7b,GB,none,False,False,0
4227aee02b,GB,none,False,False,0
2cda6f9e0a,GB,none,False,False,0
fd04e43317,GB,none,False,False,0
ca2ef52f15,GB,register_qualified,True,False,1
22041a470d,GB,none,False,False,0
d29bfc6d40,GB,none,False,False,0
6e77623967,GB,none,False,False,0
e02d6aac5d,GB,register_qualified,True,False,1
25cf25321b,GB,register_qualified,True,False,1
9f031d3497,GB,none,False,False,0
63befce142,GB,register_qualified,True,False,1
88b3ba74f4,GB,none,False,False,0
797c31c372,GB,none,False,False,0
e78cd574c4,GB,none,False,False,0
5fd2d358f1,GB,register_qualified,True,False,1
c7380490e4,GB,none,False,False,0
519edf3727,GB,none,False,False,0
1c8f969286,GB,none,False,False,0
98a6dcc40f,GB,none,False,False,0
935db682b9,GB,register_qualified,True,False,1
4eadde7c89,GB,none,False,False,0
e24a324352,GB,none,False,False,0
ea96ca69da,GB,none,False,False,0
9349820b62,GB,none,False,False,0
2281ae3efb,GB,none,False,False,0
aeb1b7f7cb,GB,none,False,False,0
4994020798,GB,none,False,False,0
76bd190384,GB,none,False,False,0
3df7f8942f,GB,none,False,False,0
937e488256,GB,none,False,False,0
8dfacbd17f,GB,none,False,False,0
27e61d438f,GB,none,False,False,0
b4656cb2cd,GB,none,False,False,0
01344e2487,GB,none,False,False,0
d5ef961c5d,GB,none,False,False,0
93a29586f3,GB,none,False,False,0
ce9abc004e,GB,register_qualified,True,False,1
1cf26d28e6,GB,none,False,False,0
6e7ae57275,GB,none,False,False,0
6e3829be7a,GB,none,False,False,0
7b63a71847,GB,none,False,False,0
fa2fb6f946,GB,none,False,False,0
c4c00e60c8,GB,none,False,False,0
309e7c912a,GB,none,False,False,0
52dc31c9e8,GB,none,False,False,0
352714aaba,GB,register_qualified,True,False,1
1a49714398,GB,none,False,False,0
b5284635c3,GB,none,False,False,0
9b51a3cc77,GB,register_qualified,True,False,1
104eeccf34,GB,none,False,False,0
46615c025c,GB,none,False,False,0
1598c24d58,GB,none,False,False,0
82101133da,GB,register_qualified,True,False,1
193d016d1c,GB,none,False,False,0
612bca2823,GB,register_qualified,True,False,1
3262a85e76,GB,none,False,False,0
3c56a69209,GB,register_qualified,True,False,1
924b9515a7,GB,none,False,False,0
ee300268c1,GB,none,False,False,0
4d62bdda45,GB,none,False,False,0
b35706031d,GB,none,False,False,0
c43b60acfd,GB,register_qualified,True,False,1
6d624c5c5e,GB,none,False,False,0
5976f0b765,GB,register_qualified,True,False,1
03580a3397,GB,none,False,False,0
5319c6683d,GB,none,False,False,0
2e1321ffc4,GB,none,False,False,0
5440806251,GB,none,False,False,0
3db02fdfd5,GB,none,False,False,0
4f68d78fad,GB,none,False,False,0
745923acbe,GB,none,False,False,0
fb4347f0dc,GB,none,False,False,0
17fc165655,GB,none,False,False,0
cd458ff591,GB,none,False,False,0
80f9993852,GB,none,False,False,0
8700b91896,GB,register_qualified,True,False,1
505e0520c0,GB,none,False,False,0
d7139d189f,GB,none,False,False,0
eb2cc7eeac,GB,none,False,False,0
68bfc34929,GB,register_qualified,True,False,1
2c541dc901,GB,none,False,False,0
f994a35cee,GB,none,False,False,0
3f77f7978f,GB,none,False,False,0
2841c558b0,GB,none,False,False,0
2453ae6a7f,GB,register_qualified,True,False,1
45b00a7bfd,GB,none,False,False,0
a0e141cbd5,GB,none,False,False,0
647762958e,GB,none,False,False,0
0b94ec4834,GB,none,False,False,0
44fb25f542,GB,none,False,False,0
5f2fae2267,GB,none,False,False,0
184ae9a052,GB,none,False,False,0
8255545621,GB,none,False,False,0
c96aec546f,GB,none,False,False,0
896712c3bf,GB,none,False,False,0
001bf6e6a0,GB,none,False,False,0
6346591ccb,GB,none,False,False,0
5134e155c1,GB,none,False,False,0
05c224faea,GB,register_qualified,True,False,1
5ec754814a,GB,none,False,False,0
c6663dbf61,GB,none,False,False,0
a7d201fbb7,GB,none,False,False,0
1515c038f4,GB,none,False,False,0
8ddb70287d,GB,none,False,False,0
5ea6fe6f6d,GB,none,False,False,0
dadfaad853,GB,none,False,False,0
c68c58705f,GB,none,False,False,0
b9b9c6ff2a,GB,none,False,False,0
9b1f4161c7,GB,none,False,False,0
c7d6fbeb8c,GB,none,False,False,0
94d42b41c0,GB,none,False,False,0
5ce3510a21,GB,none,False,False,0
f732816506,GB,none,False,False,0
c887abcd2e,GB,none,False,False,0
b6fa1d9cda,GB,none,False,False,0
8b81e6d5f5,GB,register_qualified,True,False,1
f9eab64133,GB,register_qualified,True,False,1
2706155e97,GB,none,False,False,0
74d047516e,GB,none,False,False,0
2a459e080c,GB,none,False,False,0
a7f10a05c1,GB,none,False,False,0
806b321df9,GB,none,False,False,0
9996a9517e,GB,none,False,False,0
931544f31b,GB,none,False,False,0
489b1d3596,GB,none,False,False,0
9cd8493e76,GB,none,False,False,0
e184b38377,GB,none,False,False,0
bc9d48da70,GB,none,False,False,0
fb62051191,GB,none,False,False,0
e2c2681bc0,GB,register_qualified,True,False,1
b0e1489fc6,GB,none,False,False,0
82a08a6714,GB,register_qualified,True,False,1
008f9e26c6,GB,none,False,False,0
d1daaeab03,GB,none,False,False,0
3e2dde1bf6,GB,none,False,False,0
46e469fa56,GB,none,False,False,0
b5bd659f68,GB,none,False,False,0
a816eda09f,GB,none,False,False,0
a10ad9dfec,GB,none,False,False,0
1e6611c9ab,GB,none,False,False,0
5b79ed7f01,GB,none,False,False,0
b88a5514d7,GB,none,False,False,0
3bd38ae088,GB,none,False,False,0
7ce9d30590,GB,none,False,False,0
7c3983217e,GB,none,False,False,0
9eb3a19da6,GB,register_qualified,True,False,1
0f3fcd70c6,GB,none,False,False,0
faa6f6edee,GB,none,False,False,0
4f18b5a517,GB,register_qualified,True,False,1
51e3f61a5e,GB,register_qualified,True,False,1
ccbb1501b8,GB,none,False,False,0
accb7220ba,GB,none,False,False,0
8b091c2a8f,GB,none,False,False,0
4e3bd42128,GB,none,False,False,0
3fceab1028,GB,none,False,False,0
e7a9387d40,GB,none,False,False,0
c0014ad44d,GB,none,False,False,0
08b3e2fbfc,GB,none,False,False,0
bec66d2550,GB,none,False,False,0
a07a400f37,GB,none,False,False,0
5d6103b4a1,GB,none,False,False,0
7312062a97,GB,none,False,False,0
c46dd39f5f,GB,none,False,False,0
7f5c9a8989,GB,none,False,False,0
6608247842,GB,none,False,False,0
59c25a8ce6,GB,none,False,False,0
c7e2fa05ef,GB,register_qualified,True,False,1
91555a1ad8,GB,register_qualified,True,False,1
f11c80f0ea,GB,none,False,False,0
04d9016b76,GB,none,False,False,0
665e2dee7a,GB,none,False,False,0
c470fae322,GB,none,False,False,0
38cdc02448,GB,none,False,False,0
1c486a7ec7,GB,none,False,False,0
b1dbc2786f,GB,none,False,False,0
97206191b0,GB,register_qualified,True,False,1
e55f7f4627,GB,register_qualified,True,False,1
7699af1cbd,GB,none,False,False,0
ab678d836f,GB,none,False,False,0
0598e2dd0d,GB,none,False,False,0
693ce5a1a3,GB,none,False,False,0
163ab3c672,GB,none,False,False,0
dd039f627e,GB,none,False,False,0
7ce033aafa,GB,none,False,False,0
87460e9e90,GB,none,False,False,0
0d8ff3b0fb,GB,register_qualified,True,False,1
f72c699893,GB,none,False,False,0
65874b2fb0,GB,none,False,False,0
459089a550,GB,none,False,False,0
1577b97204,GB,none,False,False,0
081fb997dc,GB,none,False,False,0
a42fdc4b86,GB,none,False,False,0
0aec8a3416,GB,none,False,False,0
1f004df63f,GB,none,False,False,0
9b56bce640,GB,none,False,False,0
02411bd455,GB,none,False,False,0
8b5a451e97,GB,none,False,False,0
294bdc6d1b,GB,none,False,False,0
6bbeb671ca,GB,none,False,False,0
c29ef0c4fd,GB,none,False,False,0
9dce9ae877,GB,none,False,False,0
ec791e564b,GB,none,False,False,0
8c6728c00a,GB,none,False,False,0
1802123ea5,GB,none,False,False,0
c1ad9503f8,GB,none,False,False,0
7eb75db6c1,GB,none,False,False,0
0c4f2a03fb,GB,none,False,False,0
083285f6bb,GB,none,False,False,0
17274b0db1,GB,none,False,False,0
34123797bd,GB,none,False,False,0
6b2cdd5aab,GB,none,False,False,0
4d901a83a5,GB,none,False,False,0
ee9f0e9a92,GB,none,False,False,0
c2e0949c52,GB,none,False,False,0
da6dfbcf37,GB,none,False,False,0
6059385e8c,GB,none,False,False,0
25f4a482d2,GB,none,False,False,0
cf987ab9f0,GB,none,False,False,0
4c4bae2a70,GB,none,False,False,0
7b1af926a0,GB,none,False,False,0
d1718bb918,GB,none,False,False,0
d99e87d197,GB,register_qualified,True,False,1
d89f213056,GB,none,False,False,0
a6b61421f0,GB,none,False,False,0
27e97641c6,GB,none,False,False,0
a4ab2d2852,GB,register_qualified,True,False,1
313ee5216b,GB,none,False,False,0
25f40bb575,GB,none,False,False,0
c1b3122b1c,GB,register_qualified,True,False,1
4f69a6ab2a,GB,none,False,False,0
1918b9a4d4,GB,none,False,False,0
3b75df30ad,GB,none,False,False,0
9c74e92665,GB,none,False,False,0
b29b9637c7,GB,register_qualified,True,False,1
d4d5c9d8e3,GB,none,False,False,0
dd03947d92,GB,none,False,False,0
dade7b77e9,GB,register_qualified,True,False,1
75c3c07c6d,GB,none,False,False,0
08b71c6b22,GB,none,False,False,0
91cf810cac,GB,none,False,False,0
6d470e1c7b,GB,none,False,False,0
54afd9a3c9,GB,none,False,False,0
8619a1af3d,GB,none,False,False,0
00925c90e7,GB,none,False,False,0
96690380dd,GB,register_qualified,True,False,1
363d61fce6,GB,none,False,False,0
d725e224ac,GB,none,False,False,0
716e5593b1,GB,none,False,False,0
099f1e9c81,GB,none,False,False,0
6cafebaf72,GB,none,False,False,0
2c8052737f,GB,register_qualified,True,False,1
4fce0b50c0,GB,none,False,False,0
a7b6b1809d,GB,none,False,False,0
f2524c0c62,GB,none,False,False,0
1de5d793da,GB,none,False,False,0
88dac77629,GB,register_qualified,True,False,1
16041216ed,GB,none,False,False,0
6bcea7c686,GB,none,False,False,0
c92d9b8475,GB,none,False,False,0
ded0aaa469,GB,register_qualified,True,False,1
3aa0f2cc09,GB,none,False,False,0
b4d2b583b7,GB,none,False,False,0
d2c55d0a01,GB,none,False,False,0
aca61a9442,GB,none,False,False,0
b7c57f456c,GB,none,False,False,0
d138221c56,GB,register_qualified,True,False,1
f3ca23582c,GB,register_qualified,True,False,1
ee78b6363f,GB,none,False,False,0
05ea513542,GB,none,False,False,0
008f147b71,GB,none,False,False,0
1456ccb2d7,GB,register_qualified,True,False,1
d3cc5d60d8,GB,none,False,False,0
447ce108fc,GB,register_qualified,True,False,1
f124fe6a1b,GB,none,False,False,0
a9e3da15fd,GB,none,False,False,0
0ba03abd9b,GB,register_qualified,True,False,1
88c3d06b7a,GB,none,False,False,0
c5ba760b05,GB,register_qualified,True,False,1
9936a154f7,GB,none,False,False,0
8a2fc8bb89,GB,none,False,False,0
9923ca1f46,GB,none,False,False,0
719773dd95,GB,none,False,False,0
30a57a7a3a,GB,none,False,False,0
3f4de7268d,GB,none,False,False,0
eb3162cda9,GB,none,False,False,0
046cffe169,GB,none,False,False,0
c74fe4b00f,GB,none,False,False,0
00fe77b3cd,GB,none,False,False,0
968f112ae6,GB,none,False,False,0
3b58483f93,GB,none,False,False,0
c6cd70efce,GB,none,False,False,0
5eac7384ad,GB,none,False,False,0
5e26cdae07,GB,none,False,False,0
b68ce8d20c,GB,none,False,False,0
efa8b9540a,GB,none,False,False,0
2592d7394f,GB,register_qualified,True,False,1
89d4deb51f,GB,none,False,False,0
e952ca3e37,GB,none,False,False,0
9a14026c17,GB,none,False,False,0
1a73c76f15,GB,none,False,False,0
606dcc2893,GB,register_qualified,True,False,1
530951c795,GB,none,False,False,0
15dccbe6a2,GB,none,False,False,0
a933bc0bff,GB,none,False,False,0
ecfec1ac90,GB,none,False,False,0
a65826043a,GB,none,False,False,0
f532553f73,GB,register_qualified,True,False,1
65a4067d78,GB,none,False,False,0
0cd9d8d6d8,GB,none,False,False,0
297d80355e,GB,none,False,False,0
cc7b3be56d,GB,none,False,False,0
81aa8629b6,GB,register_qualified,True,False,1
fb69587f4c,GB,register_qualified,True,False,1
8fe554ecde,GB,none,False,False,0
460abb0954,GB,none,False,False,0
8ca05b4e17,GB,register_qualified,True,False,1
3f88e32a53,GB,register_qualified,True,False,1
e74334cca1,GB,none,False,False,0
8258a83054,GB,none,False,False,0
6d74347375,GB,none,False,False,0
6ee827f8f4,GB,none,False,False,0
d492a20c0c,GB,none,False,False,0
ef827b94a1,GB,none,False,False,0
8c2a991ca6,GB,none,False,False,0
ee96c6b6a1,GB,none,False,False,0
0f1e0f9b76,GB,none,False,False,0
e8e949e920,GB,none,False,False,0
2e8a858138,GB,none,False,False,0
4ca0d0224a,GB,register_qualified,True,False,1
e2449134c3,GB,none,False,False,0
2406d31307,GB,none,False,False,0
6aa3914579,GB,none,False,False,0
c8f51f1907,GB,none,False,False,0
019d0a6048,GB,none,False,False,0
18405f964b,GB,none,False,False,0
58d4a6075e,GB,none,False,False,0
1f461c6f11,GB,none,False,False,0
422f8b9923,GB,none,False,False,0
2ee80d08cb,GB,none,False,False,0
0fcf5bbb81,GB,none,False,False,0
cf1fc0d06b,GB,none,False,False,0
506444a17d,GB,none,False,False,0
7c6dbf7546,GB,none,False,False,0
04b7805950,GB,none,False,False,0
4fbcec4c74,GB,none,False,False,0
a4f04ae43b,GB,none,False,False,0
232703600a,GB,none,False,False,0
05e1ecebc5,GB,none,False,False,0
da6a7ad13d,GB,none,False,False,0
0ce43fbab6,GB,none,False,False,0
6719bb14e3,GB,register_qualified,True,False,1
f0aed4f646,GB,none,False,False,0
dc7dce1420,GB,none,False,False,0
2a454d2f14,GB,none,False,False,0
e3a7b4a136,GB,none,False,False,0
a35fe05b69,GB,none,False,False,0
e21c8beb54,GB,none,False,False,0
3832e75fb4,GB,none,False,False,0
59f3373802,GB,none,False,False,0
aa1a077b19,GB,register_qualified,True,False,1
b0d4597605,GB,none,False,False,0
a0933eecb7,GB,none,False,False,0
1fdabebad8,GB,none,False,False,0
5cc4570813,GB,none,False,False,0
2767d10567,GB,none,False,False,0
747d8934f0,GB,none,False,False,0
3824233717,GB,none,False,False,0
d1e29def00,GB,register_qualified,True,False,1
db32482ff7,GB,register_qualified,True,False,1
654d47b4bf,GB,register_qualified,True,False,1
2663a384fd,GB,none,False,False,0
8de69cb6db,GB,none,False,False,0
d05fb19493,GB,none,False,False,0
e8a1a76c8c,GB,none,False,False,0
a9fdb7f86f,GB,none,False,False,0
2a4f75919d,GB,none,False,False,0
4b08c9b3a8,GB,none,False,False,0
16a3b40dc3,GB,none,False,False,0
4d4a35cfa5,GB,none,False,False,0
57f63b4565,GB,register_qualified,True,False,1
b71999ee11,GB,none,False,False,0
1a41e90eb6,GB,none,False,False,0
6fe326abfd,GB,none,False,False,0
3b43bde4db,GB,none,False,False,0
e554f309c8,GB,register_qualified,True,False,1
242aeecf28,GB,none,False,False,0
08a35be460,GB,none,False,False,0
30b8d3ea8a,GB,none,False,False,0
60b6c0c707,GB,none,False,False,0
1d64909b4b,GB,none,False,False,0
6cec54e64c,GB,register_qualified,True,False,1
238fa087bb,GB,none,False,False,0
cf2433673f,GB,none,False,False,0
644dda788d,GB,none,False,False,0
93edbed7c0,GB,none,False,False,0
cc4bff2894,GB,none,False,False,0
9bee7cad02,GB,none,False,False,0
1778561043,GB,none,False,False,0
244eb68aaa,GB,none,False,False,0
46664cb9bd,GB,register_qualified,True,False,1
2b71d41433,GB,none,False,False,0
007f0ab300,GB,none,False,False,0
60d35b7524,GB,none,False,False,0
1d43d9fc3a,GB,register_qualified,True,False,1
606a3fc729,GB,none,False,False,0
0987440201,GB,none,False,False,0
4f6f5f334b,GB,none,False,False,0
141630b6b2,GB,register_qualified,True,False,1
da1e125a6c,GB,none,False,False,0
252526e00d,GB,none,False,False,0
db44fea9fc,GB,none,False,False,0
bbc5f3891e,GB,register_qualified,True,False,1
c9348d0109,GB,register_qualified,True,False,1
452a954ef8,GB,none,False,False,0
b885363c72,GB,none,False,False,0
bf8950b82f,GB,none,False,False,0
f34d80b515,GB,none,False,False,0
db49a36c9a,GB,none,False,False,0
d432d4d642,GB,none,False,False,0
3948baf85f,GB,none,False,False,0
1481c43a03,GB,none,False,False,0
573f8e4c56,GB,none,False,False,0
79f53a3efa,GB,none,False,False,0
1727836236,GB,none,False,False,0
a8a3143d75,GB,none,False,False,0
b5a2bca0ef,GB,none,False,False,0
d22ae32c59,GB,none,False,False,0
4eab007f26,GB,none,False,False,0
59c996fefd,GB,none,False,False,0
371bfc8b35,GB,none,False,False,0
a520a0bae7,GB,none,False,False,0
54d8576398,GB,none,False,False,0
7afca1827a,GB,none,False,False,0
30ce4e4479,GB,register_qualified,True,False,1
3f913fa920,GB,none,False,False,0
d2c1f3eda0,GB,none,False,False,0
749186b9e7,GB,register_qualified,True,False,1
1af6d943bc,GB,none,False,False,0
b0bb62e456,GB,none,False,False,0
5f63e530a6,GB,none,False,False,0
fb6d60014a,GB,none,False,False,0
00da386b1e,GB,none,False,False,0
262346d9ca,GB,none,False,False,0
f965b93306,GB,none,False,False,0
2938190c11,GB,none,False,False,0
d5eaa77e48,GB,none,False,False,0
b7312505c7,GB,none,False,False,0
ee4aca5e0e,GB,none,False,False,0
0803e14657,GB,none,False,False,0
6e1d0a1dd1,GB,none,False,False,0
6f11750717,GB,none,False,False,0
f6acd1b7b1,GB,none,False,False,0
ad4618bb74,GB,register_qualified,True,False,1
3f898907f2,GB,none,False,False,0
daddcd8050,GB,register_qualified,True,False,1
6368abddda,GB,none,False,False,0
b279e03e0a,GB,register_qualified,True,False,1
ece0115d31,GB,none,False,False,0
68aebdc6fe,GB,none,False,False,0
84b4f81356,GB,none,False,False,0
32076806bb,GB,none,False,False,0
5e89136e20,GB,none,False,False,0
ab856acac4,GB,none,False,False,0
944458c0b8,GB,none,False,False,0
db172f30a2,GB,none,False,False,0
8a31e6c885,GB,none,False,False,0
f197264a9a,GB,none,False,False,0
4416c2a8d0,GB,none,False,False,0
a45da1b3d3,GB,none,False,False,0
c81b7cb885,GB,none,False,False,0
d3994ec8f1,GB,none,False,False,0
3c07472284,GB,none,False,False,0
79df6bb1d5,GB,register_qualified,True,False,1
2b2b739ae5,GB,none,False,False,0
ce928bbfe5,GB,none,False,False,0
df6bbe99b9,GB,register_qualified,True,False,1
e786671ade,GB,none,False,False,0
7b3d09d016,GB,none,False,False,0
b87bfc2028,GB,register_qualified,True,False,1
880830e4da,GB,register_qualified,True,False,1
7c1625a9aa,GB,none,False,False,0
4df1ed173e,GB,none,False,False,0
515fa8887b,GB,none,False,False,0
2c6d3fc9cf,GB,none,False,False,0
a10883145e,GB,none,False,False,0
2b3054af8b,GB,none,False,False,0
27eeba22bb,GB,register_qualified,True,False,1
ae1341c871,GB,register_qualified,True,False,1
357fb919af,GB,none,False,False,0
2b6c6963a3,GB,none,False,False,0
f4d9159122,GB,none,False,False,0
d1c0309c54,GB,none,False,False,0
674ded74b4,GB,none,False,False,0
d5d239f76a,GB,none,False,False,0
0ff57e2d36,GB,none,False,False,0
687b80e081,GB,none,False,False,0
e2c443f192,GB,none,False,False,0
5f4c75bf9b,GB,none,False,False,0
a03d7daab7,GB,none,False,False,0
777c5934de,GB,none,False,False,0
232e7bca6d,GB,register_qualified,True,False,1
d49fa7cf98,GB,none,False,False,0
2124899390,GB,none,False,False,0
cd12f204b8,GB,none,False,False,0
75b30f06e7,GB,none,False,False,0
2d89d33abc,GB,none,False,False,0
0ebe0f1022,GB,none,False,False,0
4e6a97ae2c,GB,none,False,False,0
64476dcc6a,GB,none,False,False,0
28b6115c31,GB,none,False,False,0
102ea5c7e6,GB,none,False,False,0
59384d4cba,GB,none,False,False,0
a10f180137,GB,register_qualified,True,False,1
1cd5eed30e,GB,none,False,False,0
71d9b285aa,GB,none,False,False,0
e6037d2d38,GB,none,False,False,0
f642daed96,GB,none,False,False,0
9358a9696f,GB,none,False,False,0
2f1a360730,GB,register_qualified,True,False,1
1bc2a1ae56,GB,none,False,False,0
57c6e54842,GB,none,False,False,0
f89356f354,GB,none,False,False,0
f93d62df0f,GB,none,False,False,0
81115c2aae,GB,register_qualified,True,False,1
a3dba19bfb,GB,register_qualified,True,False,1
ced1bc71f2,GB,none,False,False,0
b6779befc7,GB,none,False,False,0
a0e54b4396,GB,none,False,False,0
d51f969ddd,GB,none,False,False,0
f0cebed181,GB,none,False,False,0
740ff26589,GB,none,False,False,0
04e771d5e1,GB,none,False,False,0
03cab5183d,GB,none,False,False,0
234e960e44,GB,none,False,False,0
239cc4d329,GB,none,False,False,0
5a7e025cc0,GB,none,False,False,0
75acac643b,GB,none,False,False,0
ed6fee4529,GB,none,False,False,0
1e182968a5,GB,none,False,False,0
c5c3f3c2aa,GB,none,False,False,0
23f80410dc,GB,none,False,False,0
ec67e1a478,GB,none,False,False,0
4cc7e6ffdd,GB,none,False,False,0
f5433d0328,GB,none,False,False,0
c6e3b3ff72,GB,none,False,False,0
898f45633c,GB,none,False,False,0
58014bd9f3,GB,none,False,False,0
855c6b3d7e,GB,none,False,False,0
582d59e592,GB,none,False,False,0
5bf361ed90,GB,none,False,False,0
8a6a2214bc,GB,none,False,False,0
b00a2df734,GB,none,False,False,0
a867d996a9,GB,none,False,False,0
22c52fde44,GB,register_qualified,True,False,1
b9193f87e5,GB,none,False,False,0
b67b746100,GB,none,False,False,0
6a053c687d,GB,none,False,False,0
465d59d775,GB,register_qualified,True,False,1
06dc750b11,GB,register_qualified,True,False,1
21f1c15074,GB,none,False,False,0
edee6660e8,GB,none,False,False,0
6968ed5b61,GB,register_qualified,True,False,1
3d0c8c8ef2,GB,none,False,False,0
c4179a8ae5,GB,none,False,False,0
f04ee3d4b0,GB,register_qualified,True,False,1
47f60667ec,GB,none,False,False,0
8ae9e435cd,GB,none,False,False,0
2e924efe8b,GB,none,False,False,0
cd08641211,GB,none,False,False,0
14b4e5a337,GB,register_qualified,True,False,1
dce3c58216,GB,none,False,False,0
f888078780,GB,register_qualified,True,False,1
ee65bd06f2,GB,none,False,False,0
6dab7406b9,GB,none,False,False,0
c44dce1ee7,GB,none,False,False,0
753abc1e4b,GB,none,False,False,0
390c7ed5ba,GB,none,False,False,0
92e34434b5,GB,none,False,False,0
58ebfb453f,GB,register_qualified,True,False,1
627e495ba5,GB,none,False,False,0
ad96d5625d,GB,none,False,False,0
e245f5de3d,GB,none,False,False,0
de554cd318,GB,none,False,False,0
2a447fdd75,GB,none,False,False,0
f8f22ca5fc,GB,none,False,False,0
f4962afa8e,GB,none,False,False,0
fc04c838e0,GB,none,False,False,0
17b84d886a,GB,none,False,False,0
b822ffdf51,GB,none,False,False,0
9b3e0360d7,GB,none,False,False,0
c51f2c492a,GB,none,False,False,0
a895e54079,GB,none,False,False,0
b03331cc8a,GB,register_qualified,True,False,1
8a1674ffbd,GB,none,False,False,0
9f2fe6163b,GB,none,False,False,0
9bd03ea76c,GB,register_qualified,True,False,1
45eb50cb10,GB,register_qualified,True,False,1
08cca9c54d,GB,none,False,False,0
896e331f3c,GB,none,False,False,0
b39fb374ab,GB,register_qualified,True,False,1
8b9aad7913,GB,none,False,False,0
0c0d4a43cc,GB,none,False,False,0
aae279e673,GB,none,False,False,0
63a1d5c310,GB,none,False,False,0
9e9327342b,GB,none,False,False,0
bf0aba145d,GB,none,False,False,0
a1865f3dda,GB,none,False,False,0
cc235e8556,GB,none,False,False,0
b599c52635,GB,register_qualified,True,False,1
8be90c3d93,GB,none,False,False,0
2597f90945,GB,none,False,False,0
66825cc288,GB,none,False,False,0
20d100f968,GB,none,False,False,0
65ab1223a9,GB,register_qualified,True,False,1
17a095d980,GB,none,False,False,0
58506208aa,GB,none,False,False,0
007fb13abb,GB,register_qualified,True,False,1
b6c4e45c11,GB,none,False,False,0
a62356697e,GB,none,False,False,0
07a8a8e01d,GB,none,False,False,0
422a293057,GB,none,False,False,0
9f37f0c5e8,GB,none,False,False,0
aac56c712b,GB,none,False,False,0
a1f20ad4f2,GB,none,False,False,0
214804418c,GB,none,False,False,0
3f0118fd2d,GB,none,False,False,0
bac3de25d2,GB,none,False,False,0
32d601368a,GB,register_qualified,True,False,1
cdea81ba37,GB,register_qualified,True,False,1
16ba95d7a6,GB,none,False,False,0
75cc53f4f1,GB,register_qualified,True,False,1
eda82726da,GB,none,False,False,0
235bb54273,GB,none,False,False,0
fd7faac1f0,GB,none,False,False,0
4a94c36e9d,GB,none,False,False,0
0aa2e1b827,GB,none,False,False,0
44545fbd84,GB,none,False,False,0
2fe2a6ecaa,GB,none,False,False,0
00cfe7f297,GB,none,False,False,0
d70e52262e,GB,none,False,False,0
9ab4482819,GB,none,False,False,0
315de22a10,GB,none,False,False,0
369f2f099b,GB,none,False,False,0
5b97219cd7,GB,none,False,False,0
933419b165,GB,register_qualified,True,False,1
b17f517c9b,GB,none,False,False,0
cdd0c2d0ec,GB,none,False,False,0
2031304fbd,GB,none,False,False,0
8f8e76adcf,GB,none,False,False,0
9266e9bfd5,GB,none,False,False,0
9a6065e17d,GB,none,False,False,0
6521178389,GB,none,False,False,0
ee7f53769a,GB,register_qualified,True,False,1
2e0e742527,GB,none,False,False,0
9b6ae3ce37,GB,none,False,False,0
0f10fa2bdb,GB,none,False,False,0
0ac096ec75,GB,none,False,False,0
fc827d7702,GB,none,False,False,0
904237d352,GB,none,False,False,0
1603705a88,GB,none,False,False,0
c1f79b41b2,GB,none,False,False,0
16f0f10ac1,GB,none,False,False,0
fd5ea1a89a,GB,register_qualified,True,False,1
45c4ec9e47,GB,none,False,False,0
ce27950f88,GB,none,False,False,0
ede3519365,GB,none,False,False,0
a7e7e29c4f,GB,register_qualified,True,False,1
11967f8bb2,GB,none,False,False,0
225b76b7be,GB,none,False,False,0
b168d69754,GB,none,False,False,0
1113017026,GB,none,False,False,0
3d3f93d093,GB,none,False,False,0
d6b9b67d68,GB,none,False,False,0
8be7235096,GB,none,False,False,0
6ba37583e6,GB,register_qualified,True,False,1
7a3c68593e,GB,none,False,False,0
5b06dc23ab,GB,none,False,False,0
58d97f9a45,GB,none,False,False,0
418c632002,GB,none,False,False,0
e0cc22fb44,GB,register_qualified,True,False,1
63e6e99182,GB,none,False,False,0
03cd619b0b,GB,none,False,False,0
123c9a567a,GB,none,False,False,0
78b15cdb86,GB,none,False,False,0
0d4a1dd486,GB,none,False,False,0
757040b1db,GB,none,False,False,0
d407175cef,GB,none,False,False,0
65d2f26e7e,GB,register_qualified,True,False,1
7ea7a9f95e,GB,register_qualified,True,False,1
5b78266f85,GB,none,False,False,0
bc95cab2bd,GB,none,False,False,0
ee68cafc2c,GB,none,False,False,0
75b1f90820,GB,none,False,False,0
9eaf15ebc4,GB,register_qualified,True,False,1
86548e30b5,GB,none,False,False,0
1b4402de39,GB,none,False,False,0
5f4520ab98,GB,register_qualified,True,False,1
5f166fc6ae,GB,none,False,False,0
ca62e43cfa,GB,none,False,False,0
50260b2f9b,GB,none,False,False,0
28c94c4ea8,GB,none,False,False,0
3c08bad04d,GB,none,False,False,0
d496942bac,GB,register_qualified,True,False,1
09f11a464d,GB,none,False,False,0
ef8e815dc1,GB,none,False,False,0
1ef28a3a3b,GB,none,False,False,0
a97ef167d7,GB,none,False,False,0
a992624f25,GB,none,False,False,0
95e5181080,GB,none,False,False,0
e044f76386,GB,none,False,False,0
1c71606b57,GB,register_qualified,True,False,1
a83e20ed88,GB,none,False,False,0
4507539ccb,GB,none,False,False,0
457e380ae1,GB,none,False,False,0
89798d85a2,GB,none,False,False,0
69c9545429,GB,none,False,False,0
845df44d81,GB,register_qualified,True,False,1
7e844cb24f,GB,none,False,False,0
6eebd9cb49,GB,none,False,False,0
69331bb99f,GB,none,False,False,0
1b53d580d6,GB,none,False,False,0
27f421ea61,GB,none,False,False,0
8fe9a5b0ab,GB,none,False,False,0
2b33c46f20,GB,none,False,False,0
2f26802dcf,GB,none,False,False,0
240fc11364,GB,none,False,False,0
afd4594ca2,GB,none,False,False,0
47560f05d8,GB,none,False,False,0
19b2ffb579,GB,none,False,False,0
9e479e02ca,GB,none,False,False,0
33524d5f8f,GB,register_qualified,True,False,1
19bd81a516,GB,none,False,False,0
479b8d8573,GB,none,False,False,0
10bd648418,GB,none,False,False,0
e2475d25f2,GB,none,False,False,0
15737f9cdb,GB,register_qualified,True,False,1
9fcb2345f4,GB,none,False,False,0
868918bd3c,GB,none,False,False,0
54eede6f82,GB,none,False,False,0
ced5095109,GB,none,False,False,0
ea547499fb,GB,none,False,False,0
b0ad162337,GB,none,False,False,0
a1ada56f1c,GB,register_qualified,True,False,1
50aeac0bc5,GB,none,False,False,0
4d423c7fef,GB,none,False,False,0
1329c7e839,GB,none,False,False,0
edc667d21c,GB,none,False,False,0
e0840c853c,GB,none,False,False,0
7709656d92,GB,none,False,False,0
8e3624812a,GB,none,False,False,0
ad5cbb3d20,GB,none,False,False,0
3bb4944b07,GB,register_qualified,True,False,1
7a8dff1f8f,GB,none,False,False,0
ac91615f28,GB,none,False,False,0
7e792801e1,GB,none,False,False,0
311b76ea96,GB,none,False,False,0
9771005768,GB,none,False,False,0
5d91f40b56,GB,register_qualified,True,False,1
5747db436d,GB,register_qualified,True,True,2
2a0e8e8a4f,GB,none,False,False,0
26bbb23a62,GB,none,False,False,0
306c7e652a,GB,none,False,False,0
bd944b1796,GB,none,False,False,0
6ef9b79df4,GB,none,False,False,0
1f5acb0d48,GB,none,False,False,0
fc5d153bb5,GB,none,False,False,0
4e960d2271,GB,none,False,False,0
e30cef7b86,GB,none,False,False,0
385fb4c69f,GB,none,False,False,0
31e4192b2a,GB,none,False,False,0
3401dcd899,GB,register_qualified,True,False,1
b5f0cb95a6,GB,none,False,False,0
6da034ca43,GB,none,False,False,0
4461f8205d,GB,none,False,False,0
b227abbc61,GB,none,False,False,0
0510e46f5d,GB,none,False,False,0
f656c5e618,GB,none,False,False,0
8a7737e3fc,GB,none,False,False,0
8b71905e4f,GB,none,False,False,0
440c4156ac,GB,none,False,False,0
9c13096c59,GB,none,False,False,0
40221f0c7e,GB,none,False,False,0
cf14aff7fb,GB,none,False,False,0
3207f7361f,GB,none,False,False,0
8948961977,GB,none,False,False,0
d9e6ffdc16,GB,none,False,False,0
0d7d73336f,GB,register_qualified,True,False,1
840c9c3bd3,GB,register_qualified,True,False,1
4478839332,GB,register_qualified,True,False,1
2c84d5cbe0,GB,none,False,False,0
3a280e37b4,GB,none,False,False,0
2ea31327b4,GB,register_qualified,True,False,1
22e9bee343,GB,none,False,False,0
54bb212c3f,GB,none,False,False,0
945381d22c,GB,none,False,False,0
4cee92776c,GB,none,False,False,0
73a0c725c9,GB,none,False,False,0
58be83fb33,GB,none,False,False,0
7d2a72ebc1,GB,none,False,False,0
40c1a27d72,GB,none,False,False,0
e7bff9e221,GB,none,False,False,0
842ba29e73,GB,none,False,False,0
7fc5f05569,GB,none,False,False,0
cf1c94072a,GB,none,False,False,0
b69cd7a672,GB,none,False,False,0
b2531f3f5f,GB,none,False,False,0
ea9fffe509,GB,register_qualified,True,False,1
56673a84eb,GB,none,False,False,0
ecf108b4d8,GB,register_qualified,True,False,1
9ce8570b7c,GB,register_qualified,True,False,1
d7f8d3734d,GB,none,False,False,0
3cba100c34,GB,none,False,False,0
0bba23a265,GB,none,False,False,0
a1a83b8d7c,GB,none,False,False,0
d91334b151,GB,none,False,False,0
c5453496be,GB,none,False,False,0
4388a1bef4,GB,register_qualified,True,False,1
d716fb6985,GB,register_qualified,True,False,1
bf22e610d3,GB,none,False,False,0
60da7c686e,GB,none,False,False,0
1b5e5f061d,GB,none,False,False,0
b396ae3fad,GB,register_qualified,True,False,1
cc05b8a83d,GB,none,False,False,0
fa723eb1f5,GB,none,False,False,0
060157bdc5,GB,none,False,False,0
04979a273a,GB,none,False,False,0
930425d7fd,GB,none,False,False,0
d09ff3c0fc,GB,none,False,False,0
c9f246b611,GB,none,False,False,0
4616af96e8,GB,none,False,False,0
f472e5f2a2,GB,none,False,False,0
7c15588c8c,GB,none,False,False,0
6879c7caee,GB,none,False,False,0
a9ce9f0222,GB,none,False,False,0
76df197acc,GB,none,False,False,0
fbbdad6970,GB,none,False,False,0
32503b07ca,GB,register_qualified,True,False,1
112207cc6f,GB,none,False,False,0
a8b3c35e2b,GB,none,False,False,0
9f89126907,GB,none,False,False,0
2ddad975d0,GB,none,False,False,0
6938939b26,GB,none,False,False,0
3ad885a766,GB,none,False,False,0
204c0d52a7,GB,none,False,False,0
7049d9ccad,GB,none,False,False,0
0c3ade2315,GB,none,False,False,0
0314afb692,GB,none,False,False,0
07380b3929,GB,none,False,False,0
161ea9e446,GB,none,False,False,0
a5db8b4bfa,GB,register_qualified,True,False,1
b1d846ad48,GB,register_qualified,True,False,1
cf8583e27e,GB,none,False,False,0
4bdcbe7b22,GB,none,False,False,0
6e435537b8,GB,none,False,False,0
ffc8bb934f,GB,none,False,False,0
163d6acc85,GB,none,False,False,0
f757a6225e,GB,none,False,False,0
1111616572,GB,none,False,False,0
8349721846,GB,register_qualified,True,False,1
6e87d46f66,GB,none,False,False,0
6b6f5e595f,GB,none,False,False,0
ab38a3391e,GB,none,False,False,0
7174f1ae76,GB,none,False,False,0
1436f3327d,GB,none,False,False,0
359b90ab26,GB,none,False,False,0
b0ecb69683,GB,register_qualified,True,False,1
f4e03b5a5a,GB,none,False,False,0
f663c2ed21,GB,none,False,False,0
6e0073ae3d,GB,none,False,False,0
54ad1b4390,GB,none,False,False,0
dbf11c46be,GB,register_qualified,True,False,1
c884bafd2c,GB,none,False,False,0
411fe1f82f,GB,none,False,False,0
328fad7a6a,GB,none,False,False,0
b0a0e26ece,GB,none,False,False,0
f7982d0ce4,GB,none,False,False,0
e03183d851,GB,none,False,False,0
4bd0228e3e,GB,register_qualified,True,False,1
5be52b56dd,GB,register_qualified,True,False,1
9f9dee88ff,GB,none,False,False,0
db8e16f9ab,GB,none,False,False,0
3895e8b77a,GB,register_qualified,True,False,1
4d88d0aabb,GB,none,False,False,0
ea6234dcc0,GB,none,False,False,0
99f90d6f82,GB,none,False,False,0
d07056af33,GB,register_qualified,True,False,1
1fe848db88,GB,none,False,False,0
a3beaa761c,GB,none,False,False,0
4a36259ad2,GB,none,False,False,0
14326a7c73,GB,none,False,False,0
e09e30847e,GB,none,False,False,0
906807f1f0,GB,none,False,False,0
241e48ab48,GB,none,False,False,0
50e331bb85,GB,none,False,False,0
54058248a3,GB,none,False,False,0
46b1652594,GB,register_qualified,True,False,1
d12e8441c4,GB,none,False,False,0
ec99e9ae19,GB,none,False,False,0
90794be3b6,GB,none,False,False,0
aea991a302,GB,none,False,False,0
8fd6b4412a,GB,none,False,False,0
dc9dfc69bf,GB,none,False,False,0
dff5426ff4,GB,none,False,False,0
1a4c23c571,GB,register_qualified,True,False,1
e14fccd75b,GB,none,False,False,0
454dff9395,GB,none,False,False,0
77bcf08714,GB,none,False,False,0
a13c177975,GB,none,False,False,0
eb34205309,GB,none,False,False,0
2c30f12e0f,GB,none,False,False,0
b014abadd5,GB,none,False,False,0
efc4f3054d,GB,none,False,False,0
f5916cc559,GB,none,False,False,0
183b2ef9e2,GB,none,False,False,0
044f55032d,GB,none,False,False,0
d052684cb2,GB,none,False,False,0
999d8590dc,GB,none,False,False,0
52f97ea7eb,GB,none,False,False,0
f8ff840a95,GB,none,False,False,0
b48fd8f481,GB,none,False,False,0
fff66b38ee,GB,none,False,False,0
2dfcacba69,GB,none,False,False,0
54b37bf749,GB,register_qualified,True,False,1
7d350198b2,GB,register_qualified,True,False,1
34a968a871,GB,none,False,False,0
de266f2bd6,GB,none,False,False,0
085517b895,GB,none,False,False,0
41e5aaca5b,GB,none,False,False,0
b45d7dad3b,GB,none,False,False,0
d95dd6c984,GB,register_qualified,True,False,1
420c88a247,GB,none,False,False,0
0614f3e10d,GB,register_qualified,True,False,1
a2d992e9f6,GB,none,False,False,0
8ff514ee9f,GB,none,False,False,0
14751aaeda,GB,none,False,False,0
c65adaa60b,GB,none,False,False,0
5cea9e9f74,GB,none,False,False,0
09114fd092,GB,register_qualified,True,False,1
6b106a6690,GB,none,False,False,0
de2d76ef27,GB,none,False,False,0
a2294a0c60,GB,none,False,False,0
87b4be6917,GB,register_qualified,True,False,1
1a2ab351c9,GB,register_qualified,True,False,1
c869991416,GB,none,False,False,0
51dda64b42,GB,none,False,False,0
4dae18bc59,GB,none,False,False,0
fb7618b2b3,GB,none,False,False,0
5b0642e37c,GB,none,False,False,0
8afa071328,GB,none,False,False,0
77ebd71d40,GB,none,False,False,0
433360d0f4,GB,register_qualified,True,False,1
b9499da4ed,GB,none,False,False,0
d259f0b5f9,GB,none,False,False,0
ea3d4efb5d,GB,none,False,False,0
ab022115a1,GB,none,False,False,0
8506ae0fa1,GB,none,False,False,0
d7381d4335,GB,none,False,False,0
f932e2e2fc,GB,register_qualified,True,False,1
8c8a3c0520,GB,register_qualified,True,False,1
b5527ced3c,GB,none,False,False,0
39ca153dc3,GB,none,False,False,0
60c85b39a3,GB,none,False,False,0
d46790fa4b,GB,register_qualified,True,False,1
42abd9c172,GB,register_qualified,True,False,1
858f3af28a,GB,none,False,False,0
73eddcb6a4,GB,none,False,False,0
2144e2b778,GB,none,False,False,0
b83c363c5f,GB,none,False,False,0
3f7911a182,GB,none,False,False,0
126aca527f,GB,none,False,False,0
6ca9bd113f,GB,none,False,False,0
abf4539f65,GB,none,False,False,0
2fc6d3d142,GB,none,False,False,0
310df77e7f,GB,none,False,False,0
5f9810dce3,GB,none,False,False,0
bd0a6f6c4e,GB,register_qualified,True,False,1
cffbf3ec42,GB,none,False,False,0
94fc534702,GB,none,False,False,0
7598b71f56,GB,register_qualified,True,False,1
4df069a9cd,GB,none,False,False,0
9c7178d955,GB,none,False,False,0
4c5c29bc30,GB,none,False,False,0
4abae40b8a,GB,none,False,False,0
180ed9f9f6,GB,none,False,False,0
600f0a8116,GB,register_qualified,True,False,1
5af12aa04b,GB,none,False,False,0
bb96137345,GB,none,False,False,0
0270fade9f,GB,none,False,False,0
ddc0aabae0,GB,none,False,False,0
f3902ce8eb,GB,none,False,False,0
26a940f26d,GB,none,False,False,0
4ab3fcc75f,GB,none,False,False,0
954027a97e,GB,none,False,False,0
7a0d2c9813,GB,none,False,False,0
c04ef8d47d,GB,none,False,False,0
67a153ef24,GB,none,False,False,0
7d31574961,GB,register_qualified,True,False,1
14bff97d27,GB,none,False,False,0
7e16a67a8e,GB,none,False,False,0
59d1ce86f3,GB,none,False,False,0
9b67569f87,GB,none,False,False,0
294cb7c88d,GB,none,False,False,0
a0587b5194,GB,none,False,False,0
48d728b9ae,GB,none,False,False,0
d31a8df4a7,GB,none,False,False,0
da98a2b376,GB,none,False,False,0
abfb22565a,GB,none,False,False,0
63ed1e297f,GB,none,False,False,0
9735bef2fb,GB,none,False,False,0
7cd82b043a,GB,none,False,False,0
9dffa624aa,GB,none,False,False,0
3c577a0f3f,GB,none,False,False,0
f49752edfb,GB,none,False,False,0
1e8341a0a1,GB,none,False,False,0
8c490f0673,GB,register_qualified,True,False,1
bc2093ecb9,GB,none,False,False,0
3930ef8846,GB,none,False,False,0
ff1ec9d15f,GB,register_qualified,True,False,1
890ddd29d8,GB,none,False,False,0
6e5a3120b8,GB,none,False,False,0
be91d968dd,GB,none,False,False,0
a080e3f10e,GB,none,False,False,0
a6dbf05f9f,GB,none,False,False,0
69aa4feca8,GB,none,False,False,0
0afdf2ea0f,GB,none,False,False,0
fb51750945,GB,none,False,False,0
e19aea744f,GB,none,False,False,0
0d8d1acaa5,GB,register_qualified,True,False,1
f140b454f3,GB,none,False,False,0
7b910633b0,GB,none,False,False,0
c5172e5022,GB,register_qualified,True,False,1
99be90fc72,GB,none,False,False,0
b74f74eb94,GB,none,False,False,0
ae2313a8cf,GB,none,False,False,0
fdb4c974a8,GB,none,False,False,0
77fc299f67,GB,none,False,False,0
996e0800ac,GB,none,False,False,0
fafe161dfa,GB,none,False,False,0
d06c8a693d,GB,none,False,False,0
bb2d1ed7f7,GB,none,False,False,0
b4bb517b96,GB,none,False,False,0
22ddee3f2a,GB,none,False,False,0
4a6d8e744d,GB,register_qualified,True,False,1
2abeda6ea2,GB,none,False,False,0
4f376c3171,GB,none,False,False,0
216164162d,GB,none,False,False,0
b60bf24f95,GB,none,False,False,0
bf09e8dcc5,GB,none,False,False,0
773ed2aebf,GB,none,False,False,0
d20ebd6f6b,GB,register_qualified,True,False,1
8aaff5b5a1,GB,none,False,False,0
04d714a8ff,GB,none,False,False,0
4f0425755d,GB,none,False,False,0
7d3fa8e7e3,GB,none,False,False,0
caf074e644,GB,none,False,False,0
c25b76e1cf,GB,none,False,False,0
dd8af74670,GB,none,False,False,0
c84157cf4b,GB,none,False,False,0
ad338c8e58,GB,register_qualified,True,False,1
1bb3f72f2e,GB,none,False,False,0
867d7ccafe,GB,none,False,False,0
ef6b448cab,GB,none,False,False,0
3611ef0dbe,GB,register_qualified,True,False,1
0e6f3b842a,GB,none,False,False,0
c6b9ec391b,GB,none,False,False,0
d9958acc1b,GB,none,False,False,0
4d329d79f9,GB,none,False,False,0
91be3ab3c3,GB,register_qualified,True,False,1
974b66f64e,GB,none,False,False,0
3a4e15b33f,GB,none,False,False,0
938aa555a2,GB,none,False,False,0
8ee300f490,GB,none,False,False,0
754c39f78b,GB,none,False,False,0
a48f95980f,GB,none,False,False,0
39918a8b8b,GB,none,False,False,0
c9269f0241,GB,none,False,False,0
5a9344fd9c,GB,none,False,False,0
b2fd9f3c7e,GB,none,False,False,0
91f5257808,GB,register_qualified,True,False,1
450d100f78,GB,none,False,False,0
69c61aa615,GB,register_qualified,True,False,1
e4cacdcc19,GB,none,False,False,0
6bd3949a8e,GB,none,False,False,0
e2bcf14a3b,GB,none,False,False,0
9ec726d1d7,GB,none,False,False,0
f8497d9157,GB,none,False,False,0
6d69df759d,GB,none,False,False,0
b3c4258a46,GB,none,False,False,0
cc42d7c9d0,GB,none,False,False,0
db05f76773,GB,none,False,False,0
c44fdfb4e5,GB,none,False,False,0
a00818c739,GB,none,False,False,0
bf65747941,GB,none,False,False,0
4808a19b74,GB,none,False,False,0
71e619e7c1,GB,none,False,False,0
2c219d7431,GB,none,False,False,0
c51feaa53f,GB,none,False,False,0
f06448ba84,GB,none,False,False,0
1ec1b5d952,GB,none,False,False,0
eebb0ecdcd,GB,none,False,False,0
28e7bd141c,GB,none,False,False,0
a7434815f9,GB,none,False,False,0
ca84e1ec62,GB,none,False,False,0
7f28113de1,GB,register_qualified,True,False,1
156b0e8a93,GB,none,False,False,0
b0ad3eee2f,GB,register_qualified,True,False,1
3f582ba0de,GB,register_qualified,True,False,1
9f8996d55f,GB,none,False,False,0
67fc534eda,GB,none,False,False,0
fd2448a448,GB,none,False,False,0
c59f3fa5c1,GB,register_qualified,True,False,1
9cd9330979,GB,none,False,False,0
3cd9ea8133,GB,none,False,False,0
64bf517cb3,GB,none,False,False,0
038188210c,GB,none,False,False,0
f36e785005,GB,none,False,False,0
33a1a513db,GB,none,False,False,0
a1bc1f1bb0,GB,none,False,False,0
9124d91769,GB,none,False,False,0
d3c17ab6cc,GB,none,False,False,0
1d5da5bb4c,GB,none,False,False,0
9425dcd0bd,GB,register_qualified,True,False,1
a8e520df52,GB,none,False,False,0
53b9bf1ce7,GB,none,False,False,0
a9f7845af6,GB,register_qualified,True,False,1
9cd1ee4cf7,GB,none,False,False,0
75a2026277,GB,none,False,False,0
2b034ef217,GB,none,False,False,0
b130e6e217,GB,none,False,False,0
eb5409787c,GB,none,False,False,0
df8793cf42,GB,none,False,False,0
c6d0eab402,GB,none,False,False,0
e9f7ef1ef4,GB,none,False,False,0
425794cf36,GB,register_qualified,True,False,1
176dd8d7a6,GB,register_qualified,True,False,1
a64d9a2b48,GB,none,False,False,0
5666c9e208,GB,none,False,False,0
9249d911f3,GB,none,False,False,0
9ed79e986e,GB,none,False,False,0
b8f3c714f0,GB,none,False,False,0
e59ec83b7c,GB,none,False,False,0
d058fafef3,GB,none,False,False,0
55f13066b5,GB,none,False,False,0
fc9bd948cf,GB,none,False,False,0
5a0af3c9f7,GB,none,False,False,0
2705caa89e,GB,none,False,False,0
668a0aba74,GB,none,False,False,0
0aee33b3cc,GB,none,False,False,0
6a24bc5d06,GB,none,False,False,0
0dbce66b4b,GB,none,False,False,0
5c915a8555,GB,none,False,False,0
c24c07cb8d,GB,none,False,False,0
f2108716d8,GB,none,False,False,0
ecb71c98a2,GB,none,False,False,0
a4c75a09da,GB,none,False,False,0
c0ad990d5d,GB,none,False,False,0
a212fcaab7,GB,none,False,False,0
fef9e40b07,GB,none,False,False,0
d519b1ee67,GB,none,False,False,0
7c61f14e5c,GB,none,False,False,0
787b7b5ab5,GB,none,False,False,0
2606ce3fbd,GB,none,False,False,0
034ab37aa4,GB,register_qualified,True,False,1
bfe4aaab20,GB,none,False,False,0
73cef51eac,GB,none,False,False,0
8515c2c49e,GB,register_qualified,True,False,1
adb5e42fca,GB,register_qualified,True,False,1
34b7d3e652,GB,register_qualified,True,False,1
c1e6b9f5d5,GB,none,False,False,0
71be591746,GB,none,False,False,0
0e81906754,GB,register_qualified,True,False,1
b6af445afc,GB,none,False,False,0
506a0add1c,GB,none,False,False,0
52e01d7b48,GB,register_qualified,True,False,1
344581079a,GB,register_qualified,True,False,1
fc3bb4bb02,GB,none,False,False,0
b5ebfd1128,GB,register_qualified,True,False,1
8e393c2bf9,GB,none,False,False,0
2d7ef73f72,GB,none,False,False,0
84e2d33148,GB,none,False,False,0
6473410a41,GB,none,False,False,0
d314f00a61,GB,none,False,False,0
ce9a73214d,GB,none,False,False,0
183d8de0b9,GB,none,False,False,0
ea87880049,GB,register_qualified,True,False,1
01cd19e795,GB,none,False,False,0
1e8334f638,GB,none,False,False,0
8a4fb656d6,GB,none,False,False,0
dd3756644a,GB,none,False,False,0
b36480b636,GB,none,False,False,0
bf626f9bbd,GB,none,False,False,0
61ea5b83ab,GB,none,False,False,0
42670ea35f,GB,none,False,False,0
e226e40b76,GB,none,False,False,0
d8c99008b5,GB,register_qualified,True,False,1
b3efe06265,GB,none,False,False,0
20bc832885,GB,none,False,False,0
70ac99c7ca,GB,none,False,False,0
299d7567ed,GB,none,False,False,0
c7fa574f57,GB,none,False,False,0
e535178919,GB,none,False,False,0
16d6552616,GB,none,False,False,0
7d92a6b8c4,GB,none,False,False,0
4ceb66cbbd,GB,none,False,False,0
0e0cf0ab12,GB,none,False,False,0
371119c969,GB,none,False,False,0
65dda2cbbb,GB,none,False,False,0
ec7fc165f5,GB,none,False,False,0
297eccdc27,GB,none,False,False,0
fc086fa8b2,GB,none,False,False,0
30db6b69b5,GB,register_qualified,True,False,1
3ecbca1514,GB,none,False,False,0
aefa832e1a,GB,none,False,False,0
1297b49de8,GB,none,False,False,0
e60ad7182e,GB,none,False,False,0
a37a21b7c5,GB,none,False,False,0
ef5aaa9531,GB,none,False,False,0
e40dd0aa05,GB,none,False,False,0
585e28b07a,GB,none,False,False,0
f8c7896730,GB,none,False,False,0
10bb28104b,GB,none,False,False,0
a85097023b,GB,none,False,False,0
bd76fc57cb,GB,none,False,False,0
5f5388b78e,GB,none,False,False,0
49818c5907,GB,none,False,False,0
9b2e9844c9,GB,none,False,False,0
3d3b26ee45,GB,none,False,False,0
0a88169fd4,GB,lei_declared,True,False,1
7f4fa5ec6d,GB,none,False,False,0
78620fe18a,GB,none,False,False,0
5526850b42,GB,none,False,False,0
18d70b5f51,GB,register_qualified,True,False,1
846389a326,GB,register_qualified,True,False,1
f27fa1ed13,GB,none,False,False,0
82fb5aada8,GB,none,False,False,0
ba363bc397,GB,none,False,False,0
d5cbe1766c,GB,register_qualified,True,False,1
0556460457,GB,none,False,False,0
bb29b22d6b,GB,none,False,False,0
6c1e11897c,GB,none,False,False,0
d418bec81c,GB,register_qualified,True,False,1
f266c9385d,GB,none,False,False,0
7072c98abb,GB,none,False,False,0
4249386ce5,GB,none,False,False,0
2f4d634f79,GB,none,False,False,0
79d4cbf2ef,GB,none,False,False,0
1f656e4cec,GB,none,False,False,0
847c457e74,GB,none,False,False,0
99a1b89a6b,GB,none,False,False,0
5a1a2ceae1,GB,none,False,False,0
ba59cb004a,GB,none,False,False,0
14b9abe058,GB,register_qualified,True,False,1
8235229aa0,GB,none,False,False,0
d35a9a3c24,GB,none,False,False,0
75248d8020,GB,register_qualified,True,False,1
cb4e21b623,GB,none,False,False,0
b13a79971f,GB,none,False,False,0
a588fb26a8,GB,none,False,False,0
e6f532547c,GB,none,False,False,0
0de54ee297,GB,register_qualified,True,False,1
402dca7c94,GB,register_qualified,True,False,1
5741eb44d6,GB,none,False,False,0
67af9803d1,GB,none,False,False,0
bafa4d6ae3,GB,none,False,False,0
a0728c9dab,GB,none,False,False,0
a66ec3d87a,GB,none,False,False,0
638de08c6c,GB,none,False,False,0
60b14e8aa1,GB,none,False,False,0
9e4e45ff0e,GB,none,False,False,0
0159262fb6,GB,none,False,False,0
0f5bd4b7e2,GB,none,False,False,0
03418bdeeb,GB,none,False,False,0
666954bb1e,GB,none,False,False,0
1e10bfa8ff,GB,none,False,False,0
1a9ac30018,GB,none,False,False,0
5be245ddf9,GB,register_qualified,True,False,1
e6728a3a0d,GB,none,False,False,0
3dfad52ed3,GB,none,False,False,0
a199c9f8d5,GB,none,False,False,0
bdd737d404,GB,none,False,False,0
a0242f9ba7,GB,none,False,False,0
e4c1b84403,GB,none,False,False,0
2938046071,GB,none,False,False,0
9aef22aa3b,GB,register_qualified,True,False,1
20aedc8b79,GB,none,False,False,0
bc0d254c5d,GB,none,False,False,0
3530e2740a,GB,register_qualified,True,False,1
deb3a2fa19,GB,register_qualified,True,False,1
20eef0f606,GB,none,False,False,0
d457963275,GB,none,False,False,0
5685179ab2,GB,none,False,False,0
8bc2f4e5b3,GB,none,False,False,0
86225e33bb,GB,none,False,False,0
9dca32e0f0,GB,register_qualified,True,False,1
7d1720c7a6,GB,none,False,False,0
b412cf3782,GB,none,False,False,0
f9853f454c,GB,register_qualified,True,False,1
9107d79e64,GB,register_qualified,True,False,1
7e6d08bd4c,GB,none,False,False,0
9936300736,GB,register_qualified,True,False,1
35ab55800f,GB,none,False,False,0
19400de70c,GB,none,False,False,0
6482646d69,GB,none,False,False,0
e85e63d9b5,GB,none,False,False,0
b20839f9d5,GB,none,False,False,0
23fbb3264b,GB,none,False,False,0
ee79f0f24b,GB,none,False,False,0
e3ca11df6d,GB,none,False,False,0
4059d64b6a,GB,register_qualified,True,False,1
c6b18b00ab,GB,none,False,False,0
9a515a4581,GB,none,False,False,0
2703699c0a,GB,none,False,False,0
d53f603c06,GB,none,False,False,0
a2d65ee14c,GB,none,False,False,0
273ab28683,GB,none,False,False,0
d81df5928a,GB,none,False,False,0
2fa25de732,GB,none,False,False,0
d9d602a1c5,GB,register_qualified,True,False,1
2c753e0c5b,GB,none,False,False,0
273f826111,GB,none,False,False,0
f269b2293f,GB,none,False,False,0
ee16d5fff8,GB,none,False,False,0
38740db44d,GB,none,False,False,0
bfc5942eae,GB,none,False,False,0
913775903b,GB,none,False,False,0
573862752c,GB,none,False,False,0
b7afe7c734,GB,none,False,False,0
47c81ae2bf,GB,register_qualified,True,False,1
d60ef92d6a,GB,none,False,False,0
984c4360d7,GB,none,False,False,0
31941c8fd0,GB,none,False,False,0
6c37047607,GB,none,False,False,0
5e77a2cd1c,GB,none,False,False,0
7dc046ff6e,GB,none,False,False,0
7c0dc61a9d,GB,none,False,False,0
0ccb3225f1,GB,register_qualified,True,False,1
a9a744a57c,GB,none,False,False,0
2036e89d02,GB,none,False,False,0
27bfd8c6e3,GB,none,False,False,0
c84577ebac,GB,none,False,False,0
f44645a389,GB,none,False,False,0
e12024bcc5,GB,none,False,False,0
ad2857f4f5,GB,none,False,False,0
6c57ba481a,GB,none,False,False,0
ad88efaf18,GB,none,False,False,0
626318fa5a,GB,none,False,False,0
1d17265db3,GB,none,False,False,0
cf43496bce,GB,none,False,False,0
b1491c061b,GB,none,False,False,0
0a0964d5b5,GB,register_qualified,True,False,1
1fba6667f6,GB,none,False,False,0
654449d263,GB,none,False,False,0
245d14e6f0,GB,register_qualified,True,False,1
36456992d8,GB,none,False,False,0
9ee84a6831,GB,none,False,False,0
5654c57c01,GB,none,False,False,0
34ffa9478d,GB,none,False,False,0
0bb3f4284e,GB,none,False,False,0
66662285e8,GB,none,False,False,0
2d3836b6b4,GB,none,False,False,0
c3c3c5066c,GB,none,False,False,0
36c54c64d1,GB,none,False,False,0
a9eb2072d5,GB,register_qualified,True,False,1
2248378c9b,GB,none,False,False,0
05d9f0d413,GB,none,False,False,0
cbf2a9dd7b,GB,none,False,False,0
82129d14e7,GB,register_qualified,True,False,1
5aac7a3649,GB,none,False,False,0
0b47813cf8,GB,none,False,False,0
4b4094bf82,GB,none,False,False,0
98ad3a3106,GB,none,False,False,0
ece5de87b9,GB,none,False,False,0
8d0fdb33a8,GB,none,False,False,0
a63b547447,GB,none,False,False,0
97588d0546,GB,none,False,False,0
e6d4a5ec61,GB,none,False,False,0
d07dae8bbe,GB,none,False,False,0
4d552d77c0,GB,register_qualified,True,False,1
a43e6dec9b,GB,none,False,False,0
35bc70b352,GB,none,False,False,0
50659595a5,GB,register_qualified,True,False,1
d6558b3b52,GB,none,False,False,0
949f13578d,GB,none,False,False,0
a918073360,GB,none,False,False,0
9c6a4872b9,GB,register_qualified,True,False,1
c07cd3c901,GB,none,False,False,0
dfa57443d0,GB,none,False,False,0
e90613926c,GB,none,False,False,0
1e2e2c9db8,GB,none,False,False,0
ecb4896186,GB,none,False,False,0
b0b86073f0,GB,none,False,False,0
58d05df222,GB,none,False,False,0
1f16b5bb3d,GB,none,False,False,0
a4ccf93eae,GB,none,False,False,0
cf04421144,GB,none,False,False,0
d4090b3ea8,GB,register_qualified,True,False,1
1abc596f16,GB,none,False,False,0
355f3b0b44,GB,none,False,False,0
55f03b8008,GB,none,False,False,0
4e3b39731e,GB,none,False,False,0
29d50c0070,GB,none,False,False,0
51f6c1672f,GB,none,False,False,0
1a0a6b8527,GB,none,False,False,0
b582eaaa22,GB,none,False,False,0
5e1af69908,GB,none,False,False,0
d1de622c10,GB,none,False,False,0
db1ab98537,GB,none,False,False,0
673a20cddf,GB,none,False,False,0
5afffd0d86,GB,none,False,False,0
1c026d8c73,GB,none,False,False,0
0e93cc95a6,GB,register_qualified,True,False,1
c8bd1d7dc1,GB,none,False,False,0
81d7fdfc0d,GB,none,False,False,0
02cf8c0639,GB,none,False,False,0
b1255a8cf0,GB,register_qualified,True,False,1
231d90cc53,GB,none,False,False,0
0f6be2d7e7,GB,none,False,False,0
a7df269e50,GB,none,False,False,0
86d53aa678,GB,none,False,False,0
6cd240afbc,GB,none,False,False,0
f4ff6d9001,GB,register_qualified,True,False,1
f34745c9c1,GB,none,False,False,0
11dd4cdf97,GB,none,False,False,0
a294d225ba,GB,none,False,False,0
3facf847b9,GB,none,False,False,0
4212bcf542,GB,register_qualified,True,False,1
2699960406,GB,none,False,False,0
603ab2b9f1,GB,register_qualified,True,False,1
1c288cebce,GB,none,False,False,0
fc2a0e86a6,GB,none,False,False,0
1e2e1f1a50,GB,none,False,False,0
9311c02f00,GB,none,False,False,0
ac21b9c8fe,GB,none,False,False,0
57c6289835,GB,none,False,False,0
1a7d8cc08f,GB,none,False,False,0
5ef4624d67,GB,none,False,False,0
596af4afa1,GB,none,False,False,0
bf02fb20e7,GB,none,False,False,0
505262f3b1,GB,none,False,False,0
fc75266dce,GB,none,False,False,0
743c70ab69,GB,none,False,False,0
25a9ef65b9,GB,none,False,False,0
91a32aa1ad,GB,none,False,False,0
81647f211e,GB,none,False,False,0
9c0f6a6119,GB,none,False,False,0
954ecc93df,GB,register_qualified,True,False,1
f0adbf6735,GB,none,False,False,0
82d05de1ed,GB,none,False,False,0
15d43acec0,GB,none,False,False,0
59f75bd03d,GB,none,False,False,0
54a7eeda0c,GB,register_qualified,True,False,1
69c9fc35a6,GB,none,False,False,0
59191b7250,GB,none,False,False,0
130cea4149,GB,register_qualified,True,False,1
27efe49386,GB,none,False,False,0
7aa5c1f731,GB,none,False,False,0
44fbfae007,GB,register_qualified,True,False,1
cc470f2047,GB,none,False,False,0
95aedb454b,GB,none,False,False,0
531876fc39,GB,none,False,False,0
fac3b9c91d,GB,none,False,False,0
e8f4774d23,GB,none,False,False,0
a133dc1d1a,GB,none,False,False,0
378e9c8c4b,GB,none,False,False,0
9dc4f09ca9,GB,none,False,False,0
3511f5a17f,GB,none,False,False,0
86a9c628e8,GB,none,False,False,0
6e0b7b6d5c,GB,none,False,False,0
5da63c9e7a,GB,none,False,False,0
429afb600f,GB,none,False,False,0
252d54ca56,GB,none,False,False,0
37d0147891,GB,none,False,False,0
357367bf40,GB,none,False,False,0
455f209c61,GB,none,False,False,0
2bd0a92562,GB,none,False,False,0
08cd59a906,GB,none,False,False,0
05ba69b72f,GB,none,False,False,0
f9d47695a0,GB,register_qualified,True,False,1
531d826a86,GB,register_qualified,True,False,1
098c5cad97,GB,none,False,False,0
6344eb81de,GB,none,False,False,0
1a5a1287a7,GB,none,False,False,0
31bad3bdc4,GB,register_qualified,True,False,1
70cb00dab7,GB,none,False,False,0
aa6c9167c6,GB,register_qualified,True,False,1
f0c1ab852a,GB,none,False,False,0
f5ef4df2cf,GB,none,False,False,0
38133d4653,GB,none,False,False,0
78c748d254,GB,register_qualified,True,False,1
41f4bfdcfd,GB,register_qualified,True,False,1
3322cc32be,GB,none,False,False,0
281e26c559,GB,register_qualified,True,False,1
f2a7219bc0,GB,register_qualified,True,False,1
761af12a55,GB,none,False,False,0
67a9401932,GB,none,False,False,0
4b1cb91ca6,GB,none,False,False,0
132f2c5185,GB,none,False,False,0
ca4dae1624,GB,register_qualified,True,False,1
919a233bcf,GB,none,False,False,0
b9796688fd,GB,none,False,False,0
ca828dce30,GB,none,False,False,0
f0d4569e59,GB,none,False,False,0
de074753dd,GB,none,False,False,0
09a590cbad,GB,none,False,False,0
a6f5fa2c3d,GB,none,False,False,0
eb8182e8b8,GB,register_qualified,True,False,1
4eaae9915c,GB,none,False,False,0
168eb4bc8f,GB,none,False,False,0
9c667c3c15,GB,none,False,False,0
f3e50d9566,GB,none,False,False,0
f492cd8504,GB,none,False,False,0
d16cbfd22b,GB,none,False,False,0
2f1fd83085,GB,none,False,False,0
003580d24d,GB,none,False,False,0
9a6b029924,GB,none,False,False,0
042e023051,GB,none,False,False,0
ee935aa1e8,GB,none,False,False,0
518910fe75,GB,none,False,False,0
19b341105a,GB,none,False,False,0
113a6be270,GB,none,False,False,0
c534eb3154,GB,none,False,False,0
d014711d8a,GB,none,False,False,0
218e760ec8,GB,register_qualified,True,False,1
d30e6fe78e,GB,register_qualified,True,False,1
46e15f1958,GB,none,False,False,0
199cf5bf19,GB,none,False,False,0
932f09e743,GB,none,False,False,0
0327a2b0c3,GB,none,False,False,0
981fa1f426,GB,none,False,False,0
3932f0d8a6,GB,none,False,False,0
f877567e94,GB,none,False,False,0
6641d84ade,GB,none,False,False,0
939780f6ca,GB,none,False,False,0
b0c13400d6,GB,none,False,False,0
54f23b255e,GB,register_qualified,True,False,1
ca5902ef7f,GB,none,False,False,0
fedb9fe22c,GB,none,False,False,0
dcc2c78d3c,GB,none,False,False,0
005c9092b9,GB,none,False,False,0
b10b2c86a2,GB,register_qualified,True,False,1
c5ab096515,GB,none,False,False,0
809316280e,GB,none,False,False,0
b5f816031a,GB,none,False,False,0
b77c4f93b0,GB,none,False,False,0
9371fec1bb,GB,none,False,False,0
53e7da608b,GB,register_qualified,True,False,1
c6d3e8346e,GB,none,False,False,0
df1af86438,GB,none,False,False,0
849999b9ca,GB,none,False,False,0
a74203cb37,GB,register_qualified,True,False,1
00cabc9c31,GB,none,False,False,0
72bb0de252,GB,register_qualified,True,False,1
cd08450c95,GB,none,False,False,0
f17d2ffbbb,GB,none,False,False,0
773c555150,GB,register_qualified,True,False,1
2eed95a811,GB,none,False,False,0
8ba59ccf3a,GB,none,False,False,0
c20250b4e7,GB,none,False,False,0
0636060c10,GB,none,False,False,0
30ebac92e5,GB,none,False,False,0
89f86d53f7,GB,none,False,False,0
d2bca5eada,GB,none,False,False,0
962c697bb9,GB,none,False,False,0
02b78b15e1,GB,none,False,False,0
027f96574a,GB,register_qualified,True,False,1
9d2793ee94,GB,none,False,False,0
3967c86477,GB,none,False,False,0
8e64b4552e,GB,none,False,False,0
88e1177c53,GB,none,False,False,0
420d8c0f46,GB,none,False,False,0
e042991c14,GB,none,False,False,0
fff2959d1b,GB,none,False,False,0
8d6e0af37d,GB,none,False,False,0
3ea17e9dc6,GB,none,False,False,0
ca660819b0,GB,none,False,False,0
e3513a1f75,GB,register_qualified,True,False,1
3909d22eeb,GB,none,False,False,0
9f07ee6652,GB,register_qualified,True,False,1
c80942d1f0,GB,none,False,False,0
5bc1fc38c5,GB,none,False,False,0
d3b958eca1,GB,none,False,False,0
2d701e3ac3,GB,none,False,False,0
403410379a,GB,none,False,False,0
5bd400b3d0,GB,none,False,False,0
cd199a5900,GB,none,False,False,0
c70c4e4b9c,GB,none,False,False,0
af070b550b,GB,none,False,False,0
1ab4130d14,GB,none,False,False,0
bdc9300c49,GB,none,False,False,0
cc5024b5d9,GB,none,False,False,0
8384c99c03,GB,none,False,False,0
ccd26f102e,GB,register_qualified,True,False,1
2423c9007b,GB,none,False,False,0
970be67a23,GB,none,False,False,0
a46af7b0c9,GB,none,False,False,0
4d3f4d3961,GB,register_qualified,True,False,1
ec36825856,GB,none,False,False,0
2a1bd20f1d,GB,register_qualified,True,False,1
ca830c854c,GB,none,False,False,0
f3cdaa5b28,GB,register_qualified,True,False,1
ec05f895ae,GB,none,False,False,0
6cebceed54,GB,none,False,False,0
8f014b5242,GB,none,False,False,0
2e874a6ea1,GB,register_qualified,True,False,1
e0a24994c2,GB,register_qualified,True,False,1
3406b70574,GB,none,False,False,0
2b56c77e09,GB,none,False,False,0
689da41dd2,GB,register_qualified,True,False,1
331c5a3386,GB,none,False,False,0
0ae61133aa,GB,none,False,False,0
ddb70aed07,GB,none,False,False,0
e56ca6d484,GB,none,False,False,0
abddb318b8,GB,register_qualified,True,False,1
30f796530b,GB,none,False,False,0
74f4fa005d,GB,none,False,False,0
5f7d4eb77f,GB,none,False,False,0
5718875d7a,GB,none,False,False,0
3e46833b63,GB,none,False,False,0
e9e97116b7,GB,none,False,False,0
e0486978cc,GB,register_qualified,True,False,1
6b09d3b3cf,GB,none,False,False,0
a39017c9bd,GB,none,False,False,0
ae8242e5cb,GB,register_qualified,True,False,1
70e19cd57c,GB,none,False,False,0
ce95388c7f,GB,register_qualified,True,False,1
26b36309f2,GB,none,False,False,0
af93752904,GB,register_qualified,True,False,1
bc8cc5a08e,GB,register_qualified,True,False,1
0cfe97be2f,GB,none,False,False,0
81a590e11d,GB,none,False,False,0
46c8fb428f,GB,none,False,False,0
1183bada84,GB,none,False,False,0
d4f6524f72,GB,none,False,False,0
5fd7d4f6fd,GB,none,False,False,0
6cc3fc6c01,GB,none,False,False,0
1145a4fc1a,GB,none,False,False,0
73a64040a2,GB,register_qualified,True,False,1
46551f0f2d,GB,none,False,False,0
72c22715e3,GB,none,False,False,0
d15a5e9cb2,GB,none,False,False,0
2aae8c345b,GB,none,False,False,0
61ebe7eda5,GB,none,False,False,0
f6b2b19a10,GB,register_qualified,True,False,1
7490a6e29c,GB,none,False,False,0
9ef22be75f,GB,none,False,False,0
3ee40de4e6,GB,none,False,False,0
bae5ca95bc,GB,none,False,False,0
25c33f3d21,GB,none,False,False,0
e442305e19,GB,none,False,False,0
b59c07205b,GB,none,False,False,0
d468633759,GB,none,False,False,0
13d2ec7a29,GB,none,False,False,0
33387f3a9b,GB,none,False,False,0
7d586efacd,GB,none,False,False,0
c54f2b9931,GB,none,False,False,0
4ca3aadb38,GB,none,False,False,0
5fde9b7c7c,GB,none,False,False,0
ada6defb81,GB,none,False,False,0
e1277cc203,GB,none,False,False,0
b3ddf10024,GB,none,False,False,0
bb6265ccfa,GB,register_qualified,True,False,1
a979739f47,GB,none,False,False,0
f721ee8d27,GB,none,False,False,0
c56c1d0b08,GB,none,False,False,0
ca919653c6,GB,none,False,False,0
7e0338c521,GB,none,False,False,0
ac5154cc92,GB,none,False,False,0
4cae9dc859,GB,none,False,False,0
7a6ffad671,GB,none,False,False,0
e16b50fc1c,GB,none,False,False,0
f12da7da59,GB,register_qualified,True,False,1
9292ff71c0,GB,none,False,False,0
616a98768f,GB,none,False,False,0
7a3178c94a,GB,none,False,False,0
1d59512cf3,GB,none,False,False,0
0603295833,GB,none,False,False,0
5fdfb6d594,GB,register_qualified,True,False,1
aa1067459b,GB,none,False,False,0
e8642d4a60,GB,none,False,False,0
c21ce85fc4,GB,none,False,False,0
c960549335,GB,none,False,False,0
09198594b5,GB,none,False,False,0
cd58289385,GB,none,False,False,0
5570931d1d,GB,none,False,False,0
2e7b4bb61a,GB,none,False,False,0
0fe1d38897,GB,none,False,False,0
f34c47b8f5,GB,none,False,False,0
0dfa39e826,GB,none,False,False,0
72ee1baa5b,GB,none,False,False,0
a5181229e5,GB,none,False,False,0
0aa705bd3a,GB,none,False,False,0
b5b29a3514,GB,none,False,False,0
c3b4ef4835,GB,register_qualified,True,False,1
d567637de6,GB,none,False,False,0
2fcd94d3d1,GB,none,False,False,0
f79b3e7ebf,GB,none,False,False,0
0b30eaf54a,GB,none,False,False,0
18cb98e07c,GB,none,False,False,0
1b6d33be4d,GB,none,False,False,0
e34d9e1e65,GB,none,False,False,0
e8099263f8,GB,register_qualified,True,False,1
5d541a3ef8,GB,register_qualified,True,False,1
2cf51ecb29,GB,none,False,False,0
8c487af9fc,GB,none,False,False,0
d393d01ca7,GB,none,False,False,0
870bbd7ecc,GB,register_qualified,True,False,1
dece1d9c2a,GB,register_qualified,True,False,1
d4a121e2a0,GB,none,False,False,0
cd0e16c2c4,GB,none,False,False,0
e680b67df4,GB,register_qualified,True,False,1
f45f661a0e,GB,none,False,False,0
57ce74f5ea,GB,register_qualified,True,False,1
f0c25c3942,GB,none,False,False,0
df77a290a1,GB,none,False,False,0
cc858b5d63,GB,none,False,False,0
cf0a7a8f4c,GB,none,False,False,0
d2c7d5ffed,GB,none,False,False,0
3f29986503,GB,none,False,False,0
bd9fa4e24a,GB,none,False,False,0
8c3b0bf2b8,GB,none,False,False,0
5f6de53fe6,GB,register_qualified,True,False,1
7c5f09f5da,GB,none,False,False,0
3f960a1888,GB,none,False,False,0
2901e0ae7e,GB,none,False,False,0
07f5aff294,GB,none,False,False,0
a74d8f5d62,GB,none,False,False,0
b3dab6e57b,GB,none,False,False,0
77e4996c05,GB,none,False,False,0
6cd56f4145,GB,none,False,False,0
5c0d8dc7eb,GB,none,False,False,0
e8acac58af,GB,none,False,False,0
4b2015839b,GB,none,False,False,0
281faaa9f3,GB,none,False,False,0
aefe614d14,GB,none,False,False,0
f41aa8f8e2,GB,none,False,False,0
37b86405ab,GB,none,False,False,0
fe93cbcc76,GB,none,False,False,0
8a001677b5,GB,none,False,False,0
43e63d22e4,GB,none,False,False,0
398168db66,GB,none,False,False,0
b3260cc68b,GB,none,False,False,0
404499012e,GB,none,False,False,0
a2abad6dcb,GB,register_qualified,True,False,1
1fb0090720,GB,none,False,False,0
651509139e,GB,none,False,False,0
82b630bc1e,GB,none,False,False,0
78cf241557,GB,none,False,False,0
654a987e2e,GB,register_qualified,True,False,1
8167c6bb7c,GB,none,False,False,0
5031008838,GB,none,False,False,0
964354703e,GB,none,False,False,0
8e196299ca,GB,none,False,False,0
ba9faafcd2,GB,none,False,False,0
ba16b5a165,GB,none,False,False,0
e168d42000,GB,register_qualified,True,False,1
9b063184fa,GB,none,False,False,0
f61878a631,GB,none,False,False,0
097eadc144,GB,none,False,False,0
c2e9b502f4,GB,none,False,False,0
4c4d76fab1,GB,none,False,False,0
ec31060214,GB,none,False,False,0
11d31af941,GB,none,False,False,0
0e49b1d1bd,GB,register_qualified,True,False,1
ddb266a15b,GB,none,False,False,0
1e73ea7d52,GB,none,False,False,0
9cf8380ebb,GB,none,False,False,0
d5a1ff6ca8,GB,none,False,False,0
834afe1a6a,GB,none,False,False,0
5c9e118ee5,GB,none,False,False,0
5d52da18d6,GB,none,False,False,0
e0ef0db05c,GB,none,False,False,0
53751e167b,GB,register_qualified,True,False,1
9a0da5785f,GB,register_qualified,True,False,1
ff50966be6,GB,none,False,False,0
bf0b45a547,GB,none,False,False,0
d5e3afdaf5,GB,none,False,False,0
a21764d314,GB,register_qualified,True,False,1
bbaf8a884c,GB,none,False,False,0
5fc35b6a2b,GB,none,False,False,0
7060c64249,GB,register_qualified,True,False,1
fb109f7661,GB,register_qualified,True,False,1
79f9e3c98a,GB,none,False,False,0
fa4c326f7f,GB,none,False,False,0
9b2831c0ca,GB,none,False,False,0
ccfd36722b,GB,none,False,False,0
8c996433b4,GB,none,False,False,0
333fa2974d,GB,register_qualified,True,False,1
f904cec508,GB,none,False,False,0
3708614154,GB,none,False,False,0
f22f26e1f2,GB,none,False,False,0
3467dd7616,GB,register_qualified,True,False,1
6b95e3b781,GB,none,False,False,0
25812b195f,GB,none,False,False,0
a5b5841977,GB,register_qualified,True,False,1
d636d699e5,GB,register_qualified,True,False,1
c82e53ddf4,GB,none,False,False,0
5a1c3b65e9,GB,none,False,False,0
040f410bb3,GB,none,False,False,0
7f7cf2b3d1,GB,none,False,False,0
0b04f59d5f,GB,none,False,False,0
83805b5922,GB,none,False,False,0
7d8d80e3ae,GB,none,False,False,0
b82efc6fbe,GB,none,False,False,0
2f51ee54f9,GB,none,False,False,0
2668e1a393,GB,none,False,False,0
c7c5ac5a96,GB,none,False,False,0
8a839b0922,GB,none,False,False,0
0af59f9210,GB,none,False,False,0
abfe00c011,GB,register_qualified,True,False,1
80001d1575,GB,none,False,False,0
2a18284555,GB,none,False,False,0
1ec9891257,GB,none,False,False,0
5dc5aab6c3,GB,none,False,False,0
4081192c00,GB,none,False,False,0
c8ca56b76b,GB,none,False,False,0
4d772b8784,GB,none,False,False,0
5ac57a8114,GB,none,False,False,0
6f913176b1,GB,none,False,False,0
b07a73893f,GB,none,False,False,0
4a2092d4e1,GB,none,False,False,0
90d5212733,GB,none,False,False,0
7b3f3aab11,GB,none,False,False,0
1a8073597e,GB,none,False,False,0
3d2d9de5dd,GB,none,False,False,0
1daafc88d6,GB,none,False,False,0
7e518f9969,GB,none,False,False,0
d3e0c22ebe,GB,none,False,False,0
4e452ea22c,GB,register_qualified,True,False,1
f017dff0c9,GB,none,False,False,0
29a40b2e0e,GB,none,False,False,0
781ec9b731,GB,none,False,False,0
87091fbced,GB,register_qualified,True,False,1
a9a8a9555e,GB,none,False,False,0
905d721dbd,GB,none,False,False,0
fd026e2e90,GB,none,False,False,0
f21495f27c,GB,none,False,False,0
18b283f2a4,GB,none,False,False,0
944bfeb5c5,GB,register_qualified,True,False,1
7251931879,GB,none,False,False,0
d0a8792abf,GB,none,False,False,0
634ace4ebf,GB,none,False,False,0
6cedcdc180,GB,none,False,False,0
5772f8d45f,GB,none,False,False,0
c70c27c03b,GB,none,False,False,0
894c27f813,GB,none,False,False,0
514862bd49,GB,none,False,False,0
0d98ecc149,GB,none,False,False,0
fd96a642e0,GB,none,False,False,0
30862257fc,GB,none,False,False,0
074100a145,GB,none,False,False,0
0086e590a5,GB,none,False,False,0
2f5d2c8c2b,GB,none,False,False,0
3978e9a79d,GB,none,False,False,0
086a253878,GB,none,False,False,0
774346c600,GB,none,False,False,0
69388fe461,GB,none,False,False,0
b848371253,GB,none,False,False,0
95d05f2cce,GB,none,False,False,0
f370b6a205,GB,none,False,False,0
4b0a5945d7,GB,none,False,False,0
af6ab94d4b,GB,register_qualified,True,False,1
340398470c,GB,none,False,False,0
bfc48999e4,GB,none,False,False,0
49479ef205,GB,none,False,False,0
9b9d7539d9,GB,none,False,False,0
394e5a16e0,GB,none,False,False,0
01a13da72c,GB,none,False,False,0
7d26bdba3e,GB,register_qualified,True,False,1
28bbd3bf8f,GB,none,False,False,0
118c5d1b6c,GB,none,False,False,0
f28072b7c8,GB,none,False,False,0
7286dfaa07,GB,none,False,False,0
0945d2f334,GB,none,False,False,0
489267aef0,GB,none,False,False,0
e334cb6588,GB,none,False,False,0
6447f8db26,GB,register_qualified,True,False,1
dc187a5c2a,GB,none,False,False,0
d46bc15f63,GB,none,False,False,0
f3670c6de6,GB,none,False,False,0
6f3597c59f,GB,register_qualified,True,False,1
d84813670e,GB,none,False,False,0
fda03c95e7,GB,register_qualified,True,False,1
5216ec3777,GB,none,False,False,0
2c85312a8a,GB,none,False,False,0
c27359ae31,GB,none,False,False,0
378873bce6,GB,none,False,False,0
b0f8140b65,GB,none,False,False,0
661ff0dc06,GB,none,False,False,0
9c025144fc,GB,register_qualified,True,False,1
a7b80e9f81,GB,register_qualified,True,False,1
a7fd87c13d,GB,none,False,False,0
557b533300,GB,register_qualified,True,False,1
d81a62d425,GB,none,False,False,0
bd855f637a,GB,none,False,False,0
358300f4d0,GB,none,False,False,0
2893b4c78f,GB,none,False,False,0
c46b34109b,GB,none,False,False,0
b16d803da0,GB,none,False,False,0
9c57dff881,GB,none,False,False,0
197a8c6418,GB,register_qualified,True,False,1
1444fee0e2,GB,none,False,False,0
f444cbb4a3,GB,register_qualified,True,False,1
7d606d6f61,GB,register_qualified,True,False,1
27282757d1,GB,register_qualified,True,False,1
6b5f1c632e,GB,register_qualified,True,False,1
642f0744b6,GB,none,False,False,0
cb1570ab57,GB,none,False,False,0
aeaba2e7bd,GB,none,False,False,0
a942f5be3f,GB,none,False,False,0
5239b4a8f1,GB,register_qualified,True,False,1
eb6ceff10f,GB,none,False,False,0
71e407d1ea,GB,register_qualified,True,False,1
1249e5c2a3,GB,none,False,False,0
e9763aae5e,GB,register_qualified,True,False,1
1fe9c97b55,GB,none,False,False,0
3c7e6e3197,GB,register_qualified,True,False,1
a60fecdb4f,GB,register_qualified,True,False,1
6708f58da7,GB,none,False,False,0
a1bdd36e10,GB,none,False,False,0
61faf702bc,GB,none,False,False,0
62a911cc42,GB,none,False,False,0
df08ce13eb,GB,register_qualified,True,False,1
2e55132f68,GB,register_qualified,True,False,1
83561417ab,GB,none,False,False,0
58217dde1c,GB,register_qualified,True,False,1
602c5e0f3b,GB,none,False,False,0
c3b0c51d70,GB,none,False,False,0
9e689bc264,GB,register_qualified,True,False,1
155c8d065f,GB,none,False,False,0
dd5f30e7b5,GB,none,False,False,0
c223b80838,GB,register_qualified,True,False,1
337b8cd672,GB,none,False,False,0
8ba8b758fc,GB,none,False,False,0
e85c7f1fc6,GB,none,False,False,0
3f24b96bca,GB,register_qualified,True,False,1
cda882cbef,GB,none,False,False,0
80fcd4416e,GB,none,False,False,0
51fdfe4493,GB,none,False,False,0
3c72015ac0,GB,none,False,False,0
edb797df8f,GB,none,False,False,0
7564d9847a,GB,register_qualified,True,False,1
759c2bb379,GB,none,False,False,0
e6382f50eb,GB,none,False,False,0
bc38fbea2a,GB,none,False,False,0
7594af4323,GB,none,False,False,0
ee0d72b48a,GB,register_qualified,True,False,1
d76285bf70,GB,none,False,False,0
31df5a1085,GB,register_qualified,True,False,1
bacf37e281,GB,register_qualified,True,False,1
3427698ad1,GB,none,False,False,0
001270398f,GB,register_qualified,True,False,1
8e16ddc5dc,GB,none,False,False,0
69e7ac0ff8,GB,none,False,False,0
3c163104ca,GB,none,False,False,0
9c895ae726,GB,none,False,False,0
61fe0fd18e,GB,none,False,False,0
48ca78af31,GB,none,False,False,0
a710ec2d3f,GB,register_qualified,True,False,1
bfde8976c6,GB,none,False,False,0
4a5d8e767a,GB,none,False,False,0
307773e790,GB,none,False,False,0
edd680e81f,GB,none,False,False,0
0f42eb5f68,GB,none,False,False,0
5a677c6652,GB,none,False,False,0
7c7f609901,GB,none,False,False,0
e897cf79a0,GB,none,False,False,0
2f9f9bf31d,GB,none,False,False,0
a5b0d1d77f,GB,none,False,False,0
2d20c40235,GB,none,False,False,0
2a659cdf20,GB,none,False,False,0
b069276587,GB,none,False,False,0
5c1f4f1162,GB,none,False,False,0
8f4e44c61c,GB,none,False,False,0
8690a6f531,GB,none,False,False,0
c43e915ead,GB,none,False,False,0
6e5c79e6c4,GB,none,False,False,0
11680b35ba,GB,none,False,False,0
aa8c18f34b,GB,none,False,False,0
